path,split,label,aspect_ratio,blur_score,phash
D:/chest_xray/train/NORMAL/NORMAL2-IM-0771-0001.jpeg,train,NORMAL,1.184397163,2.977420641,c0af3f50e2615d2b38fcc4f039c11387cb493f291a7cc3723cf0da3f46ca598c
D:/chest_xray/train/NORMAL/NORMAL2-IM-0771-0001.jpeg,test,NORMAL,1.111111111,3.40684676,90576baace941a55596a19ac1c77ce5b1bcf96de979594c596e11858928f06e1
D:/chest_xray/train/NORMAL/NORMAL2-IM-0771-0001.jpeg,train,NORMAL,1.180232558,3.270629374,d44a6fe58f911a0e486b47e14897d6e6cf92695a97b54f35b2f082b5061715b8
D:/chest_xray/train/NORMAL/NORMAL2-IM-0771-0001.jpeg,val,NORMAL,1.24354501,3.189670873,80572aa8c7a01a57da6949683965f9fb4942386fd8fe1b0e1869fa7c9e2d3629
D:/chest_xray/train/NORMAL/NORMAL2-IM-0771-0001.jpeg,train,NORMAL,1.394154119,3.267803162,91e8fa05ae02382cd8b45e907ec9d7cc5f2894a0c621542977d8c7cbfddd839e
D:/chest_xray/train/NORMAL/NORMAL2-IM-0771-0001.jpeg,val,NORMAL,1.296654275,3.347193787,c14b36b5cf501e6f69b01cad48e91f26186b8b681e6d4b689e0d6b72d6693a5a
D:/chest_xray/train/NORMAL/NORMAL2-IM-0771-0001.jpeg,val,NORMAL,1.449685535,3.119708336,d4403eb5c7913e402d7f38be3cd26c3924994c32c73c4fb24f34c3a949d2d87e
D:/chest_xray/train/NORMAL/NORMAL2-IM-0771-0001.jpeg,train,NORMAL,1.200960769,3.254547803,c1082bf5c2c80a49782f69ea39f83bc2f3ce1ac6d208e4b93ef13d8790a73ef2
D:/chest_xray/train/NORMAL/NORMAL2-IM-0771-0001.jpeg,train,NORMAL,1.131541726,3.343296398,915f60a086a07a1796667a3739da7e8b697931a1487669e0deb74d7238a15a7c
D:/chest_xray/train/NORMAL/NORMAL2-IM-0771-0001.jpeg,train,NORMAL,1.21415608,3.305496899,915f3ba0c6541856996a59a119a79ad6985a92f8ced33c71f4976e9634b4a732
D:/chest_xray/train/NORMAL/NORMAL2-IM-0771-0001.jpeg,train,NORMAL,1.283185841,3.155852366,917e2be4c6811a5ab868c1657906b19ec79e0f1eb4bcc74cce69b0e1e3462d6e
D:/chest_xray/train/NORMAL/NORMAL2-IM-0771-0001.jpeg,train,NORMAL,1.194701987,3.257028026,d4422cf5c3b53b40ad273c7f3c7be4b42cf0903209e53d2bc7bd4f699824c334
D:/chest_xray/train/NORMAL/NORMAL2-IM-0771-0001.jpeg,val,NORMAL,1.463126844,3.172995986,816fb2f5c7921e5bcc69c9a439e6c192830b79e99261ce5b39e1d2d12d3b92d0
D:/chest_xray/train/NORMAL/NORMAL2-IM-0771-0001.jpeg,test,NORMAL,1.231000752,3.182493924,d00b7c90c7503b0b8c2e2c9038ffc6f37cf7b0ef8e3c092887201c7adde5cf16
D:/chest_xray/train/NORMAL/NORMAL2-IM-0771-0001.jpeg,test,NORMAL,1.267229255,3.201673241,914a2bf5c2801a4bda2f593d1980d1db69db18cbc84b1bf878fd487a34b4bc4f
D:/chest_xray/train/NORMAL/NORMAL2-IM-0771-0001.jpeg,train,NORMAL,1.012578616,3.226548128,905e3a95d2801e4f1d7d1594949286be86dca4b4c6d16ca3f5e74fc2106bf2f9
D:/chest_xray/train/NORMAL/NORMAL2-IM-0771-0001.jpeg,train,NORMAL,1.120567376,3.367781344,98542daac2bf1e50cb284fbd3df0c0f12d50bc824b5a1c2f4b785f7e1a15c7e8
D:/chest_xray/train/NORMAL/NORMAL2-IM-0771-0001.jpeg,val,NORMAL,1.238993711,3.297245232,d0417cbfc6b51b409b02cf0e390fb4796dfc386484f22c1290fbce133c6db36d
D:/chest_xray/train/NORMAL/NORMAL2-IM-0771-0001.jpeg,val,NORMAL,1.055441478,3.329760048,d42b2fd4af122f0b0c3c0cb20c9bc2db4f2dd7b6c3004f01d1f6c3e3c3bc72e9
D:/chest_xray/train/NORMAL/NORMAL2-IM-0771-0001.jpeg,train,NORMAL,1.505112474,3.397822474,d02b7ca5c7903b1a9d6ead253cb6c4c04ed12cdb87cdcf189d259e101e3a1f96
D:/chest_xray/train/NORMAL/NORMAL2-IM-0771-0001.jpeg,test,NORMAL,1.204888569,3.349757593,91576fa0c6851e57ca7c0d6818bbcda17ca5a9fe0f20781acf3c4e38585ec725
D:/chest_xray/train/NORMAL/NORMAL2-IM-0771-0001.jpeg,test,NORMAL,1.268778281,3.361848504,d4026ea5c3954b4ac92dc5f478f2c2d8424d716c97a47b3c697cc644c86df3e9
D:/chest_xray/train/NORMAL/NORMAL2-IM-0771-0001.jpeg,train,NORMAL,1.2219812,3.21447881,d42f7ef4c3da3f00ed3d24942c7ce6d8264ae06dc3c44982c3e9e34b6d83c3f0
D:/chest_xray/train/NORMAL/NORMAL2-IM-0771-0001.jpeg,train,NORMAL,1.385749386,3.352956333,915d6aa006271a5f596a7d29792dc1e46c9ba8be86bb791ad24bc691b310a7e5
D:/chest_xray/train/NORMAL/NORMAL2-IM-0771-0001.jpeg,train,NORMAL,1.203675345,3.210085792,91ea6c818f913a578f720caf08f90ca968e445e35c974992c78749f4c36dcf3d
D:/chest_xray/train/NORMAL/NORMAL2-IM-0771-0001.jpeg,val,NORMAL,1.488964346,3.302022265,955f7ea0ef151b5a892a0da50c9687c34adf8926cf15493c87e54b34b702ce37
D:/chest_xray/train/NORMAL/NORMAL2-IM-0771-0001.jpeg,train,NORMAL,1.105075054,3.256663209,90516daec3b51a50ed2c69ad3df0cdb85951986bcb241a2c9e29dff49c6c9b12
D:/chest_xray/train/NORMAL/NORMAL2-IM-0771-0001.jpeg,val,NORMAL,1.16372796,3.267311842,904b3d85e7943a4ba96d69b438f661f2288b30694fa4396fd7b54b4b34a5c3c1
D:/chest_xray/train/NORMAL/NORMAL2-IM-0771-0001.jpeg,train,NORMAL,1.051041667,3.355815369,994068bac5bf1ac5cb644f00584b47496d0d39fc6db9387e18a36d3f98f25c87
D:/chest_xray/train/NORMAL/NORMAL2-IM-0771-0001.jpeg,val,NORMAL,1.19858156,3.465722259,c111caaac2c35a4bc86ec1b470d2d49b53975d4fd316dfc4f591c6b07b9090fc
D:/chest_xray/train/NORMAL/NORMAL2-IM-0771-0001.jpeg,val,NORMAL,1.122037915,3.261286408,915fa8a0c6a01a45c86e7a59795a61e979e331ee5bc6396e92d07a4a92f8c795
D:/chest_xray/train/NORMAL/NORMAL2-IM-0771-0001.jpeg,train,NORMAL,1.11875,3.299827787,94436eaa83f51b43895abd0f68f5e65c74f462d3875b21e90f57b4344925c92c
D:/chest_xray/train/NORMAL/NORMAL2-IM-0771-0001.jpeg,train,NORMAL,1.213740458,3.257130415,91422bffc2b04a501c2b403a10e29e92d3dedffdfef7e5fd14f11c35842501c3
D:/chest_xray/train/NORMAL/NORMAL2-IM-0771-0001.jpeg,train,NORMAL,1.306625578,3.345440612,811539eac6a11a17f85f496839c7d94fdad3987ad6f14e623461669797038696
D:/chest_xray/train/NORMAL/NORMAL2-IM-0771-0001.jpeg,test,NORMAL,1.270693512,3.240689935,90aabe85975b1d7e0abd0e954cdad6e9cf15e174c384eb34a145a3172ad0aa87
D:/chest_xray/train/NORMAL/NORMAL2-IM-0771-0001.jpeg,train,NORMAL,1.204730229,3.271137152,d55f3eb587b53a520d2a0db42c99ccd54c128d3ecf994d2cc3a4c920c97acbf4
D:/chest_xray/train/NORMAL/NORMAL2-IM-0771-0001.jpeg,train,NORMAL,1.04211793,3.261958528,915f6ca0c7a05a17896a6d3538b891e14e95697a97074b7bb32dd2142d7ab2b5
D:/chest_xray/train/NORMAL/NORMAL2-IM-0771-0001.jpeg,train,NORMAL,1.337529504,3.387475968,904b2bbdc3103a43d82d59ed1de2c8f91a4b9a6fcac81e3a96b587a0b87a5e93
D:/chest_xray/train/NORMAL/NORMAL2-IM-0771-0001.jpeg,train,NORMAL,1.266866567,3.198982945,915f3aa5c2151a5ff9e911a5389793fa1ce19ce0c6952cb7a4ad4786387c8729
D:/chest_xray/train/NORMAL/NORMAL2-IM-0771-0001.jpeg,train,NORMAL,1.261702128,3.127848417,d410b6abe3d51a4aed2e4db414d0c0f95ac3c4afc25b5c0cd0fc4d0ef4964bdb
D:/chest_xray/train/NORMAL/NORMAL2-IM-0771-0001.jpeg,test,NORMAL,1.208955224,3.282387256,915f6fa887953a578f6c29a40cb64cb16c4bc7ab4e0bc96bcac1e878c72c4b70
D:/chest_xray/train/NORMAL/NORMAL2-IM-0771-0001.jpeg,train,NORMAL,1.28245614,3.264692418,91572ba4ca14184bc82c59a5ddfbcf791e79827806003616c7827d9ef797c9c7
D:/chest_xray/train/NORMAL/NORMAL2-IM-0771-0001.jpeg,train,NORMAL,1.112352576,3.302148786,91542beac2c15a57f86f59ac3982c9ab19c290eacef09e70d4f50f729637c703
D:/chest_xray/train/NORMAL/NORMAL2-IM-0771-0001.jpeg,val,NORMAL,1.212376934,3.207206185,814f2b94c2a07a4bda3f6a2978e943f079c278ce4b46795f5bd55b4918519387
D:/chest_xray/train/NORMAL/NORMAL2-IM-0771-0001.jpeg,train,NORMAL,1.161290323,3.262923028,911539eac6fb1a419947c96f397390e949f1384b90da4f5a16bb92dac68596b4
D:/chest_xray/train/NORMAL/NORMAL2-IM-0771-0001.jpeg,train,NORMAL,1.122117848,3.102662569,940bbef5c3941b4a942e46be14db96e94789902f433c7f3c74f845d3340f11d6
D:/chest_xray/train/NORMAL/NORMAL2-IM-0771-0001.jpeg,train,NORMAL,1.173874669,3.195247939,81502abfe2b41b40be4ac83d0c72dc354bd63d87920b4d2e9b2f4a7ec3693a5f
D:/chest_xray/train/NORMAL/NORMAL2-IM-0771-0001.jpeg,train,NORMAL,1.140058766,3.204644884,915f7ea4ce157a7a89e1c785379686a1436192e542f5277bb0bcc798123930ed
D:/chest_xray/train/NORMAL/NORMAL2-IM-0771-0001.jpeg,train,NORMAL,1.006750241,3.202171726,815a29bdc2a05a42d86f78cc59ca79fb59c5308659c6948490fcc7eb9caf3de8
D:/chest_xray/train/NORMAL/NORMAL2-IM-0771-0001.jpeg,train,NORMAL,1.15942029,3.340781749,d40a7ea087b55b02cd2a3c8d6cfc869268d3c7c3879de9d4d3a679b6c1e0307a
D:/chest_xray/train/NORMAL/NORMAL2-IM-0771-0001.jpeg,val,NORMAL,1.132270169,3.300122354,915a7e858fb03a5f1d6a1c3f1c4845f54dd715c14a1459e8d7cb427a51e4c3a7
D:/chest_xray/train/NORMAL/NORMAL2-IM-0771-0001.jpeg,train,NORMAL,1.095188285,3.280788341,d0472db5c6b13a419c3f69983c294cb54d621c7f4f5f1c0fda5a0f0f98a9c178
D:/chest_xray/train/NORMAL/NORMAL2-IM-0771-0001.jpeg,train,NORMAL,1.256029685,3.260528063,800075ee87aa1a158a5d6d3a79a7e5ea4985b046c77a3a0d6d7a7a955ba585e3
D:/chest_xray/train/NORMAL/NORMAL2-IM-0771-0001.jpeg,train,NORMAL,1.220968812,3.204711497,d0a73d5ae3502d25b8366cf03ce558fb29a51c4788e2df149e9add60ae9a9507
D:/chest_xray/train/NORMAL/NORMAL2-IM-0771-0001.jpeg,train,NORMAL,1.197062424,3.232095727,90442baac7a81ad5ba4b696d39a57d8349db194ada7a4b781e6958798b781a57
D:/chest_xray/train/NORMAL/NORMAL2-IM-0771-0001.jpeg,train,NORMAL,1.254001392,3.214432411,91fa7c25c617385a8d6879a53981cf8779869b844e1939e18e4dc96c93c5cf74
D:/chest_xray/train/NORMAL/NORMAL2-IM-0771-0001.jpeg,train,NORMAL,1.178631052,3.233394369,815f2bbd86a03ed7987fca703922d1a76da1b1adc39c8d289278c94b3669d85a
D:/chest_xray/train/NORMAL/NORMAL2-IM-0771-0001.jpeg,train,NORMAL,1.204910293,3.23867489,900a3bb4d6821c4b94f52dc2b5c7e75c2d30e471e5393c85e99f95856d8da5ac
D:/chest_xray/train/NORMAL/NORMAL2-IM-0771-0001.jpeg,train,NORMAL,1.433460076,3.311275778,91422fafeb943b4d496f4dbd1c36443d4f023c2b435a4f0250f5e3c291cfe3f0
D:/chest_xray/train/NORMAL/NORMAL2-IM-0771-0001.jpeg,train,NORMAL,1.055953447,3.706558709,81597ea146a71a4e5a6a4c117869ede578a5b1876e9eb9b86a9eb85a69658c58
D:/chest_xray/train/NORMAL/NORMAL2-IM-0771-0001.jpeg,train,NORMAL,1.06894198,3.158666994,914a3bf5d6a01a43182d11fc1d80978797dd96d58c7d852cac076d6b87be2b4b
D:/chest_xray/train/NORMAL/NORMAL2-IM-0771-0001.jpeg,train,NORMAL,1.274864376,3.283825331,915ebfa8c6941a5a956801c13596c7de2d5a934a4f4b1f6b5fc31f82169646b6
D:/chest_xray/train/NORMAL/NORMAL2-IM-0771-0001.jpeg,val,NORMAL,1.278367347,3.225424965,d50a2db5c3be0f4a8c2fc8b408c2c324cb289b2dc37c6f4ab6c9e3cbe7cd984a
D:/chest_xray/train/NORMAL/NORMAL2-IM-0771-0001.jpeg,train,NORMAL,1.147814018,3.397567072,91536daaea953a516d2e68b06cb04ebd186ec32e4b4e94f94ec598c3d6d25c9a
D:/chest_xray/train/NORMAL/NORMAL2-IM-0771-0001.jpeg,test,NORMAL,1.243243243,3.332458115,955f6ea58f100b1a0d6c4cb56896c4ebc789c9ecc3e8cb1f99ef96971806b489
D:/chest_xray/train/NORMAL/NORMAL2-IM-0771-0001.jpeg,train,NORMAL,1.350130321,3.220958674,905756a8c7b55a17dd7acd2869e5e5d0c6d3695a81e8c6347bf493a50814e972
D:/chest_xray/train/NORMAL/NORMAL2-IM-0771-0001.jpeg,val,NORMAL,1.260638298,3.343378224,d1577faaaeb53a5f8d684da00d86cd964f968c1ec3348b2d8b2743440385b7e6
D:/chest_xray/train/NORMAL/NORMAL2-IM-0771-0001.jpeg,train,NORMAL,1.380108992,3.23342296,d42b34d4c3501f409d2769de3c09e4de2cfa1cb1c8f11da39cfe4dbc1c244d3e
D:/chest_xray/train/NORMAL/NORMAL2-IM-0771-0001.jpeg,train,NORMAL,1.216666667,3.424566956,d04e3fa5c2071e1fb82b4da534946196c6d23f6dd2f44f423c25e3c28d09b6d7
D:/chest_xray/train/NORMAL/NORMAL2-IM-0771-0001.jpeg,val,NORMAL,1.304847987,3.248704139,d42a7eb5875a1f0f0d3f85b42cd3cccd87c10b5c83b0879039b069f296956d7a
D:/chest_xray/train/NORMAL/NORMAL2-IM-0771-0001.jpeg,val,NORMAL,1.329225352,3.202102846,940b3ff4c6b01a0a9c2dd4b43ecc969ec6498e49973dcf7225a130e2694b7eb5
D:/chest_xray/train/NORMAL/NORMAL2-IM-0771-0001.jpeg,train,NORMAL,1.357609711,3.243385695,84fffab187101b0fed7f3db558d0c590de57c958972d5a50cf24b2da298282c1
D:/chest_xray/train/NORMAL/NORMAL2-IM-0771-0001.jpeg,val,NORMAL,1.453608247,3.20237955,d04a2fb5c7101a4b992c49943cd2c6cb4f0b902fcf7abd3a90f4e526396f92f2
D:/chest_xray/train/NORMAL/NORMAL2-IM-0771-0001.jpeg,train,NORMAL,1.335562988,3.160028133,d42b2fd04f810b0f4d3d45b26983ccf7cfcb6d2d92ec4de4927d50f012083e3e
D:/chest_xray/train/NORMAL/NORMAL2-IM-0771-0001.jpeg,train,NORMAL,1.256281407,3.268933948,917a6845dac57a5a5ce85de71de747871a6bd6680e591475961d44358787061f
D:/chest_xray/train/NORMAL/NORMAL2-IM-0771-0001.jpeg,train,NORMAL,1.145931406,3.264521138,d1402bbdc2923b43fc2d69f439e060b5296b1a6dcb5c87209e1561e11e5efe97
D:/chest_xray/train/NORMAL/NORMAL2-IM-0771-0001.jpeg,train,NORMAL,1.189320388,3.744075848,81557fa007af1a1413684f2b7cb63dbb6e8f385429ac8e1669123a8dead8efa1
D:/chest_xray/train/NORMAL/NORMAL2-IM-0771-0001.jpeg,val,NORMAL,1.289272031,3.353297365,9040aebfcbd41e52cf3f4cb41cb2479b15a71b67c36d1b65487194f11c70961e
D:/chest_xray/train/NORMAL/NORMAL2-IM-0771-0001.jpeg,val,NORMAL,1.242559524,3.202120616,817f66a0c6957a57e17a6da06dc5e5c16e97a97a829b6979b0206b14692e91ae
D:/chest_xray/train/NORMAL/NORMAL2-IM-0771-0001.jpeg,train,NORMAL,1.21598878,3.385824099,904f3cb5c7101e4a986dcc2438f690f24e49186f933c4f3c32b4d7c6ef92b4db
D:/chest_xray/train/NORMAL/NORMAL2-IM-0771-0001.jpeg,train,NORMAL,1.353233831,3.34432335,905429aae6811a45d86b69a91ca7c8f719c59867ce741e68de7d6f2939634a79
D:/chest_xray/train/NORMAL/NORMAL2-IM-0771-0001.jpeg,val,NORMAL,1.26848249,3.352566835,d4457debc7bb1a959b42cb6c392cb1ac6a903868e0e5ec54fcb4c0f5bd03a0c9
D:/chest_xray/train/NORMAL/NORMAL2-IM-0771-0001.jpeg,train,NORMAL,1.200992556,3.111576585,915f7ca0c7a01a47c9662d2a39f884e959a598668f26da7b865a462db378c67b
D:/chest_xray/train/NORMAL/NORMAL2-IM-0771-0001.jpeg,train,NORMAL,1.407471764,3.240724091,d0aa7ea0c712193bcd250dd6b9cac6c14f499224c6023122f3e2ef7bfbf89674
D:/chest_xray/train/NORMAL/NORMAL2-IM-0771-0001.jpeg,val,NORMAL,1.159196291,3.335825349,814b3af556a05e537e3fe87a29c43984e39db5833486a52eb7ba3c63342192c7
D:/chest_xray/train/NORMAL/NORMAL2-IM-0771-0001.jpeg,train,NORMAL,1.222659323,3.431559358,914039bfc6551a4aad2f69b438e2c0f61cdb903fca7d3c20d2f84e12b6a5c7da
D:/chest_xray/train/NORMAL/NORMAL2-IM-0771-0001.jpeg,train,NORMAL,1.292682927,3.216113828,d42b3d10cf2b1d2fcdb40cd21c2fc93c1f349a3c43183e34f2c9e70fb0cd658b
D:/chest_xray/train/NORMAL/NORMAL2-IM-0771-0001.jpeg,test,NORMAL,1.259793814,3.186413928,81576ea0e6845a5ac1684d2558d74592de97515e96f0187d11f9867b687db5b3
D:/chest_xray/train/NORMAL/NORMAL2-IM-0771-0001.jpeg,train,NORMAL,1.331811263,3.267500487,c04a3bb5e6101a4b386d49a919c29ccbcb689a6eda78ca783eb19e73a792378b
D:/chest_xray/train/NORMAL/NORMAL2-IM-0771-0001.jpeg,train,NORMAL,1.231939163,3.358466849,90402dbbe6b01a41cd6b486d1de0cc314d79dc4bcb5e1d0bce38cf1e9e8fc3d2
D:/chest_xray/train/NORMAL/NORMAL2-IM-0771-0001.jpeg,train,NORMAL,1.234611954,3.295284048,915e7ba1ce175a5e516d4ea518968584491691acce879e6b97a5cf5691e187a5
D:/chest_xray/train/NORMAL/NORMAL2-IM-0771-0001.jpeg,test,NORMAL,1.269724771,3.193653666,d0537ca1c7d51f02c97ac1b938b690b2c693da5b93a8cb2db57e93844b1294bd
D:/chest_xray/train/NORMAL/NORMAL2-IM-0771-0001.jpeg,train,NORMAL,1.275524476,3.29847258,90552beac2611a55986f59b81cd3ce7b1a6a9e6aca7838707ca1e3f41e96c695
D:/chest_xray/train/NORMAL/NORMAL2-IM-0771-0001.jpeg,train,NORMAL,1.350413223,3.340502631,904a2afdca105a4adc2d5dfd5cd2d0b95b509f6edb781f1812342780bcba5e96
D:/chest_xray/train/NORMAL/NORMAL2-IM-0771-0001.jpeg,train,NORMAL,1.313741064,3.208629366,81522ba8c6155a5fcc684ba15d8fc93f497ad27e4b583f59d265434a1687c7e1
D:/chest_xray/train/NORMAL/NORMAL2-IM-0771-0001.jpeg,test,NORMAL,1.330670927,3.330568228,d00a46bfc7141e0bcd2f0cb50cd2c6c94f16933ec3343b60f7ee43c2b1adc34f
D:/chest_xray/train/NORMAL/NORMAL2-IM-0771-0001.jpeg,train,NORMAL,1.027405248,3.256900592,d95a39a4c6851e47586e4de819a205f389a594d682fc8613947bcf634c7ecb67
D:/chest_xray/train/NORMAL/NORMAL2-IM-0771-0001.jpeg,train,NORMAL,1.08,3.282257598,d0403aff52f81b401c2b00b91de386b983dab74a96dee7dab697e2d26982d25a
D:/chest_xray/train/NORMAL/NORMAL2-IM-0771-0001.jpeg,test,NORMAL,1.021334368,3.388338522,99402fbd426219476cbb3fd8b02de752bf4fc07c0c2118654fb8139bc3c99e4f
D:/chest_xray/train/NORMAL/NORMAL2-IM-0771-0001.jpeg,train,NORMAL,1.267233239,3.313439926,90417daaa3941a50996a49bd38f49cf94b69986fde731a599269c651c2d496bf
D:/chest_xray/train/NORMAL/NORMAL2-IM-0771-0001.jpeg,train,NORMAL,1.238670695,3.253171873,817b6f218f171b7bc1e5539771d6f7593a49b0e3eaf3309280834635f561c640
D:/chest_xray/train/NORMAL/NORMAL2-IM-0771-0001.jpeg,val,NORMAL,1.22513089,3.381588779,946afc0497903f1fad222d34387e2cf02c966cfa2c8f6c9d6da5c78d6b5069e0
D:/chest_xray/train/NORMAL/NORMAL2-IM-0771-0001.jpeg,val,NORMAL,1.05210643,3.19604409,905629aac6a03a45f96f39f838da19e9196498e6cf6b9a6f93694a5a906d4fc1
D:/chest_xray/train/NORMAL/NORMAL2-IM-0771-0001.jpeg,train,NORMAL,1.33790195,3.327958228,d0ad640bc70b3d39cc312c922cd0c6d16cdb6d99c71a6d38e793271e61a6c71f
D:/chest_xray/train/NORMAL/NORMAL2-IM-0771-0001.jpeg,train,NORMAL,1.233062331,3.298266185,914fa1b5c6b41a42bc6fe934392230b86bf13da731c64b0e9cbcdbf40f25386c
D:/chest_xray/train/NORMAL/NORMAL2-IM-0771-0001.jpeg,val,NORMAL,1.264442636,3.318057484,94007abdc3d41b4abc2c8cb03c9290d24ad9982d92b4ce163c38ffd3ef93b3bd
D:/chest_xray/train/NORMAL/NORMAL2-IM-0771-0001.jpeg,train,NORMAL,1.211653813,3.376940042,d0503babc3ae5ad4df494b7f1d694890c9694d91d925cade5b265a1f43a41b68
D:/chest_xray/train/NORMAL/NORMAL2-IM-0771-0001.jpeg,train,NORMAL,1.121232418,3.174885242,8155748887a07a1fe968e56868b0e4d3e48f68d6e70ece3a7a959d2d3ea13956
D:/chest_xray/train/NORMAL/NORMAL2-IM-0771-0001.jpeg,train,NORMAL,1.094682231,3.32837722,d95438aac2eb1a41e80318fb19f2c9e91af4d8429ecffe1ad2f90f41d025c7f1
D:/chest_xray/train/NORMAL/NORMAL2-IM-0771-0001.jpeg,train,NORMAL,1.280632411,3.239663242,80ab2b90c20b786f783469ea39a770ef79eb18f482581eb49efe0fe11c924d33
D:/chest_xray/train/NORMAL/NORMAL2-IM-0771-0001.jpeg,train,NORMAL,1.038520801,3.191370059,815f29a0c6a03a47d867697239eb68f96de138a6c9e28c269ad6cf439e359b62
D:/chest_xray/train/NORMAL/NORMAL2-IM-0771-0001.jpeg,train,NORMAL,1.448163265,3.2272742,d04b6fb487943a4b817c29a538eba6c138c7a5be2e9a6cfa96b42c694de1c272
D:/chest_xray/train/NORMAL/NORMAL2-IM-0771-0001.jpeg,test,NORMAL,1.199570815,3.230770081,c5126aaae2805a4bcd6f4dbd0902c5b74f8390cfc34b1b4b9afd1b68bc03f2f1
D:/chest_xray/train/NORMAL/NORMAL2-IM-0771-0001.jpeg,train,NORMAL,1.037613489,3.28785977,d550283fc2ef0b549f00ea073deff08561debde0d242c16b922de06fc7e0b6d0
D:/chest_xray/train/NORMAL/NORMAL2-IM-0771-0001.jpeg,train,NORMAL,1.15146948,3.532833951,80556ae8d6a05a535c6a51f435b2e6b537f8f42c27a9f5a52dc7e14838d4e84b
D:/chest_xray/train/NORMAL/NORMAL2-IM-0771-0001.jpeg,train,NORMAL,1.044689495,3.237022732,90553ba8d6aa5a97187a51f01986958f97dd958e84be87138529c57dcf075aa5
D:/chest_xray/train/NORMAL/NORMAL2-IM-0771-0001.jpeg,train,NORMAL,1.369769428,3.289198459,90177daac6a11a558878192838a6ddb72d9f1c2f8f091a2a8f55cb29e97cc76b
D:/chest_xray/train/NORMAL/NORMAL2-IM-0771-0001.jpeg,train,NORMAL,1.271356784,3.245551532,91552facc7141a5bcd6949e51986c43a4a689e68c63d1b6db605c3a52d4e7e5f
D:/chest_xray/train/NORMAL/NORMAL2-IM-0771-0001.jpeg,train,NORMAL,1.241199478,3.327322534,90eb3cb4c656386beda86dc18c33c6345f38863c4f041d2fd3dc6b1e922dc34b
D:/chest_xray/train/NORMAL/NORMAL2-IM-0771-0001.jpeg,train,NORMAL,1.325581395,3.324636717,91576da8c7a45a57bc5aee38287694b64f94399e819ecf0a392cc3e14b693916
D:/chest_xray/train/NORMAL/NORMAL2-IM-0771-0001.jpeg,val,NORMAL,1.25613079,3.143689141,91577aa0cee87a57586a59e879d271a84b95199e969dce15946b96979e0f180c
D:/chest_xray/train/NORMAL/NORMAL2-IM-0771-0001.jpeg,test,NORMAL,1.328244275,3.554591275,d1522bad7eb24a437c6b615579d23d87480496fc1078fe7a86b17d4a5a5ec614
D:/chest_xray/train/NORMAL/NORMAL2-IM-0771-0001.jpeg,test,NORMAL,1.395493395,3.171856025,815e6ba0e6177a5ee96969a129a545936953ede8cf70ce79cb614a4c8286c787
D:/chest_xray/train/NORMAL/NORMAL2-IM-0771-0001.jpeg,val,NORMAL,1.047619048,3.281347231,d40a7ea087f53b578d222d2f2c95ae1b3eb46acaa60b6ac16d8f849e619269b6
D:/chest_xray/train/NORMAL/NORMAL2-IM-0771-0001.jpeg,train,NORMAL,1.177884615,3.268416673,81552ba8c6851a55c87e79e0b9ebd3a53847d2eb4a79b079c6d13c7596a24e92
D:/chest_xray/train/NORMAL/NORMAL2-IM-0771-0001.jpeg,train,NORMAL,1.238872404,3.263292141,94416fabe3b51ad50b6a4b2d1c2444364d163c2b4fa94f4b5bd34b706d0f4bf4
D:/chest_xray/train/NORMAL/NORMAL2-IM-0771-0001.jpeg,val,NORMAL,1.214937759,3.214064413,d04a3bf5c2529a4afc2fc6b426d2b61be6bd6634a430e3906f83b487e2c2e786
D:/chest_xray/train/NORMAL/NORMAL2-IM-0771-0001.jpeg,train,NORMAL,1.236120401,3.245445395,915a29a4c2913a43f82f69bc39a379a779c238ebd2ca196a98bc9f9d1da198f0
D:/chest_xray/train/NORMAL/NORMAL2-IM-0771-0001.jpeg,train,NORMAL,1.043390515,3.242217334,994e2bbdc2a01a45083f09f8190b9ab51fa492a787d79cefc6fd4d28983c4f6a
D:/chest_xray/train/NORMAL/NORMAL2-IM-0771-0001.jpeg,train,NORMAL,1.355358582,3.330058982,91553ea0c6b11a5f98784da11853cc7b5a5e9a7ec6381a5b96f8c68db852f4f0
D:/chest_xray/train/NORMAL/NORMAL2-IM-0771-0001.jpeg,test,NORMAL,1.08001829,3.263656424,815529a0c7ea5a45f82d6956795b79f379e031e45bc4bc9692d4cf0a965f90d0
D:/chest_xray/train/NORMAL/NORMAL2-IM-0771-0001.jpeg,train,NORMAL,1.487701442,3.310635069,d4026fefc3d50b42c12f49e04cf044db4ad75d2f4bb41d29587869a66da769f0
D:/chest_xray/train/NORMAL/NORMAL2-IM-0771-0001.jpeg,val,NORMAL,1.175111111,3.244270928,d4416dafc3fd5b50cd0a2cab4cfde0fc08bf831f830f3b0d937e3292180386da
D:/chest_xray/train/NORMAL/NORMAL2-IM-0771-0001.jpeg,train,NORMAL,1.268845897,3.226622304,9042adbfe6b41e40eb662d2e383a6cf93cf56ce54cc21c6acef70ce588684d15
D:/chest_xray/train/NORMAL/NORMAL2-IM-0771-0001.jpeg,test,NORMAL,1.113636364,3.253127197,91577fa88eb51a5b196a4db01cd21ceb4ffd1c6ad23c4f09142d43c5470f169e
D:/chest_xray/train/NORMAL/NORMAL2-IM-0771-0001.jpeg,train,NORMAL,1.310410697,3.171040007,d0adbd52c3021b2d9c3cc4f23883b6d3c3cfb6349274c7343eb798428787b6c6
D:/chest_xray/train/NORMAL/NORMAL2-IM-0771-0001.jpeg,val,NORMAL,1.265895954,3.201368396,d40f7ea087103e4b8d2a2db56cd28e894c1f873ecf1f5b3687b54916a1a6ca96
D:/chest_xray/train/NORMAL/NORMAL2-IM-0771-0001.jpeg,train,NORMAL,1.394605395,3.337566273,d05f74a0c6153a1eb96a0da42c87c6976f9f587a86b04f3c9fcb8305481eb5ae
D:/chest_xray/train/NORMAL/NORMAL2-IM-0771-0001.jpeg,train,NORMAL,1.285106383,3.188157487,8044abbec6801a51de1b497b397ac0b06bfcb486c2de0f8eb6fcc8751603a7e7
D:/chest_xray/train/NORMAL/NORMAL2-IM-0771-0001.jpeg,train,NORMAL,1.126961484,3.272807315,91af3bf4d2915a4b98bfd1fc3180b586e58eb585951de52d95c12c4b49550b4e
D:/chest_xray/train/NORMAL/NORMAL2-IM-0771-0001.jpeg,train,NORMAL,1.25648415,3.246039154,d11a6ea4c6173c6bed2ccd954ed3c781cf04932cc3066b0fb3cf63cb334930e1
D:/chest_xray/train/NORMAL/NORMAL2-IM-0771-0001.jpeg,train,NORMAL,1.209064327,3.323795909,d4407eaea7dd3f40cd2e2da92c97e6582c83c253878b4cb5c3ec84b649f6c5b0
D:/chest_xray/train/NORMAL/NORMAL2-IM-0771-0001.jpeg,train,NORMAL,1.167883212,3.223685367,d14b3db0c7a41a43ad3229f43c684cb12cf3c4b74cb64d3ece9c2d39db2c4d34
D:/chest_xray/train/NORMAL/NORMAL2-IM-0771-0001.jpeg,test,NORMAL,1.222052067,3.255809451,d04a6ea0c7b51a5ecd2a6da13993c7816b95b1e4c7213b3cd3e46b613b4ac6c5
D:/chest_xray/train/NORMAL/NORMAL2-IM-0771-0001.jpeg,val,NORMAL,1.247097844,3.227316063,d51175aac7bd4b50e946e5ba6cb2e4f74487ec1785ebcb07396d91a14b5210a4
D:/chest_xray/train/NORMAL/NORMAL2-IM-0771-0001.jpeg,val,NORMAL,1.129749104,3.241166988,917e7c01c611385aad684db53c96ccd24f099c2ccb24cf2c9bb4cb46ef1f92dc
D:/chest_xray/train/NORMAL/NORMAL2-IM-0771-0001.jpeg,test,NORMAL,1.189773845,3.361004544,9455452ac3bb1bd4cb4a492fd8b4c0d253d8e34bc3bf3928e1786bb46816a5fa
D:/chest_xray/train/NORMAL/NORMAL2-IM-0771-0001.jpeg,train,NORMAL,1.384765625,3.050534591,d00afefcdffa5b2a9a288a802c00b8ddaa518c0fba9dcf0d870d9874a7fd8437
D:/chest_xray/train/NORMAL/NORMAL2-IM-0771-0001.jpeg,train,NORMAL,1.267730496,3.186657029,801b2fa887191b0acd25ef90fac2d2aafaa3f4b7c6a178a3dcaac3123b5e9255
D:/chest_xray/train/NORMAL/NORMAL2-IM-0771-0001.jpeg,train,NORMAL,1.351738241,3.269250353,81510afa83c01b4fc83fc5b009d6d1dec7ae9879c2787cf1fcfb84b80684d97c
D:/chest_xray/train/NORMAL/NORMAL2-IM-0771-0001.jpeg,train,NORMAL,1.057919016,3.409476828,d0422fa0c6bf3a525d2d4db01cb24cc34fca96aec3da97c1d2d4c7c194f5c8da
D:/chest_xray/train/NORMAL/NORMAL2-IM-0771-0001.jpeg,train,NORMAL,1.344799345,3.267109994,d4026eb5c3543b4acd2d6cf09c9348fc9da2c297cf099a25c3f61b24e16bc787
D:/chest_xray/train/NORMAL/NORMAL2-IM-0771-0001.jpeg,train,NORMAL,1.35908142,3.217931533,d55afe808f471b2eefb00e9238c386899e9f639e920562b4bbe796b728c09385
D:/chest_xray/train/NORMAL/NORMAL2-IM-0771-0001.jpeg,train,NORMAL,1.25704526,3.205553539,817f3bd4c6441a5a9c7c62b4348796b5c70d362dc6f56f013ca5f6c1670a361e
D:/chest_xray/train/NORMAL/NORMAL2-IM-0771-0001.jpeg,val,NORMAL,1.04770017,3.498691327,d8402daae7a81a51297f69bc3c924ca51d07c42e4f5adc684b7d434d51fdc95b
D:/chest_xray/train/NORMAL/NORMAL2-IM-0771-0001.jpeg,train,NORMAL,1.165495208,3.198653793,9157eda0c7311a57ed3c69b814bbc3af5b4e963ec30033c0c6f563c2909ec693
D:/chest_xray/train/NORMAL/NORMAL2-IM-0771-0001.jpeg,train,NORMAL,1.334442596,3.343883481,902a6ea0c6957a1acd6a2da56894c6817e9ff17a8720793cf7e3f6b42124c787
D:/chest_xray/train/NORMAL/NORMAL2-IM-0771-0001.jpeg,train,NORMAL,1.217054264,3.148392774,d10a3bf4c2805a4b382f71fe39c49a96c39f96919c5fc5399f501c10d29fdf82
D:/chest_xray/train/NORMAL/NORMAL2-IM-0771-0001.jpeg,train,NORMAL,1.288981289,3.320838839,d0ef7c00c7903b4fbd246db63caf30c16c8b3ca70ed26d0f38256f926d2d9292
D:/chest_xray/train/NORMAL/NORMAL2-IM-0771-0001.jpeg,val,NORMAL,0.953165208,3.252835868,985539eed6aa5ae15a65595f185b48b9196910e79be59c0692f09e4394ed8778
D:/chest_xray/train/NORMAL/NORMAL2-IM-0771-0001.jpeg,train,NORMAL,1.144940747,3.283492539,91eabd95c6079a4a996dc5a2258bb4a3c7c36d6b92e0cf6b9c6932d26d133492
D:/chest_xray/train/NORMAL/NORMAL2-IM-0771-0001.jpeg,test,NORMAL,1.006617039,3.413491044,d0432dbfc6a05a40582f49345d5a54194db51da650b64f3396bf93f49e2b92fa
D:/chest_xray/train/NORMAL/NORMAL2-IM-0771-0001.jpeg,train,NORMAL,1.114441417,3.267818006,94156fa0cf311e168d6a4ca44cb6c71e4f0fd34dc325d342b3c6c3853f4f33c3
D:/chest_xray/train/NORMAL/NORMAL2-IM-0771-0001.jpeg,train,NORMAL,1.264,3.306530882,815f29b4c6a11a5f986ec87439aa90b56f82b58ed2cecb4ab27fdbd08ca590b4
D:/chest_xray/train/NORMAL/NORMAL2-IM-0771-0001.jpeg,train,NORMAL,1.40239726,3.26327526,95fb7e859f46582a85b516939ac387867b35d3f3f7a57973a788821c20609621
D:/chest_xray/train/NORMAL/NORMAL2-IM-0771-0001.jpeg,train,NORMAL,1.005128205,3.184829216,914f6fb5cfbd5a535c2d4d34089618df46bd0a1612fec791565394d2c7940d16
D:/chest_xray/train/NORMAL/NORMAL2-IM-0771-0001.jpeg,test,NORMAL,1.171985816,3.344509446,91577ca2c7855a05cd7e4da049f5c5a34dbf8d7e8e384b78c7a1cb2d8162c207
D:/chest_xray/train/NORMAL/NORMAL2-IM-0771-0001.jpeg,train,NORMAL,1.408679928,3.217313808,95f86805ce161a5e9969cf6169b48596cf1a6f289f698e2d4b69eb42cb0649a7
D:/chest_xray/train/NORMAL/NORMAL2-IM-0771-0001.jpeg,train,NORMAL,1.232100708,3.206989406,90427ca8c7b14a56bd4aed6939a4b0b4c8d23843906fca7a9f2fd2f0ca74363f
D:/chest_xray/train/NORMAL/NORMAL2-IM-0771-0001.jpeg,train,NORMAL,1.22556391,3.290414518,80556ba2e2a45a517d6a79ec387078795b77387ad29e1e583ef886948683b5f0
D:/chest_xray/train/NORMAL/NORMAL2-IM-0771-0001.jpeg,train,NORMAL,1.02373247,3.273876779,80552ba8c6aa5ad75a0b595579d279c369c33ca750af15ea14bcf55ab5e03871
D:/chest_xray/train/NORMAL/NORMAL2-IM-0771-0001.jpeg,train,NORMAL,1.236917222,3.394508318,90443f2ec6b91a409d0f54bf15f687ca434a974ac6af3fd6b4c2c1d627c264a7
D:/chest_xray/train/NORMAL/NORMAL2-IM-0771-0001.jpeg,val,NORMAL,1.203812317,3.217025335,915e2ca5c6171a4ec96449b13dabcdfd2d3e9268cf119b6dc6854b0eb2946b4a
D:/chest_xray/train/NORMAL/NORMAL2-IM-0771-0001.jpeg,val,NORMAL,1.422715628,3.337696708,d05f7ea1c7171e1b9d6a65a13cd2c6b2c6039264c7216b9630c1c6d37b5f92d1
D:/chest_xray/train/NORMAL/NORMAL2-IM-0771-0001.jpeg,train,NORMAL,1.315743184,3.405494396,d0002ebdebc44b429f2d483d1df0dda168db1c6b4a2d0b6c9e3cde349b699e70
D:/chest_xray/train/NORMAL/NORMAL2-IM-0771-0001.jpeg,train,NORMAL,1.240591398,3.222800768,d408acb5c7d40f08cf262d9f1c9f6cde2db040924db31e1f4fbf2f250b624b34
D:/chest_xray/train/NORMAL/NORMAL2-IM-0771-0001.jpeg,train,NORMAL,1.230425056,3.247851036,915f65a086a03a47ed7e788b69b06da179f6c7e64e21d878cf695a5487a14c31
D:/chest_xray/train/NORMAL/NORMAL2-IM-0771-0001.jpeg,val,NORMAL,1.250965251,3.195072322,d05afea0c7951a1fb9688da528b5a19e86974a5b83b9c7b5697893ad4217616a
D:/chest_xray/train/NORMAL/NORMAL2-IM-0771-0001.jpeg,train,NORMAL,1.3138833,3.327819525,800a296ac7a81a95b852c96a39e5bda742a49d5afc7a8270346bfefb4be534ac
D:/chest_xray/train/NORMAL/NORMAL2-IM-0771-0001.jpeg,train,NORMAL,1.303009097,3.331415691,d54f6cb087951a4bcf7e2db4287bc4b06c5fa4ee0c9a093ac6bd4d280a5ac795
D:/chest_xray/train/NORMAL/NORMAL2-IM-0771-0001.jpeg,train,NORMAL,1.244565217,3.202531384,d50aeff5c7f00b42ed2268d828ecc0b04962903fcb2c3b2c92f46f43b2fac6d7
D:/chest_xray/train/NORMAL/NORMAL2-IM-0771-0001.jpeg,train,NORMAL,1.448157669,3.215292702,81576fa0e7857a5eec6965a56d86c5b649d8806cc6e14b4130e9cbd692a7b0fa
D:/chest_xray/train/NORMAL/NORMAL2-IM-0771-0001.jpeg,val,NORMAL,1.151315789,3.249340959,c9423fe5e6801a437c2b596839d019e2c8f518e7969fc31a9649ce16c7e9cdf2
D:/chest_xray/train/NORMAL/NORMAL2-IM-0771-0001.jpeg,train,NORMAL,1.146601147,3.228151461,d40aeeb083d40b4a092e44bc58dad2f047d2103e432c4f3c7d7cd6e64f46d7ef
D:/chest_xray/train/NORMAL/NORMAL2-IM-0771-0001.jpeg,train,NORMAL,1.280517381,3.244493905,d1fb5e80e717593af96dc5945bdac2d9cb10b37093b29a16618a928f6a1cb168
D:/chest_xray/train/NORMAL/NORMAL2-IM-0771-0001.jpeg,train,NORMAL,1.129136924,3.222884122,94436eb08b551a42cd3c1c91c259970fd34fd3ca36d0e2d2b6977c1f8f1a1cb5
D:/chest_xray/train/NORMAL/NORMAL2-IM-0771-0001.jpeg,test,NORMAL,1.070673344,3.255261863,91563dadc7a01a45d86d69393dba49ad19e59826cb689e1a926dcf489e2dc6c3
D:/chest_xray/train/NORMAL/NORMAL2-IM-0771-0001.jpeg,test,NORMAL,1.105199516,3.2062965,915f7fa88f351a47096c0da848db87eb5a2fc35a870b525393c2c69271d617cb
D:/chest_xray/train/NORMAL/NORMAL2-IM-0771-0001.jpeg,train,NORMAL,1.369618197,3.572663272,81ff2d52ce45696838a44b923f9a5a4a666172537e6a66b3309a79b46fa35871
D:/chest_xray/train/NORMAL/NORMAL2-IM-0771-0001.jpeg,test,NORMAL,0.992374174,3.472793014,dd6a2815c2b70b7adf20686b1c69782c0cfa98f3c27b9e6b9252077f9606c61e
D:/chest_xray/train/NORMAL/NORMAL2-IM-0771-0001.jpeg,train,NORMAL,1.086068111,3.267724495,d4202d5fc31e0f28ed006c9e0cf8c49e0c9fcf07c39f0f1ec31e83ce3fe1d3c1
D:/chest_xray/train/NORMAL/NORMAL2-IM-0771-0001.jpeg,train,NORMAL,1.498106061,3.270797449,915f7da8a7053a159a7a0b6839a59cf21ad3385e86d61a561c7ace133c709e3d
D:/chest_xray/train/NORMAL/NORMAL2-IM-0771-0001.jpeg,val,NORMAL,1.337412587,3.337455133,816f2bf442905f4b1c7fe87831c0b987f31fb79c301ef0f9f3b05a5850969584
D:/chest_xray/train/NORMAL/NORMAL2-IM-0771-0001.jpeg,train,NORMAL,1.031074885,3.273375579,c14038afe3ed1a41d841692739cb792b50f9394390e7db48596f96e14b68b4fd
D:/chest_xray/train/NORMAL/NORMAL2-IM-0771-0001.jpeg,train,NORMAL,1.168269231,3.186619018,d40b6ea587f40b02892e0cb548fdc6e04ed3c17bc7a1493cf1f054b769f8d5b2
D:/chest_xray/train/NORMAL/NORMAL2-IM-0771-0001.jpeg,train,NORMAL,1.36754717,3.207611018,d1433ca7c2541a43d86f59ec38e1d9f91961986bc67c1a691e7946709725c7f1
D:/chest_xray/train/NORMAL/NORMAL2-IM-0771-0001.jpeg,train,NORMAL,1.330526316,3.310582372,d5006efd87d50b40896b40ad09f0d0d24fd334cb529d4f195f7cdb340f12d9be
D:/chest_xray/train/NORMAL/NORMAL2-IM-0771-0001.jpeg,test,NORMAL,1.269016698,3.335447738,915e3ab4e6105a5bdc6cdfa43c9696be466814add2e445b194e5edc31d2c12dc
D:/chest_xray/train/NORMAL/NORMAL2-IM-0771-0001.jpeg,train,NORMAL,1.12987013,3.183811836,90536da4c7801a5be87d4fac28ffc5f14d0fb1eac782ed28d3a04b0f1d6852d5
D:/chest_xray/train/NORMAL/NORMAL2-IM-0771-0001.jpeg,train,NORMAL,1.227926078,3.316635594,91103eeec7b51a5a1c6b48753d82d0974bdb1c8eca5a4f28925b4de19697e17c
D:/chest_xray/train/NORMAL/NORMAL2-IM-0771-0001.jpeg,test,NORMAL,1.047503045,3.265918512,99422bbfd2b85e40dd3f595f19034db519e190e30df090facbdf191e80a50f3c
D:/chest_xray/train/NORMAL/NORMAL2-IM-0771-0001.jpeg,test,NORMAL,1.125128733,3.529936454,d40bad5586f51b0a512e4f9b28ed0ca44d2210eb4b8393ab63c2936b72fcd3fb
D:/chest_xray/train/NORMAL/NORMAL2-IM-0771-0001.jpeg,test,NORMAL,1.478348439,3.336487568,d02bee84c7d44b4bcd6cc1b469d2e0eb30cf386f870d3e0e1c65d28d69cfb0c1
D:/chest_xray/train/NORMAL/NORMAL2-IM-0771-0001.jpeg,val,NORMAL,1.170868347,3.211089384,915769a0c2a05a45d8674b93395b68e9396838e41bd490be96959f8f90fcdfd1
D:/chest_xray/train/NORMAL/NORMAL2-IM-0771-0001.jpeg,val,NORMAL,1.125799574,3.277013469,c0402ff5c7241e14ed2fc9a55f84cf0bc34d9b2dc214cfd333c3e3c3334b2857
D:/chest_xray/train/NORMAL/NORMAL2-IM-0771-0001.jpeg,test,NORMAL,1.316998469,3.268241682,d14b2d94c7121e4bcc2d4db41da3c5926d0b90becb3c9a3cd2f54b691a5ec785
D:/chest_xray/train/NORMAL/NORMAL2-IM-0771-0001.jpeg,test,NORMAL,1.158778626,3.261345528,91552dfac6a01a41fc6fe92c39eac5a74de5b98fc2c0cb489a7dca610a28d2d7
D:/chest_xray/train/NORMAL/NORMAL2-IM-0771-0001.jpeg,train,NORMAL,1.223166023,3.216375654,91577ca0c7951a5fcd6a4f25299495936c57b1c7c61ee978b3a94c3d252096a5
D:/chest_xray/train/NORMAL/NORMAL2-IM-0771-0001.jpeg,train,NORMAL,1.082224909,3.316985306,d0023affd2b21f421c2f11be1dfa95c385df95b49c9ea5bc87842d4a45978256
D:/chest_xray/train/NORMAL/NORMAL2-IM-0771-0001.jpeg,train,NORMAL,1.45703125,3.162337362,815e1bf5c6009a57b86fc9a933950597c2d60da59864cee16960bc29efd2df98
D:/chest_xray/train/NORMAL/NORMAL2-IM-0771-0001.jpeg,train,NORMAL,1.546296296,3.422981991,d42b7ed4a7d21f09ad240fb6396a803c2e4c3c7b96f81c0f1c6996d03c1f2de5
D:/chest_xray/train/NORMAL/NORMAL2-IM-0771-0001.jpeg,train,NORMAL,1.365129007,3.205824385,944a3bf5c3021b4a9c3d58b01cd2d0db18d39a6dc6d41a30f6fa4f972681f7f8
D:/chest_xray/train/NORMAL/NORMAL2-IM-0771-0001.jpeg,train,NORMAL,1.274205469,3.188450295,915e69a0c6951a5ec86969a179b5edb369d7b9eecc24987098214a5ed3a1d6e1
D:/chest_xray/train/NORMAL/NORMAL2-IM-0771-0001.jpeg,train,NORMAL,1.16538132,3.331420263,80552baec6a05a17dc7f51f81580d70fc7be968ac4afa568bdafe1cf01843c29
D:/chest_xray/train/NORMAL/NORMAL2-IM-0771-0001.jpeg,train,NORMAL,1.144638404,3.268768441,904229b5c2111b43d92f79e019e1d1e75967986fca7d1e79d2f40f43b4a587f0
D:/chest_xray/train/NORMAL/NORMAL2-IM-0771-0001.jpeg,train,NORMAL,1.494186047,3.248622706,905f7ea8c7913a17896e2d2838b4e4d22cd36cda869a3e1ecc7d8d2b4e34cc36
D:/chest_xray/train/NORMAL/NORMAL2-IM-0771-0001.jpeg,test,NORMAL,1.357541899,3.301085096,915fafa5c6421a4ad86c79a01186c79a3f3ed2e942603ae5d6f77e8f90c2c692
D:/chest_xray/train/NORMAL/NORMAL2-IM-0771-0001.jpeg,train,NORMAL,1.435828877,3.298339667,91557c0287bd1a569a683d6b38b58cf33cbf18f48e361c341c69cf0b5861dd65
D:/chest_xray/train/NORMAL/NORMAL2-IM-0771-0001.jpeg,train,NORMAL,1.140646976,3.202717052,815f29a0c6e01a45c86f49e919ebc9e539c390cfca5b1e5ad2719e419e7dc6c3
D:/chest_xray/train/NORMAL/NORMAL2-IM-0771-0001.jpeg,test,NORMAL,1.32002851,3.228762291,914e29b5c2a73a47882d69a019e3c9ef596a987fcb791e6996614f699606c6d2
D:/chest_xray/train/NORMAL/NORMAL2-IM-0771-0001.jpeg,val,NORMAL,1.62,3.24484124,946b5ea0cf529b6ecc71929238f3c2b0a6ac4b7c86b449fe94b4cab3b32c9741
D:/chest_xray/train/NORMAL/NORMAL2-IM-0771-0001.jpeg,val,NORMAL,1.172282263,3.272806701,d40a6f94e7b62f0a6d346db469cac7c54b87c3edc3c1e96190e14a53b0f912d2
D:/chest_xray/train/NORMAL/NORMAL2-IM-0771-0001.jpeg,train,NORMAL,1.133440514,3.231094081,90553be8c6753a95b87a51e915a7c4b59ed694bbc6b03c2d6ca56d24258f6948
D:/chest_xray/train/NORMAL/NORMAL2-IM-0771-0001.jpeg,train,NORMAL,1.196247068,3.219870155,d15b00a1f7800a57fc6e0d7579203cf3e8d33cfb80d2fe1a05b9fe310d2e3835
D:/chest_xray/train/NORMAL/NORMAL2-IM-0771-0001.jpeg,train,NORMAL,1.358131488,3.287910267,d4ea7e80c7105b0b8c2585b42cd2c4c9c64d494c87a4ce9669bb97c36df3f9f8
D:/chest_xray/train/NORMAL/NORMAL2-IM-0771-0001.jpeg,train,NORMAL,1.01368301,3.296387962,9441f4bac7bd5b508d322db06cdf0ca46cb48de24e3b893a9e35497c87b44e3c
D:/chest_xray/train/NORMAL/NORMAL2-IM-0771-0001.jpeg,train,NORMAL,1.1200453,3.357111751,914aec05c6951a4fcf246d1c28a9cdad6dafc5b64f0b992dcb4e4b299325c3c3
D:/chest_xray/train/NORMAL/NORMAL2-IM-0771-0001.jpeg,val,NORMAL,1.135429262,3.216451455,95406cbfc3bd1a40cb626f24785e34bd6c2d30f44ca3687b9ea16d5f91f84835
D:/chest_xray/train/NORMAL/NORMAL2-IM-0771-0001.jpeg,train,NORMAL,1.210818308,3.282726594,d0436dbdc7b41a42cd2c4db42c92c4b51907912e4b2e3b3dc3ed6f4e92f4c2d3
D:/chest_xray/train/NORMAL/NORMAL2-IM-0771-0001.jpeg,train,NORMAL,1.277777778,3.324046373,915f7ea8c7f71b57ad6ec4b538db84c14a8438eb83a04a1c91e896164f52b7e1
D:/chest_xray/train/NORMAL/NORMAL2-IM-0771-0001.jpeg,test,NORMAL,1.163859112,3.475551486,94406eaa83bd1fd50b420b681d255d371f127c9a4eda5705745fe06a723f784f
D:/chest_xray/train/NORMAL/NORMAL2-IM-0771-0001.jpeg,train,NORMAL,1.139197267,3.329655618,90057d6a86711a55987c8d681cb5c6d7975b725fc7182610129487b0feb7f9f2
D:/chest_xray/train/NORMAL/NORMAL2-IM-0771-0001.jpeg,train,NORMAL,1.082352941,3.320927676,98117dbec7b91ac1cb6f4bba387a4db9085599464b06191ec3eb4b1e92adc525
D:/chest_xray/train/NORMAL/NORMAL2-IM-0771-0001.jpeg,train,NORMAL,1.126564673,3.2049342,814b2bf4c2815a4bd87f586859a1d0d26fe5928edb6c8690fe7b84e1b6e790aa
D:/chest_xray/train/NORMAL/NORMAL2-IM-0771-0001.jpeg,train,NORMAL,1.233236152,3.178154519,815af1a1c6a53a5db85ae96179c2f5e76e1771ec57844d1635e04e166d2f10c3
D:/chest_xray/train/NORMAL/NORMAL2-IM-0771-0001.jpeg,train,NORMAL,1.202830189,3.304546682,c14a2af5e6804a4bfc2fc8b41d8a949fcbde9f2f9a5fc76996b132780480b4c3
D:/chest_xray/train/NORMAL/NORMAL2-IM-0771-0001.jpeg,val,NORMAL,1.268503512,3.335629318,914aad94ce907a6a586e6fb03cbb7bd16dab38fc49ca1c7d19764d2710760107
D:/chest_xray/train/NORMAL/NORMAL2-IM-0771-0001.jpeg,train,NORMAL,1.414075286,3.156356345,c0af2f52c703092db8f6c3d233cbb27ce360246238cac64f388eb236cde49e77
D:/chest_xray/train/NORMAL/NORMAL2-IM-0771-0001.jpeg,train,NORMAL,1.240886347,3.286480355,91402daec6311a47c92e69b01dc3c4f51d46d62f4b7c1e2dc2785f4dd6ad4b78
D:/chest_xray/train/NORMAL/NORMAL2-IM-0771-0001.jpeg,val,NORMAL,1.2,3.222243934,d4436fb5ef101f0a0d3c0cb44cd7c59d0b6f8735cb418b23c3c31bd0873f0f8b
D:/chest_xray/train/NORMAL/NORMAL2-IM-0771-0001.jpeg,train,NORMAL,1.218493661,3.246045377,d1ba6f84c716796f85a44f9783cb43c7b96e13f4ab6d11cd8a4f504982cb4d08
D:/chest_xray/train/NORMAL/NORMAL2-IM-0771-0001.jpeg,test,NORMAL,1.280739161,3.277484637,91406daac7b51a518b6f6b2d383164b969c13c276d963d025ebb69783d6f49a4
D:/chest_xray/train/NORMAL/NORMAL2-IM-0771-0001.jpeg,train,NORMAL,1,3.236943388,d5416fae87bf0b108d1e2c8a6c6f44bc6895c1dbcb81e94dc3e94a5d91e28e95
D:/chest_xray/train/NORMAL/NORMAL2-IM-0771-0001.jpeg,train,NORMAL,1.220839813,3.302388728,915e29a0c6c13a57c86f69aa19a749a539c3d8ea4b699869cb691e6bd86bce52
D:/chest_xray/train/NORMAL/NORMAL2-IM-0771-0001.jpeg,train,NORMAL,1.174911661,3.266578574,90013daec7aa1e91be5f4b69384685e05be5b8f780a7385695fe8e5a184e97a1
D:/chest_xray/train/NORMAL/NORMAL2-IM-0771-0001.jpeg,train,NORMAL,1.221741816,3.23011055,957b7c8087943a57ad7a2c3428782cb86cb62de20cb46d3acfa74e3d492cc70f
D:/chest_xray/train/NORMAL/NORMAL2-IM-0771-0001.jpeg,test,NORMAL,1.062783172,3.212606697,915f7fa2c6a53a55e97c6dc02982c7a14905c1aece34e87282a7695ff1adc0a7
D:/chest_xray/train/NORMAL/NORMAL2-IM-0771-0001.jpeg,val,NORMAL,1.305738476,3.451438014,c01420ffc3ff0bd1be02ea0f3c4bd0b569f53c90f8d0edd2bc07e90a8f429297
D:/chest_xray/train/NORMAL/NORMAL2-IM-0771-0001.jpeg,train,NORMAL,1.535226078,3.284296891,d46f6e8087550b0b8d6d45a448d6c649fe4d5a3cc2384abfe8f9e693e890e91d
D:/chest_xray/train/NORMAL/NORMAL2-IM-0771-0001.jpeg,train,NORMAL,0.961426794,3.347473837,d54b74a087f03a13ad322c1b2cff24ad6cb4c1f286954916970f5a7c8b6ed6b4
D:/chest_xray/train/NORMAL/NORMAL2-IM-0771-0001.jpeg,train,NORMAL,1.467054264,3.311452571,815e3e85c6123b4fed764ba42c92c7a56dfd39eccb046b39fb6dc64300249649
D:/chest_xray/train/NORMAL/NORMAL2-IM-0771-0001.jpeg,train,NORMAL,1.282336579,3.232923969,817e3da0c615186ee87869a13d8dcf9c7f36926ec7242c7b92e17ac0383f86d2
D:/chest_xray/train/NORMAL/NORMAL2-IM-0771-0001.jpeg,test,NORMAL,1.204020101,3.161792113,81e82857ea55786878e059a5798d55b67d8e18e496f51eb596b5d68d14b0969a
D:/chest_xray/train/NORMAL/NORMAL2-IM-0771-0001.jpeg,train,NORMAL,1.507425743,3.202227511,c00b5ea9c3141b0bad69c7f178d3d4f96f5cbc38def06d3098b1419a831693bc
D:/chest_xray/train/NORMAL/NORMAL2-IM-0771-0001.jpeg,train,NORMAL,1.211457456,3.273256807,955038aaa2bf4ad09f484b2e3d0fd0bd4efd9c30c2f2cf4a922d47384f3cd21d
D:/chest_xray/train/NORMAL/NORMAL2-IM-0771-0001.jpeg,train,NORMAL,1.251736111,3.352623648,956fb0b5c7501a0f9c2dceb438aa9087a7ad78ec92c46d2a96f186cb0d2bb6c3
D:/chest_xray/train/NORMAL/NORMAL2-IM-0771-0001.jpeg,train,NORMAL,1.236040609,3.189516957,815f6e80c6907a4fec256db039ef4df5494a186acb781b289c3c4f799ca586f1
D:/chest_xray/train/NORMAL/NORMAL2-IM-0771-0001.jpeg,val,NORMAL,1.375619425,3.225082414,d4007fb0a3d51b0a8d2c0cb62cdbc6b94ec5c9bec7ac493f83e04b9bb1ea868b
D:/chest_xray/train/NORMAL/NORMAL2-IM-0771-0001.jpeg,train,NORMAL,1.10786802,3.266958659,d5156dea87fd0b50857e0dae0cde4c902c97c4b34f89c1fdc3ad497dc382c215
D:/chest_xray/train/NORMAL/NORMAL2-IM-0771-0001.jpeg,val,NORMAL,1.300180832,3.424261207,81557ea00eaf1a1f0958492549ec45ba5daec5ce47a769e9c76b6ac138e18e3e
D:/chest_xray/train/NORMAL/NORMAL2-IM-0771-0001.jpeg,val,NORMAL,1.220689655,2.976773307,d00b29d4f2904b4b1c2ff83f69ad3cc978d449e11ac3586f93ed9a0638ece4f8
D:/chest_xray/train/NORMAL/NORMAL2-IM-0771-0001.jpeg,val,NORMAL,1.14822547,3.199780917,d4006eff83d54b02cd2a2cb16cf0c6d23c80c1210fb57934c3fe68f6c97b96db
D:/chest_xray/train/NORMAL/NORMAL2-IM-0771-0001.jpeg,train,NORMAL,1.248192771,3.314104439,d4517fa887951f128d2a0db40c92869a0f09c936c3ae49b6c37cc7af4b76879f
D:/chest_xray/train/NORMAL/NORMAL2-IM-0771-0001.jpeg,train,NORMAL,1.443085607,3.217974105,91ef3d94c6171b4b9c7dc19438839296cf6f9e2c9034c7613ce770c3c505b25b
D:/chest_xray/train/NORMAL/NORMAL2-IM-0771-0001.jpeg,train,NORMAL,1.069168901,3.278741703,814b3ae5c6a11a47e86f69f138e94df11d65c8f29e785e7892704e0b92b4c74b
D:/chest_xray/train/NORMAL/NORMAL2-IM-0771-0001.jpeg,train,NORMAL,1.399307958,3.352472978,90457baa87951a43e96e39a5f0d715c3384f976a582dd8789e29587a868338f7
D:/chest_xray/train/NORMAL/NORMAL2-IM-0771-0001.jpeg,train,NORMAL,1.132904609,3.188555885,956a7c8187103a7a8d213cb568d31cfb6cf56c8e9eb04dfb9f3c48b44906c3b4
D:/chest_xray/train/NORMAL/NORMAL2-IM-0771-0001.jpeg,train,NORMAL,1.188696445,3.299862237,915539aac6a51a159a5bda6919a5b4a44db33d4394efc6343c7a9875c62d9d61
D:/chest_xray/train/NORMAL/NORMAL2-IM-0771-0001.jpeg,train,NORMAL,1.291472868,3.269662037,915a2885c24f185ec969598719eb86b53a5a966196537e718687695c96b4e79f
D:/chest_xray/train/NORMAL/NORMAL2-IM-0771-0001.jpeg,test,NORMAL,1.355072464,3.274170621,915e29a4e6b03a5bf86f693c389e70f16dc331ae49c2183f398549697878787c
D:/chest_xray/train/NORMAL/NORMAL2-IM-0771-0001.jpeg,train,NORMAL,1.345606695,3.350020592,91553daee3141a43b96f69ac39a0e1a379e39963c36c1b659869da7c9a1496e1
D:/chest_xray/train/NORMAL/NORMAL2-IM-0771-0001.jpeg,train,NORMAL,1.39292365,3.311842365,91557ca087b57a178d6a2d2e48b4cc966d9acf96870ad3a2cb56f5a6430669e6
D:/chest_xray/train/NORMAL/NORMAL2-IM-0771-0001.jpeg,train,NORMAL,1.091431857,3.314392507,94576fa887b51a56ad3c1cbc7c974dad4d67c7aa4f21c969c7a14a4686a10c1b
D:/chest_xray/train/NORMAL/NORMAL2-IM-0771-0001.jpeg,train,NORMAL,1.211783439,3.263916176,90552deae6213a45f96b69a93da1686919699c7a4a783c6942bd97213cd6cf96
D:/chest_xray/train/NORMAL/NORMAL2-IM-0771-0001.jpeg,val,NORMAL,1.16803503,3.210498901,d00f3d50c2943b4b982669ac3da1f0fb49e919e7db640b299a5ccb209e359bfa
D:/chest_xray/train/NORMAL/NORMAL2-IM-0771-0001.jpeg,train,NORMAL,1.542262679,3.241190712,c07f4fa0ef550d6e08fdcdb418b249eb868f5b6f6168c314484625cb861f5e5a
D:/chest_xray/train/NORMAL/NORMAL2-IM-0771-0001.jpeg,test,NORMAL,1.422885572,3.350939447,91547c0bc6251a5a896b49876996c7937e1293688617696383cbce16f5c3fdb6
D:/chest_xray/train/NORMAL/NORMAL2-IM-0771-0001.jpeg,train,NORMAL,1.094656489,3.342282462,901175fac7ae1a91ec556c163c72e4ba6cf1e4f2ceb20c3e84380f18cd6ccfb4
D:/chest_xray/train/NORMAL/NORMAL2-IM-0771-0001.jpeg,train,NORMAL,1.45716862,3.260881628,91f2e8afc61d6a50c16949adc187c0bf49b4d6105a70d35b9e3f1b6f1e4a1e64
D:/chest_xray/train/NORMAL/NORMAL2-IM-0771-0001.jpeg,test,NORMAL,1.250809061,3.263271287,900374aac6911b418d6a3d2d387b8cf06cd7bcd2c48f6c1e9fed4d3d8926cdb0
D:/chest_xray/train/NORMAL/NORMAL2-IM-0771-0001.jpeg,train,NORMAL,1.34318555,3.305146435,904b6c05c71c1a4f8d6509961cdbc3991f0c933c4f15196fd2dec79fb0e1e65a
D:/chest_xray/train/NORMAL/NORMAL2-IM-0771-0001.jpeg,train,NORMAL,1.197202797,3.338811469,91423fbce6b11a519c6a49fc1de0cc3d4add9f2ec23d0b691309c3cd29cb92da
D:/chest_xray/train/NORMAL/NORMAL2-IM-0771-0001.jpeg,train,NORMAL,1.025889968,3.26279974,915729a8c7a85a45de676b50397a48f9696138c74946196e5ad64f4b1afdca58
D:/chest_xray/train/NORMAL/NORMAL2-IM-0771-0001.jpeg,train,NORMAL,1.167597765,3.202046913,91557faaaebf3a15297c0da11c964c3b0c2f192e4f204b4b4be94bc1796f43c3
D:/chest_xray/train/NORMAL/NORMAL2-IM-0771-0001.jpeg,val,NORMAL,1.245628643,3.310357168,815f6aa8c6a25a43d86f597139e1d1e519e390ee97d2bd0a92b84f2d99eac2d0
D:/chest_xray/train/NORMAL/NORMAL2-IM-0771-0001.jpeg,train,NORMAL,1.303204601,3.450519519,91ef2954c253386fe9e469a339a649c37ded98d0ce419c75dac28e1780c1ce5b
D:/chest_xray/train/NORMAL/NORMAL2-IM-0771-0001.jpeg,train,NORMAL,1.509108341,3.266332121,94af3ff683421b6d9c34d0f418c3968def6c9661c2300b09befbc259818a9ed7
D:/chest_xray/train/NORMAL/NORMAL2-IM-0771-0001.jpeg,train,NORMAL,1.299651568,3.238209175,81556eaa86941a45cd7e79a51896c5917cd7b16e83a8587bd7f519ad8a1e8782
D:/chest_xray/train/NORMAL/NORMAL2-IM-0771-0001.jpeg,test,NORMAL,1.202997275,3.28265546,d04b3d91e7d03b42ed242db43cb84cb82cfe38bf8b090d1f59b48f6d1a0cd3c6
D:/chest_xray/train/NORMAL/NORMAL2-IM-0771-0001.jpeg,train,NORMAL,1.347089167,3.207041558,91576ca0ceb57a57c96849a118f34ce159669c7c4e305a794669cf52d6e5d272
D:/chest_xray/train/NORMAL/NORMAL2-IM-0771-0001.jpeg,val,NORMAL,1.329020333,3.384909856,d4016eade3d57b02e92a6ca168d2e6ca6c8fe1a5e79068f5cb641c3e0b739529
D:/chest_xray/train/NORMAL/NORMAL2-IM-0771-0001.jpeg,train,NORMAL,1.315398887,3.3555202,d51a7c80c7b55b1bcd688db528f0a4f35edf6c5e8684ce5d697cc185c02c6952
D:/chest_xray/train/NORMAL/NORMAL2-IM-0771-0001.jpeg,train,NORMAL,1.488326848,3.267471611,d43f7aa0a7563d0acd6ca5a460d2c7cab7bcc9648530f0d2e3dbb4dc60d94958
D:/chest_xray/train/NORMAL/NORMAL2-IM-0771-0001.jpeg,test,NORMAL,1.313148789,3.302955576,d0eb1ff4c7b11a4a9c6cc1b43692b6d2674bb28fc248cf11323d69ca668730d7
D:/chest_xray/train/NORMAL/NORMAL2-IM-0771-0001.jpeg,train,NORMAL,1.065143824,3.366556441,81557da087aa7a17a9686d2b39d56daa682d357cce36695a97a94e05b168d287
D:/chest_xray/train/NORMAL/NORMAL2-IM-0771-0001.jpeg,test,NORMAL,1.126651127,3.344929377,c15afea0ce515a4fc4295b8179cbc7f87b4ad048c2586872d2d26adafabcc296
D:/chest_xray/train/NORMAL/NORMAL2-IM-0771-0001.jpeg,train,NORMAL,1.408140814,3.17952584,c17bea81e7d6584be169cd2179e2f4e1799634ac8a006e39fce5cb436924b8b4
D:/chest_xray/train/NORMAL/NORMAL2-IM-0771-0001.jpeg,train,NORMAL,1.418879056,3.274986396,915f6ba0c6733a4fc96c399718d2d6e11a6c96788e3138d2c6926f1ab1c3e0bd
D:/chest_xray/train/NORMAL/NORMAL2-IM-0771-0001.jpeg,train,NORMAL,1.256993007,3.231054049,d00bed54c3fe1b4fe83c69b938cfc38e690e923bdb503867b3c36c0230f62c0b
D:/chest_xray/train/NORMAL/NORMAL2-IM-0771-0001.jpeg,train,NORMAL,1.251376147,3.273320456,d42b7c90c7501f42cd360cb01c78ce341d2fdb2dcb0d9f24c358bfb4d24dc3cb
D:/chest_xray/train/NORMAL/NORMAL2-IM-0771-0001.jpeg,train,NORMAL,1.234285714,3.228771095,d44175bfa3b51f40ad2a0cbf0cd3c7aa4b25853f4bbd1a05c7a24a9691c3c3e9
D:/chest_xray/train/NORMAL/NORMAL2-IM-0771-0001.jpeg,train,NORMAL,1.072769953,3.257870352,d95129bee6bd1a41d6042a15ba5a483d3d6870f56d68382e4d973da338f66d0e
D:/chest_xray/train/NORMAL/NORMAL2-IM-0771-0001.jpeg,train,NORMAL,1.112293144,3.252374847,91557da2c7b01a41a9666da038d3e5b94da5bc76cdbe08181878cea55d68dcf6
D:/chest_xray/train/NORMAL/NORMAL2-IM-0771-0001.jpeg,val,NORMAL,1.311844078,3.294780748,910a38f5c2721b4b992f78b038e390f738c3b86fc2dd383492fcce5a96b592f0
D:/chest_xray/train/NORMAL/IM-0444-0001.jpeg,train,NORMAL,1.099201824,3.193698636,915765aa87a05a0588756802785a6da979a531a56da739fecfa3787e92ea4e25
D:/chest_xray/train/NORMAL/IM-0243-0001.jpeg,train,NORMAL,1.154442457,3.159253075,d4ba7eb487301f1f0d3e0db509858386cb16c30ec32c692cf3e473c779eab2c1
D:/chest_xray/train/NORMAL/IM-0535-0001.jpeg,train,NORMAL,1.372407574,3.356905864,905375aaa7b53a50ad6a392678f665b038d7a4e22c87387c1f0b7af4b1780c3e
D:/chest_xray/train/NORMAL/IM-0519-0001-0001.jpeg,train,NORMAL,1.317700454,3.248571074,905539eac6211a55b86b49693da778fb596a186fcad6ce293e784a559685a4d2
D:/chest_xray/train/NORMAL/NORMAL2-IM-1206-0001.jpeg,train,NORMAL,1.359036145,3.370186266,c04364bac3553c43ed3f3cbbcc30c5a15b67c63949b43c68c7bc5b4724b84b0f
D:/chest_xray/train/NORMAL/NORMAL2-IM-0618-0001.jpeg,train,NORMAL,1.368421053,3.223895274,80abaad0ce575f4fdd6c4f603d0345d65dd318ee4aa07d2d5c7c4f4512a42ae8
D:/chest_xray/train/NORMAL/IM-0755-0001.jpeg,train,NORMAL,1.294230769,3.413043098,90006deac7a91e959e59413d39e5e4b74d962d47cdae4f1c8c1ac391c760dcad
D:/chest_xray/train/NORMAL/NORMAL2-IM-1056-0001.jpeg,train,NORMAL,1.332708529,3.160507397,d007f4a0c7111e1ac97bc5b1a096c71aff3cb12c87a47956b7a54a5eb6186b69
D:/chest_xray/train/NORMAL/NORMAL2-IM-0472-0001.jpeg,val,NORMAL,1.255639098,3.252088507,d40b64b4c7b73f4bed3e6db42cd3c4904e9ec526c7840906c3a6cb8669a7d2d2
D:/chest_xray/train/NORMAL/IM-0439-0001-0001.jpeg,val,NORMAL,1.279710145,3.229571307,904a29f5c2a01a43d86d69e93ce3c8e91b6b9277c278367936f127789696a793
D:/chest_xray/train/NORMAL/IM-0375-0001.jpeg,val,NORMAL,1.11616472,3.33281421,954f7ea08f751a4a09685c975a53c7695b64d36856e57072b4d23c9f168f060f
D:/chest_xray/train/NORMAL/IM-0519-0001.jpeg,test,NORMAL,1.068621701,3.211603716,815568a0c6a05a55d87e6d7979b8c5bb4db59d1ec63ecf289219c21d4b0db25e
D:/chest_xray/train/NORMAL/NORMAL2-IM-0474-0001.jpeg,train,NORMAL,1.06732551,3.194639134,95152fbf8f350b060d2e0cb50c97c7a54b8593adc3e06b6092f24be331eb43f3
D:/chest_xray/train/NORMAL/NORMAL2-IM-0629-0001.jpeg,test,NORMAL,1.128985507,3.199819741,d4027cbfc3b51b408d2a0da53c07c6fc4e749472c311391fd7bd6f0e1136c796
D:/chest_xray/train/NORMAL/NORMAL2-IM-0812-0001.jpeg,train,NORMAL,1.30797912,3.266499929,94436eafa7951b50cf6e0fbc0c164cbc6c94ac3e4f850d2fcfab4f0a092e4f24
D:/chest_xray/train/NORMAL/IM-0474-0001.jpeg,train,NORMAL,1.453109576,3.301595402,955b2fa00f151c0b4d695da548d6c49b6c8bca7ecf3ce834c9a2c8b44d3cc7cb
D:/chest_xray/train/NORMAL/IM-0532-0001.jpeg,train,NORMAL,1.285964912,3.221759552,d41e6ea08f100d0b8daccf928f86c30abb26dbe6238239e9f3ebb76d185a86b4
D:/chest_xray/train/NORMAL/IM-0420-0001.jpeg,train,NORMAL,1.152366864,3.369130982,90157beec6ba1ed11e5b493f1da44cb24bf91c6b421e0f5696a9437d1e0956a1
D:/chest_xray/train/NORMAL/NORMAL2-IM-0987-0001.jpeg,train,NORMAL,1.189107413,3.24560827,c1403eb5e3501b4a6d2fc0b669f2c4dbc0a4cd2dda6dc73c1b04e4b7e3e761c2
D:/chest_xray/train/NORMAL/NORMAL2-IM-1138-0001.jpeg,train,NORMAL,1.31120944,3.261099049,91ee3d15ce13186adda4cb961a1aca6cce5d9a3ec258671bb2de64cf091a38d2
D:/chest_xray/train/NORMAL/NORMAL2-IM-1350-0001.jpeg,train,NORMAL,1.356687898,3.252420969,d05e7ca0c7307e5abd7e2db53c9a84d94e97893287307f3c9b2c0614292cf38e
D:/chest_xray/train/NORMAL/IM-0709-0001.jpeg,train,NORMAL,1.23427673,3.306992191,d4007eaee7b53f40ed2b35ad7c91e45076c0e862e6d9f48968dee4842c2f4b52
D:/chest_xray/train/NORMAL/NORMAL2-IM-0421-0001.jpeg,train,NORMAL,1.241569167,3.194126822,815229b5c2a41a45dc2f697839ebeda569c039a3caff79ca1c14d34939e99e34
D:/chest_xray/train/NORMAL/NORMAL2-IM-0882-0001.jpeg,train,NORMAL,1.199082042,3.246258259,c15b2db4c6903a47ec6e69b43dab64b52dc23ca749f21cab92d64d2198f4cb52
D:/chest_xray/train/NORMAL/NORMAL2-IM-1322-0001.jpeg,train,NORMAL,1.443123939,3.308253841,91557fa086151a568d6809a51816c53b1b3f936ad3695b6dc74b52c1f25ed6f2
D:/chest_xray/train/NORMAL/IM-0164-0001.jpeg,train,NORMAL,1.487623762,3.13576814,d04abff58f571e5a196949a5489e96934a0b9289c351c72177d2c7c345f115fa
D:/chest_xray/train/NORMAL/NORMAL2-IM-1277-0001-0001.jpeg,test,NORMAL,1.314236111,3.231867603,d55e7e81c7b53e5a4978856968b4c49404974adba7cbce9dc78dc7294ad48183
D:/chest_xray/train/NORMAL/NORMAL2-IM-0897-0001.jpeg,val,NORMAL,1.197142857,3.363682601,91572d80c7a85a55ba6fcb75396ab1ff4ba13967b0e24d023c39d1d80b5b10f1
D:/chest_xray/train/NORMAL/NORMAL2-IM-0602-0001.jpeg,train,NORMAL,0.996575342,3.416625878,950b6ed00ff31b4b0b205c1a794d64b46c36f0a3e687f8cbb38f4a4939e5c71c
D:/chest_xray/train/NORMAL/IM-0742-0001.jpeg,val,NORMAL,1.282642089,3.29426316,914f2bd4c245384fd8a559e219c392dfdae89ef7c6d09ec334d6468726925256
D:/chest_xray/train/NORMAL/NORMAL2-IM-1051-0001.jpeg,val,NORMAL,1.244444444,3.317267772,d40067aa87d50b50856b2da5e49646d868d9c7ca4ad3c1ddc1f969fec0fa3837
D:/chest_xray/train/NORMAL/IM-0446-0001.jpeg,train,NORMAL,1.093317279,3.190482076,815129aac2f45a41582e58ad58e9d96f5da25852d67b5a50be79d6d93e5594f0
D:/chest_xray/train/NORMAL/NORMAL2-IM-1131-0001.jpeg,val,NORMAL,1.268292683,3.330509403,d40a7ca5c7d13f42bd2f6cb52c923cd96cf12c61189647b8cf9d3c7a49e0c612
D:/chest_xray/train/NORMAL/NORMAL2-IM-0395-0001-0001.jpeg,test,NORMAL,1.420560748,3.228118646,95f860afc6157874c96a2d2d69a4c6966892c743de233106c52cff2c69ce9cfc
D:/chest_xray/train/NORMAL/NORMAL2-IM-0983-0001.jpeg,train,NORMAL,1.101431981,3.24499446,915e2aa1c2a33a5fd86979c019ffc9d7384e92fe8a5892b896c894ad93c5c743
D:/chest_xray/train/NORMAL/NORMAL2-IM-1347-0001.jpeg,train,NORMAL,1.108433735,3.253236003,91556da8e6353a57bd6e4db83c94ccb14d45952ecb089f03d2c5cf429096c7d3
D:/chest_xray/train/NORMAL/IM-0480-0001.jpeg,train,NORMAL,1.016032982,3.242513383,915e7da086a53a578d7e0932115b4dc119c7d1c64f52d0b14b5c5d6dc3fd4d25
D:/chest_xray/train/NORMAL/IM-0269-0001.jpeg,train,NORMAL,1.120940649,3.076724009,915fa9208e651a4fb96e79f139eb59e939c590e24e4ab64ace412a5b96b0ce16
D:/chest_xray/train/NORMAL/IM-0750-0001.jpeg,val,NORMAL,1.224948875,3.175018231,c0af6aa4ef0f482fc0b44a92d04adf24597497d21e5917cd8f144db0cfb25eab
D:/chest_xray/train/NORMAL/IM-0555-0001-0002.jpeg,test,NORMAL,1.234842015,3.19313057,905529eac7a81e859e576a5f396ee9bc19f038c3c1e79fc4841e8215b668a47b
D:/chest_xray/train/NORMAL/NORMAL2-IM-0634-0001.jpeg,train,NORMAL,1.353053435,3.277466858,95f06a8f8714597acded6cbe68d6c61b6d2de1a5843430b67f1e843409859f68
D:/chest_xray/train/NORMAL/NORMAL2-IM-1308-0001.jpeg,train,NORMAL,0.983370288,3.47371107,995e3aa0cea01a439d6a5ff01ed296dbc659967ec795251730fb694a343a12d8
D:/chest_xray/train/NORMAL/NORMAL2-IM-0815-0001.jpeg,train,NORMAL,1.456419869,3.203379705,91fa6c05c612787b9d6569b6399ac6d36d4991adcf353d2093244f2e6d28d3c4
D:/chest_xray/train/NORMAL/NORMAL2-IM-1337-0001.jpeg,val,NORMAL,1.239744758,3.323929071,d4007eaa82f51b10ed4a852a2c3de47ca6e06cddc749d7cbc9e5c1e9d0cd68f4
D:/chest_xray/train/NORMAL/NORMAL2-IM-1102-0001.jpeg,val,NORMAL,1.242192922,3.181605276,d4406cbbc7bd1e50cb4a2d3f6cdba4fd4c95c81387934f19856a0f8029b4e5bc
D:/chest_xray/train/NORMAL/NORMAL2-IM-1127-0001.jpeg,train,NORMAL,1.281177382,3.246755573,d40b6ea4c7945b00cd2fa5b52cfc86e86ed5685b86c96d1df1f8c6966930c1f0
D:/chest_xray/train/NORMAL/NORMAL2-IM-0851-0001-0002.jpeg,val,NORMAL,1.240083507,3.332057467,d04028bfc2bc0a50bf47e92f3cd2d4ad6df51ca3c857c95e9c2dc8784b2c1e35
D:/chest_xray/train/NORMAL/NORMAL2-IM-1202-0001.jpeg,val,NORMAL,1.212779553,3.272589181,d14031bec6ba1ac1ba476935395a78bb49e939a5d9e6c946193e9ae549681a7c
D:/chest_xray/train/NORMAL/IM-0408-0001.jpeg,train,NORMAL,1.256097561,3.468042865,d40165eb87b91b548d6e0cb46c97c59b6c8bc5fa87a94978c1f479a561e0c0f3
D:/chest_xray/train/NORMAL/NORMAL2-IM-1106-0001.jpeg,train,NORMAL,1.15304799,3.400794563,d4422db5c7b41f42cd2c0dbc3cb6ccbc0d228c2f4f4b4d2fc3bc4b14d1b4c3f8
D:/chest_xray/train/NORMAL/NORMAL2-IM-0862-0001.jpeg,train,NORMAL,1.198473282,3.326297608,90557ca087b53b50bd6a4d2c18b43cb66cb13c938ca3cfb1bdbaccb54b14d30b
D:/chest_xray/train/NORMAL/NORMAL2-IM-0523-0001.jpeg,train,NORMAL,1.210626186,3.234457109,c00229b5c2aa0b4bbc2f69e03de1f8d7496a184fd86fcb6c1a256d61d6f79613
D:/chest_xray/train/NORMAL/NORMAL2-IM-1192-0001.jpeg,train,NORMAL,1.327221439,3.187665471,d0fa748586103a7a8d283cb56ccac6876fdec69ece1a6159c78d6d2cc307c6d2
D:/chest_xray/train/NORMAL/IM-0714-0001.jpeg,train,NORMAL,1.371428571,3.31335489,91e86457c613787a8961ecb37d81c4a74c9b99edce114c38db25cb1e0d3d9396
D:/chest_xray/train/NORMAL/NORMAL2-IM-1100-0001.jpeg,train,NORMAL,1.185310734,3.274672942,d42f6e84afd02b4b0d2c0cb608fa44b96cfb45ab4b8d69e9c3e97a7ad0e0c21e
D:/chest_xray/train/NORMAL/IM-0523-0001.jpeg,train,NORMAL,1.349005425,3.27302154,90557ce8c7b53a15be4a2d2a3824a5f06eab38cdc5014e1ff7fbcc780c38879c
D:/chest_xray/train/NORMAL/IM-0349-0001.jpeg,train,NORMAL,1.197893153,3.386412378,914e6f84c7574b4fcd2c69b438cbc2cd694e936c4b5c39e492d2c8c3b0a5f84b
D:/chest_xray/train/NORMAL/NORMAL2-IM-1286-0001.jpeg,train,NORMAL,1.125368732,3.285181659,d04175abc6b51a54936ecf243d1ab5b94f49b0edc3c44c4f9081cf5a9c7d9295
D:/chest_xray/train/NORMAL/NORMAL2-IM-1266-0001-0001.jpeg,train,NORMAL,1.412467976,3.289460758,910b2ed4e3903a4bed2d6bf43822e5b37de330ef41c8792d78f96b1e1486c1e0
D:/chest_xray/train/NORMAL/IM-0621-0001.jpeg,train,NORMAL,1.301451751,3.198669899,c06beea0eb107f2f4d3d54b648d3c24b0fadcb74831428f5abf7a6cf0050455d
D:/chest_xray/train/NORMAL/NORMAL2-IM-0879-0001.jpeg,train,NORMAL,1.348794063,3.164049346,d0115ca886151b0ecd7e8da10893c71e7f3c9f2dc3245f87fbc6d6c50a0fc3c9
D:/chest_xray/train/NORMAL/NORMAL2-IM-0803-0001.jpeg,train,NORMAL,1.360437842,3.234444676,c1fa7ca5e6123c7a6d20cd906e97cf5acf1dcf1cc704cf0b09b686c98b1a38c1
D:/chest_xray/train/NORMAL/NORMAL2-IM-0395-0001-0002.jpeg,train,NORMAL,1.233449477,3.1873147,d41ff6a0c7157a5eed68a5a56494c6cb7ac9c14897a179c781c3ecb47bd08468
D:/chest_xray/train/NORMAL/IM-0251-0001.jpeg,train,NORMAL,1.502487562,3.160351705,915f7ea0e7953a1fab7a3d6939b03d903c9139d08c833cba18d29cb93c3c4d0e
D:/chest_xray/train/NORMAL/NORMAL2-IM-0988-0001.jpeg,train,NORMAL,1.020833333,3.219982727,915e78a0c2b03a47596e79a87898d1fb1ee5d846964ade1fd75896855255c5e1
D:/chest_xray/train/NORMAL/NORMAL2-IM-0571-0001.jpeg,val,NORMAL,1.303067485,3.253905227,916a2d94ce013a4a596d59a018a24de31defdb781e28d27ed74f14f5c34e4697
D:/chest_xray/train/NORMAL/NORMAL2-IM-0913-0001.jpeg,val,NORMAL,1.216129032,3.304497819,d40a76a887b53b028d2e2cbf2cf886d03ed486cb878f499487a5cf1ac9d29f87
D:/chest_xray/train/NORMAL/IM-0522-0001.jpeg,train,NORMAL,1.523277467,3.197839196,d0ff6a80c7027d2f853405b00cd2c4c94b4c992cc7b079baf1f4e7837bdbc0f3
D:/chest_xray/train/NORMAL/NORMAL2-IM-0866-0001.jpeg,train,NORMAL,1.172470978,3.318655306,89166faec7864a154f6a456919e9c96be9b63986ea96e9d2b884e4a5b161b4e1
D:/chest_xray/train/NORMAL/IM-0131-0001.jpeg,val,NORMAL,1.267482517,3.309611293,815e6ea0cf95481e496841a46996c2da721d707ea12f781ee98ef78f6d5f114b
D:/chest_xray/train/NORMAL/IM-0512-0001.jpeg,train,NORMAL,1.218139171,3.403565096,d9002abed6f85b511c7e41fe1de086a103c1965ac61ca74ab6b1e3e6b58ba6d6
D:/chest_xray/train/NORMAL/NORMAL2-IM-0456-0001.jpeg,train,NORMAL,1.267840593,3.26194916,815faaa0c6845a5bdc7e4db15cc3d58a5f8651aac3306f69b1e14f523d0796f0
D:/chest_xray/train/NORMAL/IM-0379-0001.jpeg,train,NORMAL,1.235842294,3.257098983,d10aee81c737794fed246d936d83c6874b06932ccb05396db1e4694e30ed325b
D:/chest_xray/train/NORMAL/NORMAL2-IM-0831-0001.jpeg,train,NORMAL,1.007936508,3.209621482,80577faace2f7a55596049af58978d7d5a3c1e5486a3d68795a585a5989494b4
D:/chest_xray/train/NORMAL/NORMAL2-IM-0589-0001.jpeg,test,NORMAL,1.275157233,3.31403187,d06b2df5e2101a4b9c2d49f419a2d9c7c96b9c6dc87cce789a75cb6186619a5a
D:/chest_xray/train/NORMAL/NORMAL2-IM-0860-0001.jpeg,test,NORMAL,1.097231165,3.307030118,995569aa87a05a859a554f2b583e257b6c6b39fd0d8278a739e64fa710926b0e
D:/chest_xray/train/NORMAL/NORMAL2-IM-0692-0001.jpeg,val,NORMAL,1.123859192,3.187198736,d111e5bac7b01a55c92e69da39cac1b90bd29212c37a393871ee6fc435a5cd0f
D:/chest_xray/train/NORMAL/IM-0627-0001.jpeg,train,NORMAL,1.190224571,3.251001926,915f69a0c6a01a45c96d49a459ebcdb15967987eca381a789678561cb7bd9785
D:/chest_xray/train/NORMAL/IM-0753-0001.jpeg,train,NORMAL,1.383773929,3.279399933,94422af5c3d41a4a9c2d58a51cd7d2cd5b6d9e2fc6bd3c78b4b10681192bc2f7
D:/chest_xray/train/NORMAL/NORMAL2-IM-0410-0001.jpeg,train,NORMAL,1.282242991,3.392132046,81573faac6801a5f9c6bc4ed73859c8ec6ba26489c6bc629bfcf3403e696c30a
D:/chest_xray/train/NORMAL/NORMAL2-IM-0874-0001.jpeg,test,NORMAL,1.3456505,3.262301755,d02b7c84e7121f4b8d3c4db41cf2ccf90d2d9cb4cf1c1f2cdb344b229234c37d
D:/chest_xray/train/NORMAL/NORMAL2-IM-1317-0001.jpeg,test,NORMAL,1.146814404,3.296967951,d157feaac7a01a41896c48a4309cc6f53ff571ec96386c29969d6d0fb49e4383
D:/chest_xray/train/NORMAL/NORMAL2-IM-0828-0001.jpeg,train,NORMAL,1.107592191,3.540739877,9158781546a2107e4a6539ba79e97d317861b5a369dfb1b0679eb1ba6196992c
D:/chest_xray/train/NORMAL/NORMAL2-IM-0693-0001.jpeg,test,NORMAL,1.188235294,3.449886808,95a82c570e175b7a7b21e8b06895f1c764d625c627df97d86d01979e7d50b404
D:/chest_xray/train/NORMAL/IM-0553-0001-0003.jpeg,train,NORMAL,1.034288398,3.268470352,914f3914c6a51a4f597569e139eb79e5490798eecb4a9e1992d0cf09983dd8d1
D:/chest_xray/train/NORMAL/IM-0241-0001.jpeg,train,NORMAL,1.297413793,3.238171315,904e2c25cf31384b996d49b418f6ca698b699a6dc7509713f6d7e6d3305926da
D:/chest_xray/train/NORMAL/IM-0403-0001.jpeg,train,NORMAL,1.100496278,3.140816193,d02b3d54c3f5394b992de8b438b690d3cb69924bcb6d8e699a78c6408e1fb2d2
D:/chest_xray/train/NORMAL/NORMAL2-IM-0944-0001.jpeg,test,NORMAL,1.105557949,3.379936407,9d40bfbfc2ae0b419b2f6b953c0b30dd6f403c034b522d0b1cff6f4b0c0f386a
D:/chest_xray/train/NORMAL/IM-0666-0001-0001.jpeg,test,NORMAL,1.21220527,3.279690336,915f39a0c6a31a57986fc86119e390e349c3985adef8ce709eb5ce6186f39435
D:/chest_xray/train/NORMAL/NORMAL2-IM-0790-0001.jpeg,train,NORMAL,1.26875,3.190754228,d4427fa0c7b51b50ad7c4db41896cc294f251d2fc72d7f0c1c3c47a4096ede1b
D:/chest_xray/train/NORMAL/NORMAL2-IM-1345-0001.jpeg,train,NORMAL,1.237531699,3.409298225,d4402fafc7b51a508d4bc92f09b49492cf7b9b49c32dc36c3b25c2f5c34a92d3
D:/chest_xray/train/NORMAL/IM-0285-0001.jpeg,train,NORMAL,1.295186194,3.358198924,90556da8e7913a17896a4b213834ccf26db33c2f4faf6b0e38e44f286b0ec3f8
D:/chest_xray/train/NORMAL/IM-0654-0001.jpeg,train,NORMAL,1.178406847,3.177461994,91553feacea01a15087b4978192049e949e1396747fc1f5e52ffc3d297ad80f1
D:/chest_xray/train/NORMAL/NORMAL2-IM-1194-0001.jpeg,test,NORMAL,1.23853211,3.335105018,90553aaed2801a41dc6b50ff1de5958d5487940b94af1de1bce1e5fd4d2b6568
D:/chest_xray/train/NORMAL/NORMAL2-IM-0577-0001.jpeg,train,NORMAL,1.128174123,3.216357937,91556da087e03a05cb743d2d787c2d6978ed69650ca7697695a65cbd4968c60f
D:/chest_xray/train/NORMAL/NORMAL2-IM-0585-0001.jpeg,train,NORMAL,1,3.346018123,98516faa27b91a51396ec12c7892c45d6f85914f73eac35a30fac2d1383db47a
D:/chest_xray/train/NORMAL/IM-0541-0001.jpeg,test,NORMAL,1.274638633,3.271455018,d0af3d52c73a1d2fcc34cd901883d2dd6b8eb97dd3745b69386492430f0992d9
D:/chest_xray/train/NORMAL/IM-0547-0001.jpeg,test,NORMAL,1.206703911,3.390666606,d4106cabc3f51f42cf0e2cb91c72c4d26992960ac30f3f1eb43e47ad2947d2f5
D:/chest_xray/train/NORMAL/IM-0679-0001.jpeg,test,NORMAL,1.188531712,3.329577398,d00b6ea0c7d6590bc52de0b478d2d6c97b0db36c978038d0ffe2decd29e89648
D:/chest_xray/train/NORMAL/NORMAL2-IM-0776-0001.jpeg,train,NORMAL,0.985867722,3.181662623,9955a12ec4be1ec8d6696b85b4026b932d2b78ab6d6a78a569d03c2d79c36b43
D:/chest_xray/train/NORMAL/NORMAL2-IM-0595-0001.jpeg,train,NORMAL,1.218114603,3.354567723,91556faac7a11a01896b4da91981c6f253eb5ac693685e167d6dc6da496c96e5
D:/chest_xray/train/NORMAL/NORMAL2-IM-1241-0001.jpeg,train,NORMAL,1.333333333,3.02868819,d4003eb783d20b099e25c6f23cd1b4d9c7f4352597b54f7c34e160f363a992c9
D:/chest_xray/train/NORMAL/NORMAL2-IM-0797-0001.jpeg,test,NORMAL,1.064026403,3.245874874,8c0b3fbd87551f4a492e40b458cac2eadbcbdb4dd76c5a24f27ac6806a03e78a
D:/chest_xray/train/NORMAL/NORMAL2-IM-0383-0001.jpeg,train,NORMAL,1.271621622,3.26311161,d46b3d94e3d03f4bc9342db478faa4b06c4b38edcb1e0c0d93c196c6b5e8860f
D:/chest_xray/train/NORMAL/NORMAL2-IM-1094-0001-0002.jpeg,train,NORMAL,1.252056844,3.159459454,915f39a0c6251a57986d49e539a7d1e7595a986aca789e6992f14e4396a5e5e0
D:/chest_xray/train/NORMAL/IM-0306-0001.jpeg,train,NORMAL,1.326923077,3.323795143,d0412ca8c3141b4aec2f45b038d3c65b692c9a7cc7385b5836d3c7cbb6d6c6ed
D:/chest_xray/train/NORMAL/IM-0291-0001.jpeg,train,NORMAL,1.510447761,3.334653886,914b35b4c7901b4b9c6f693c38a6d0f469c338c7e8cb934b3cf44d78161236f3
D:/chest_xray/train/NORMAL/NORMAL2-IM-0452-0001.jpeg,train,NORMAL,1.486707566,3.176987131,d02bf6a0e752393ee5a5e49268c0c6c9fb3da9b08b0029f3ebf2a6b528388e6d
D:/chest_xray/train/NORMAL/IM-0570-0001.jpeg,train,NORMAL,1.168597169,3.236957437,90007dea87b81a55895f0d3a185b45f978e594f64fb2781fc5a17f25d16c47a1
D:/chest_xray/train/NORMAL/IM-0442-0001.jpeg,val,NORMAL,1.116863905,3.388458347,95006fbfabf52bc0892a0dae48f1c1f05df049f3c3e159a4c974d3e0d9f4c964
D:/chest_xray/train/NORMAL/NORMAL2-IM-1371-0001.jpeg,train,NORMAL,1.147239264,3.176280443,d02f3d54ea952d4b386540e449a2188348d14d091a7fdb78cf7f9e7fe86bc612
D:/chest_xray/train/NORMAL/IM-0475-0001.jpeg,train,NORMAL,1.29070632,3.248190235,915f7ca0c7311a529d684db41892c47b4b5b1e6ec2180f0cbefecfd4308ebcd3
D:/chest_xray/train/NORMAL/NORMAL2-IM-0395-0001.jpeg,train,NORMAL,1.254498715,3.240499107,916b3db4c6141a5b9c2dc1b63983969ecf0994adc275872510a4c3cbf789dade
D:/chest_xray/train/NORMAL/NORMAL2-IM-1059-0001.jpeg,val,NORMAL,1.190725505,3.285876167,d41bfca8e7957a17e96a6da868f5e7816e8fe7c2868a68d2c9c348b56902cc12
D:/chest_xray/train/NORMAL/NORMAL2-IM-0832-0001.jpeg,test,NORMAL,1.321305842,3.442117026,905469aac6b81e41d84f59b99cb1cff81941d07e4a7e1a5ad67c1e1595f8ca5a
D:/chest_xray/train/NORMAL/NORMAL2-IM-0942-0001.jpeg,val,NORMAL,0.963576159,3.280093813,9815393ec6ea1aeada404a013d53781b797b38a8597d1da490bf9797968b817b
D:/chest_xray/train/NORMAL/IM-0416-0001.jpeg,train,NORMAL,1.275035261,3.324698649,90416aafc2b55b41df2f69ad7d696cb869c038ebc9ff09021c29597c1f0e9634
D:/chest_xray/train/NORMAL/NORMAL2-IM-0700-0001.jpeg,val,NORMAL,1.056369786,3.286930131,91577aa8d6a01a47107f09d1196b45a13de797ff8f18b03ec785e527c1e44517
D:/chest_xray/train/NORMAL/IM-0182-0001.jpeg,val,NORMAL,1.365174129,3.243314439,d40b7ea0e7d47f4a8d3d2cb56cd3c7c9694dc16cc334387480f06896a1e6c787
D:/chest_xray/train/NORMAL/IM-0606-0001.jpeg,val,NORMAL,1.280276817,3.213769435,d42a7e80a7563d0bedb5a49568c0e64de6a5e340f608f8d8ed8bfc1a6c916d0d
D:/chest_xray/train/NORMAL/IM-0189-0001.jpeg,train,NORMAL,1.321911632,3.236817892,915539eac7a01a559a5dcb7c399e91af6981398fc0cecb5e18edc86a4a5e3845
D:/chest_xray/train/NORMAL/IM-0145-0001.jpeg,train,NORMAL,1.380622837,3.332138287,955f6ea0af151a5ecd6c2da54cd0ccba4dbecf3e4f05496dc3cb18a4492303a3
D:/chest_xray/train/NORMAL/IM-0554-0001.jpeg,train,NORMAL,1.197781885,3.304747686,d44b2fe5cb040a5b00a957a57c5fe53d7e3d782ccd9e3cdbb0cb82c2189293e0
D:/chest_xray/train/NORMAL/IM-0515-0001.jpeg,train,NORMAL,1.40874036,3.27311767,d14b3db4c7961a4b9c2d49b439a2d0f0494bb82fc9f60d2d187fcb609c341a7f
D:/chest_xray/train/NORMAL/NORMAL2-IM-1406-0001.jpeg,train,NORMAL,1.47008547,3.103945345,917e6ca1c7151a5e996aed29389ee4e96f8579fec7a3cf1b1a69c1210f2c0a40
D:/chest_xray/train/NORMAL/IM-0510-0001.jpeg,train,NORMAL,1.408892764,3.213994783,d02f6ea0c7d04b0aad2fc5b46cd064d8c6d1644b90dac6106d39b1d3ebd27cbf
D:/chest_xray/train/NORMAL/NORMAL2-IM-0384-0001.jpeg,train,NORMAL,1.372294372,3.247380366,c40d6ee0ab500d2ecdb4449058c3456896f5497ac7a95b1c6d7abfbe283fa978
D:/chest_xray/train/NORMAL/IM-0548-0001.jpeg,train,NORMAL,1.581272085,3.220360377,d0ad6840c30a1d2dcc3286d238e9d3e7990659f1d73bdf3a8120d65bfff121e2
D:/chest_xray/train/NORMAL/NORMAL2-IM-0684-0001-0001.jpeg,train,NORMAL,1.023140496,3.524309021,dd402cab02bf0b700d2a4dbe2cac7ce840f6d9d293efc33f1b25d2344734de32
D:/chest_xray/train/NORMAL/NORMAL2-IM-0833-0001.jpeg,train,NORMAL,1.200800534,3.251240303,915f7ca086153e5e8d682da12c96ceda2c98cf588ebc49358f87dda6cb968c34
D:/chest_xray/train/NORMAL/NORMAL2-IM-0396-0001.jpeg,train,NORMAL,1.138535995,3.27833974,99576faa87b51a45497e1da038f445f958b5d16547065a4fc7cb5e0b094ac7c1
D:/chest_xray/train/NORMAL/NORMAL2-IM-0663-0001.jpeg,train,NORMAL,1.081780538,3.326772175,d4403df5c2bf1f50ad322cbc3c2b64bc2cf2bcb34b961d03c2bd0b64982fc3d2
D:/chest_xray/train/NORMAL/NORMAL2-IM-1102-0001-0001.jpeg,train,NORMAL,1.202502844,3.275756561,d540e6bf82d41b42a9352cd0384925f43cd6b4fb4e19343e5fa52d3ec3a46f86
D:/chest_xray/train/NORMAL/IM-0662-0001.jpeg,train,NORMAL,1.304495335,3.20945905,d40b7ea0c3d51b4acb2f85b468b6c4d226e8625cc7e8b71f49c4816ad8b4e9f6
D:/chest_xray/train/NORMAL/IM-0695-0001.jpeg,train,NORMAL,1.272094642,3.30891431,815778a0e7a05a07f85b69a0796569e24d65497e9c62ce1e8d789e63cc658d6b
D:/chest_xray/train/NORMAL/NORMAL2-IM-0403-0001.jpeg,train,NORMAL,1.457058243,3.245595125,9154f00786151a5291eb1da5b1b496b23c6b956bce673863778ade32b7b1961a
D:/chest_xray/train/NORMAL/NORMAL2-IM-0466-0001.jpeg,train,NORMAL,1.154527559,3.200668891,d02b7400c6903e439f742d123cf86cf92cb730f64d2734b6cb2b4f3d1b2c4f2d
D:/chest_xray/train/NORMAL/NORMAL2-IM-0970-0001.jpeg,test,NORMAL,1.194744977,3.299502714,90557bfac6a85e95d85f5878197001fa1ba318d5d6ec1e10963846bb3d4af4b5
D:/chest_xray/train/NORMAL/IM-0618-0001-0001.jpeg,val,NORMAL,1.210776545,3.241652508,d15b6fa087b11a57052a0d0a1c5a4df139f44cb24fb314bf4fb17f0ccf684b61
D:/chest_xray/train/NORMAL/NORMAL2-IM-0651-0001.jpeg,train,NORMAL,1.169258373,3.472594418,99407eba46e01a455a3e1a59186a4fb03ca1a5e52796b09ee1b7396fb8786b5e
D:/chest_xray/train/NORMAL/NORMAL2-IM-0425-0001.jpeg,train,NORMAL,1.308219178,3.51905211,90adbc52c3d01b2f5274493d38695eb049bf18696b001e8f1adacf8b1a5e8ff3
D:/chest_xray/train/NORMAL/IM-0330-0001.jpeg,train,NORMAL,1.19395466,3.319059702,d40a3f75e35a3f099d2598d63cda9a691ead9927983e9b1e1a0e92780e469a4d
D:/chest_xray/train/NORMAL/NORMAL2-IM-1296-0001.jpeg,train,NORMAL,1.248505551,3.240149072,d4436cb5c79b5b4acd2e4cb46cfac4926c13e4ebc7af4d3c89b0cf3649289380
D:/chest_xray/train/NORMAL/IM-0694-0001.jpeg,train,NORMAL,1.290780142,3.237017934,d0ab2dd0e61a386fec2069e63ce3e1d26c8518fdce100d25daf4cf239eb6c1e1
D:/chest_xray/train/NORMAL/IM-0217-0001.jpeg,train,NORMAL,1.297254902,3.102888322,c0fc6043c703793dc134b4b264c3e0c5c64e684dc61dc6186d8f9f96df5b6d93
D:/chest_xray/train/NORMAL/IM-0168-0001.jpeg,val,NORMAL,1.292333614,3.319944814,d40b7ea0c7d01f0bcd2f85b56cd3c5c0c6d068fb87cb499d39f0c5916892e9a3
D:/chest_xray/train/NORMAL/NORMAL2-IM-1102-0001-0002.jpeg,val,NORMAL,1.082746479,3.375798036,98007f6ec6be1ed55a574b691da445f54de3104b42f61a42143fc77b1d5294bc
D:/chest_xray/train/NORMAL/NORMAL2-IM-0935-0001.jpeg,train,NORMAL,1.302507837,3.296648087,914a29b5c3b03a46f86f692c39b665d16dc3b1e74bc3193a42fd4b6938704e56
D:/chest_xray/train/NORMAL/NORMAL2-IM-0843-0001.jpeg,train,NORMAL,1.163487738,3.269547888,90553aaac6a81e859e5a51fb39a135e819f01ce3927e9e78bc79863d85293d72
D:/chest_xray/train/NORMAL/NORMAL2-IM-1179-0001.jpeg,train,NORMAL,1.2696793,3.270790182,98556faac7a81a450b6f49b83c7b4dfb190709c64f12184bcf781e35c7a1cda5
D:/chest_xray/train/NORMAL/NORMAL2-IM-1025-0001.jpeg,train,NORMAL,1.347792409,3.205872141,915e3905c626385ab86979e1388690f66ef33ce98a610e63beff9ed30612b496
D:/chest_xray/train/NORMAL/IM-0223-0001.jpeg,test,NORMAL,1.29239358,3.197055704,91da7d05ce347a7edd6c6da53db6cff949249a78ce701a688604c7063386c3c8
D:/chest_xray/train/NORMAL/IM-0301-0001.jpeg,train,NORMAL,1.348066298,3.279183008,915f34a0c6853a57a87e4d20397b65a16d8539e617c2692c3bf06dad7878bc63
D:/chest_xray/train/NORMAL/NORMAL2-IM-0863-0001.jpeg,train,NORMAL,1.202445652,3.340486432,c0553dabe2b43e41e9346db83cb169bd3ccf481e8b4a0c168a689eb49c6d9fc3
D:/chest_xray/train/NORMAL/IM-0367-0001.jpeg,train,NORMAL,1.25704526,3.278927422,d40b7eb4c3503f09cc35ec94b8cbc3c0fb43f367c304f90cb260f24af0c8e7cb
D:/chest_xray/train/NORMAL/IM-0734-0001.jpeg,test,NORMAL,1.038772213,3.346348577,9157fd2087e03a073866693539fa68e94961f1a4cfa6cf2fc7a9ce0fc628c309
D:/chest_xray/train/NORMAL/IM-0626-0001-0002.jpeg,val,NORMAL,1.383506805,3.307667431,915e3aa1ca171a5ed8685aa1189786db0acf1e6d46d03c2114f10df71fff59f0
D:/chest_xray/train/NORMAL/NORMAL2-IM-0730-0001.jpeg,train,NORMAL,1.259036145,3.099999121,d40a7ed5e3d63f08ed342cb02c4a04a10c912c3fcdbd1c3e4d3c9fb65c7a87b4
D:/chest_xray/train/NORMAL/NORMAL2-IM-0774-0001.jpeg,train,NORMAL,0.987023201,3.497239809,9d512cbf46f61b4008be48d83c6f4ab4bc41f2c5e3c6b49be3d3bc2728b06d23
D:/chest_xray/train/NORMAL/NORMAL2-IM-0887-0001.jpeg,test,NORMAL,1.367458867,3.38054379,914b3ca4c6b01b4b9c6dc9343da498d66dd3bca7c0cccf2dfa7cc97886253930
D:/chest_xray/train/NORMAL/IM-0644-0001-0001.jpeg,train,NORMAL,1.258823529,3.096129686,d40beeb0ab555b2fec344db2b8fbc0d5aa57f1afa304f90eb220fa42b002f6c0
D:/chest_xray/train/NORMAL/IM-0245-0001.jpeg,train,NORMAL,1.164864865,3.187409966,91026abc4ea45e474d2e4df04d67c7a5061ec78cc79485a5c7a1cd2ec7e64f5a
D:/chest_xray/train/NORMAL/IM-0227-0001.jpeg,test,NORMAL,1.160049628,3.171073782,d04f2bd5da40386bf8b55ad01ac3d6771e529e7bc6d03e92d696479a2c1cc258
D:/chest_xray/train/NORMAL/IM-0680-0001.jpeg,train,NORMAL,1.419294991,3.338909177,915a7ca1c7151a6acd600da568d287eb6afde5a0c72139f0c1adc392e8f0cf1f
D:/chest_xray/train/NORMAL/NORMAL2-IM-0563-0001.jpeg,train,NORMAL,1.084912281,3.282824163,dc41acbfc2bf1bd4cb6a4f261c0bc01d4d0df8f0c9f4ec30d0a5ed0bdc6bc301
D:/chest_xray/train/NORMAL/IM-0660-0001.jpeg,train,NORMAL,1.023142509,3.283389564,915529aac6e01a45d96b59e0d94393c918c696f21ed2b4f386f16c7787f32e16
D:/chest_xray/train/NORMAL/IM-0517-0001-0001.jpeg,train,NORMAL,1.270858525,3.197127252,915afe818e563a6a8d3429d034e96cd03dfeceb40c39dab14f356979ca128c7a
D:/chest_xray/train/NORMAL/NORMAL2-IM-0834-0001.jpeg,train,NORMAL,1.1996456,3.481480059,814f2fd5c2404a4f3c3fe0b83fd1c61626de963c667c65a03ca7e1273face00b
D:/chest_xray/train/NORMAL/IM-0577-0001.jpeg,train,NORMAL,1.137190083,3.235919869,90547daac7b51a579d2a4d2d389694f24ed3b0aec6b4ce1eb3ad4f34243cb380
D:/chest_xray/train/NORMAL/NORMAL2-IM-0424-0001.jpeg,train,NORMAL,1.276348548,3.351881294,90557deae7b03e91be5b6b6a3924e4b069f53ce5449228563cbb6ff81c284825
D:/chest_xray/train/NORMAL/NORMAL2-IM-1224-0001.jpeg,test,NORMAL,1.313235294,3.217466891,d40b6f91c3924f2be5b764f164c1c7c86d97c3f9cf104970c3f2f492296b90d0
D:/chest_xray/train/NORMAL/IM-0292-0001.jpeg,train,NORMAL,1.238666667,3.12489841,917a6c05ce36587a8da549a51dface781b6896614e15304ee2d6651a78d2ffc3
D:/chest_xray/train/NORMAL/NORMAL2-IM-0811-0001.jpeg,val,NORMAL,1.226608187,3.226396045,804a2af4c2807a5b5c6f59f439c679875bdf38cbd2584b413cf1d6f01da51ca3
D:/chest_xray/train/NORMAL/IM-0546-0001.jpeg,train,NORMAL,1.272477694,3.257445781,d04b3cb5e7101b42ad2f6fb43cd248f10cc349b6ceb70d3d926d0f0bda26c7b0
D:/chest_xray/train/NORMAL/IM-0374-0001.jpeg,train,NORMAL,1.243937233,3.300064128,91146cfb86f13b02ad3a38b568f687b07907cd2e5f0c696d93c168749d2c9e4b
D:/chest_xray/train/NORMAL/NORMAL2-IM-1237-0001.jpeg,train,NORMAL,1.313944817,3.193765288,915b35aec6801a419d7e49ac3d21f5a56996bcc6c0ae49469efde17d382a9275
D:/chest_xray/train/NORMAL/IM-0478-0001.jpeg,train,NORMAL,1.073670724,3.217404127,90577aa856951a57106f19a139c795a53cd794ef86213c25c6a16f3f13af43d2
D:/chest_xray/train/NORMAL/NORMAL2-IM-0545-0001.jpeg,train,NORMAL,1.068157614,3.351041572,c41b6ea547d64f0f453a0c910c8a869e0f9f872f87842d53b7f3c7c384e3c3d2
D:/chest_xray/train/NORMAL/IM-0235-0001.jpeg,train,NORMAL,1.210666667,3.175084092,917e2825ce67187ad9694fa11dbac778c71c9218c617b31fb19ca79678589694
D:/chest_xray/train/NORMAL/IM-0432-0001.jpeg,train,NORMAL,1.205211726,3.226595154,815e6f818f155b5f416945a74b83c7ab53fcc1e0c7a169f0c3e3c2b4c1d8d2c3
D:/chest_xray/train/NORMAL/NORMAL2-IM-0744-0001.jpeg,test,NORMAL,1.092592593,3.042801892,d15f6c95e7b01a473b2d4db439ed84f949a5386e86be4f1b30cfc2930c0990e9
D:/chest_xray/train/NORMAL/IM-0351-0001.jpeg,train,NORMAL,1.117128463,3.370306098,91423daee7bd1a40bb4e483d395adca969f539e759f70962182e4b4a9aa71868
D:/chest_xray/train/NORMAL/NORMAL2-IM-0899-0001.jpeg,train,NORMAL,1.02232519,3.481229499,88057fea42f15a42037e4fbb1adb496c6fa418766fe82b987a80afc16a4dbf80
D:/chest_xray/train/NORMAL/IM-0544-0001.jpeg,train,NORMAL,1.199066874,3.246315846,915429bac6b01a44ba6a6f7839bb6df949a538264eae4f1ede3c4f1d49694270
D:/chest_xray/train/NORMAL/IM-0663-0001.jpeg,test,NORMAL,1.338345865,3.122060992,915429bec7a01e55de4fc8296821d4b1ebd1b903d086c3dafa5fde09c908e97d
D:/chest_xray/train/NORMAL/IM-0199-0001.jpeg,train,NORMAL,1.807923169,3.197180332,857a9f04ce5a1a68e5a50b96f1b0c6b3bb6dc6f1ca3d31a5c3103a1cb48ccf69
D:/chest_xray/train/NORMAL/IM-0497-0001.jpeg,val,NORMAL,1.120603015,3.270978413,d4416fbf87bd1b408d3e0db90cddc4b61b83834b43a89a74c3f81a5684f8b49f
D:/chest_xray/train/NORMAL/NORMAL2-IM-0983-0001-0002.jpeg,train,NORMAL,1.244482173,3.264656081,915a2bf5ca401a5fd86949f21e92da5a96f896f1e673e6233c06653097bc790a
D:/chest_xray/train/NORMAL/NORMAL2-IM-0807-0001.jpeg,test,NORMAL,1.118922962,3.252647343,915ffca0c7b01b4f8d3e84b718d392e6cf97bb4e86244f10b6d6c7c32183b481
D:/chest_xray/train/NORMAL/NORMAL2-IM-1060-0001.jpeg,train,NORMAL,1.216365067,3.524446695,81552deac6a85a05cc6b49eb1967c3385b5a966b431c9609f6a9eb4fb687c0f2
D:/chest_xray/train/NORMAL/NORMAL2-IM-0914-0001.jpeg,train,NORMAL,1.284815813,3.349885337,d5457fab87b50f048d2a4daa0cb786930b079b274ba51b618168c3f49cafc3eb
D:/chest_xray/train/NORMAL/NORMAL2-IM-0793-0001.jpeg,val,NORMAL,1.358478803,3.198895529,c1e43d066f52196d38e4c3d03ecb92e96649963d3659c699369bc698279d669c
D:/chest_xray/train/NORMAL/IM-0625-0001.jpeg,train,NORMAL,1.365337673,3.237157141,91557fa8ce011a5fd96a4ba91ca5cedb5a6a1a684e383e5934b84b14b49ecba6
D:/chest_xray/train/NORMAL/NORMAL2-IM-1027-0001.jpeg,train,NORMAL,1.277467412,3.331955966,915f2de8c7a01a15985f497a39ace1a54f87b34fc24b9278f279cbc1128931db
D:/chest_xray/train/NORMAL/IM-0290-0001.jpeg,train,NORMAL,1.191073919,3.269016048,91ee2914c255384ed92d79a739a6d1e1194b90fcda589c3c9294cf0f9df0c78e
D:/chest_xray/train/NORMAL/NORMAL2-IM-1182-0001.jpeg,train,NORMAL,1.400816327,3.253650477,91577da0c6b11a57996c69a019ffc4a50c1e907ec678de3d97a1ce5292969785
D:/chest_xray/train/NORMAL/NORMAL2-IM-1250-0001.jpeg,train,NORMAL,1.427419355,3.118995083,d0af6e94c7121f0bfd2fe5b52cd6e4d066c12846c1a4cf103934a1a4cf87f97a
D:/chest_xray/train/NORMAL/NORMAL2-IM-1010-0001.jpeg,train,NORMAL,1.275964392,3.262968312,904b2ca5c7905a42ed2e69b43ca04cb53dd39c2fc9381c3dcf7ccf2c9a35c3e2
D:/chest_xray/train/NORMAL/NORMAL2-IM-0974-0001.jpeg,test,NORMAL,1.089581951,3.179617233,915e35a5c6b53a56b06dbd2939a095b539c7b1ee83c8986ab2f98d42b4b4c943
D:/chest_xray/train/NORMAL/IM-0595-0001.jpeg,train,NORMAL,0.915318744,3.226111122,c1416da4c7b54b018d226d2c6dadf0e943e59b47937b92591a6933ec97c0696f
D:/chest_xray/train/NORMAL/IM-0615-0001.jpeg,train,NORMAL,1.240544629,3.300742599,94ab7c91c7503903ad396cb43cf4dcf04fd298679b24cf3c993483408d27dec7
D:/chest_xray/train/NORMAL/NORMAL2-IM-0967-0001.jpeg,train,NORMAL,1.468152866,3.219648275,c0bd3d52c30f382fec346bc23c8bc9eb6dbf19e48a4869349af249269436d963
D:/chest_xray/train/NORMAL/NORMAL2-IM-1203-0001.jpeg,train,NORMAL,1.245248869,3.348399109,815f2fe0c6011a5f9868c9e439878596eb1a3d6ad669cf691c2f82df470d3cb8
D:/chest_xray/train/NORMAL/IM-0629-0001-0001.jpeg,train,NORMAL,1.26361186,3.233353641,d42b34d0c2103d23fcbf2cfc3cb548d21d33d3b50e30783cc7f46c1e92c3278f
D:/chest_xray/train/NORMAL/NORMAL2-IM-0654-0001.jpeg,test,NORMAL,1.45979021,3.310755052,c15a3bacee013a5f7c6849f8398259afdbf61986da4049781b7c5e1781699875
D:/chest_xray/train/NORMAL/NORMAL2-IM-0604-0001.jpeg,train,NORMAL,1.183020181,3.336042068,d00a2cf5e2503f4bec2f68b43ce2d0a56de33cad4a792d249a75cf689a0792f4
D:/chest_xray/train/NORMAL/IM-0177-0001.jpeg,test,NORMAL,1.344891641,3.283785483,d0ed3d52c773196d3965cc9239c3a6699b61336c9330e64b6499b2caccd9099e
D:/chest_xray/train/NORMAL/IM-0761-0001.jpeg,train,NORMAL,1.311284047,3.41913759,84117cbae3b81fc58b0ecf2e4cadccb546d24c83ccd78786478bcb5a858f49a5
D:/chest_xray/train/NORMAL/IM-0237-0001.jpeg,train,NORMAL,1.570175439,3.351786211,d0eb7c81c6103a4a8d6c2da53cd3c4db78dbbcf8ce913c398c394f923c34c734
D:/chest_xray/train/NORMAL/IM-0368-0001.jpeg,train,NORMAL,1.225085911,3.338800148,801555e887a85e05c85d2d6a6cfac5c8e5af49b6879649b2cbc9b1e27ba5e1b4
D:/chest_xray/train/NORMAL/IM-0324-0001.jpeg,val,NORMAL,1.2867884,3.178262264,d43e7e80a7573d2fad259c9268d2c68a8e1ecf0c8f0c4b7ec3c292463b4e9369
D:/chest_xray/train/NORMAL/IM-0600-0001.jpeg,train,NORMAL,1.231182796,3.207150651,817b6aa0ca064a5b5c2d4da459820c2a4a389a7e9e7cc73c96b51e356f2bd79f
D:/chest_xray/train/NORMAL/IM-0599-0001.jpeg,train,NORMAL,1.354895105,3.203116165,8155a1fec6b01a41986ff92c3980b5d3c5fb394e906acf21de7bb4f504a13cf0
D:/chest_xray/train/NORMAL/NORMAL2-IM-0888-0001.jpeg,train,NORMAL,1.142191142,3.206239599,955afc00c7b03a5fad322c952cf84cb44c16c73ecf3c693cd784693ec3a6c296
D:/chest_xray/train/NORMAL/NORMAL2-IM-0947-0001.jpeg,train,NORMAL,1.339242546,3.336633768,94576ea88f151b4acd3c4db0ccd24f904936c7ac4b0d832dcb0ffb5693a43a4f
D:/chest_xray/train/NORMAL/IM-0563-0001.jpeg,train,NORMAL,1.342268041,3.182889602,91577faac6851a578c69c1a139b7c496c210b47ec67c1a21bc79cff5070c95ea
D:/chest_xray/train/NORMAL/IM-0586-0001.jpeg,test,NORMAL,1.227642276,3.263607831,99153dfa87bb0a15877f0b0a180e6db83c6d2c296da63c7645b02d033dfe4f85
D:/chest_xray/train/NORMAL/NORMAL2-IM-0683-0001.jpeg,val,NORMAL,1.258592471,3.227761589,d00f7ea087f53b12892aadbf68dfa4523257e2778722f8b6e9248024f8fe8692
D:/chest_xray/train/NORMAL/IM-0649-0001.jpeg,train,NORMAL,1.504477612,3.247378796,c42b6ef483505d0f44bd02b468f2c3d86adfe37fc2c56c7ac3ba68264838d30f
D:/chest_xray/train/NORMAL/IM-0717-0001.jpeg,train,NORMAL,1.300270514,3.387979746,915f7ea0e7b11e17a95a8c28387885a44e162dbe9fac4f1e9b68930f4b4cb1e4
D:/chest_xray/train/NORMAL/NORMAL2-IM-0969-0001.jpeg,test,NORMAL,1.216032609,3.221692554,815739a8e6a03a17f85f696d384269a1796f78eb09687a5a797a1e0f4a585a6a
D:/chest_xray/train/NORMAL/IM-0560-0001.jpeg,train,NORMAL,1.31120944,3.256035879,d40b7cb5c3941b428d2fcd343dd3f4b56cd03ca380b41d123cffdbfe0d0618a4
D:/chest_xray/train/NORMAL/IM-0438-0001.jpeg,train,NORMAL,1.338959212,3.243733426,914b78659b6f386b9de518d098cb86499a4e865ac613365be6d3639a387c4f16
D:/chest_xray/train/NORMAL/IM-0528-0001.jpeg,train,NORMAL,1.264184397,3.189994831,d15f3aa4c7541a0afd7e8c803adb8489df553020d2f40a00bffc86d2efff92d0
D:/chest_xray/train/NORMAL/NORMAL2-IM-0664-0001.jpeg,train,NORMAL,1.140255009,3.435447129,88116faa47bd1a400a6e49043c7aa13d2985b4c527c73de7a4f3ac5ba53ecf79
D:/chest_xray/train/NORMAL/IM-0614-0001.jpeg,train,NORMAL,1.182432432,3.301189435,914a2db5c3331b46ed247da07ce9cdb41962923dcb789c3cd6500f2296f26f4b
D:/chest_xray/train/NORMAL/NORMAL2-IM-1302-0001.jpeg,train,NORMAL,1.116078753,3.410108981,99552ea806935a57597e6cb078d8ecc8efa6b8cac7898b5d91c992659878a9a5
D:/chest_xray/train/NORMAL/NORMAL2-IM-1141-0001.jpeg,val,NORMAL,1.673394495,3.235754648,d40a76b4c3925b0bfd3c41343cc2f4fb6cc9b069c6d5ed2f10e0c4b26daf30d2
D:/chest_xray/train/NORMAL/NORMAL2-IM-0433-0001.jpeg,train,NORMAL,1.23187251,3.244740262,91552beac6a11a57d85b497839a059a999c398cfca6e9a6b5863d6e19e2b22c7
D:/chest_xray/train/NORMAL/IM-0692-0001.jpeg,train,NORMAL,1.248508946,3.430942903,914a7a005ea3384f59ed59c6392741961b8ed69cc798b6b5c7a1b5ad1cf44d23
D:/chest_xray/train/NORMAL/NORMAL2-IM-1219-0001.jpeg,train,NORMAL,1.344159246,3.190146365,915a6805ae113a5aed6d69f338e36da179fe1cb44b183828cf596b4e90a5cf2c
D:/chest_xray/train/NORMAL/NORMAL2-IM-0736-0001.jpeg,train,NORMAL,1.209459459,3.224092208,9155fda086953a55ad7839bf28f72cb5385286fa3918b4f08f0b395884b23c3f
D:/chest_xray/train/NORMAL/IM-0210-0001.jpeg,train,NORMAL,1.52760181,3.293987183,916f39b587101a4f996f85a4389790eb9ec3786e90e0ce197b6892e43e360b7b
D:/chest_xray/train/NORMAL/NORMAL2-IM-0881-0001.jpeg,train,NORMAL,1.092896175,3.219005185,981529eec7aa1ec1da434a7f3d5268bb295139a549f79b0258f6585a9e0f4b4a
D:/chest_xray/train/NORMAL/IM-0486-0001.jpeg,train,NORMAL,1.215053763,3.231051475,904b2fb5ce115e4a5d2f4dfc1db244d54de31ca74a7a0f299a7d874a828790b5
D:/chest_xray/train/NORMAL/NORMAL2-IM-0678-0001.jpeg,train,NORMAL,1.38123415,3.217754271,904b56b8c2549e56c97e34e1c6d2a7493616e77ab790290487c69907ed6db74b
D:/chest_xray/train/NORMAL/NORMAL2-IM-0951-0001.jpeg,test,NORMAL,1.218139171,3.175082512,91577da8c7a51e178d7a4928393ecca04cd6359ac7872f2b93ad4b14b1a9e325
D:/chest_xray/train/NORMAL/IM-0479-0001.jpeg,train,NORMAL,1.551240561,3.199755776,917a7ea0a615587ae96985a5edd6c7dac638c9618303923469a5f72ef8f03887
D:/chest_xray/train/NORMAL/NORMAL2-IM-1330-0001.jpeg,train,NORMAL,1.233830846,3.203615073,815fa5a0c6a00b55aa5fca7b786890f56b943d82d0d66dbe389e6cd6e5a93868
D:/chest_xray/train/NORMAL/IM-0472-0001.jpeg,train,NORMAL,1.226100152,3.33860729,98056f7ac7bb1e85ca5f4f2f3c2e4cb02c514d6d4f061c0e4e564f8d4c3ecf04
D:/chest_xray/train/NORMAL/IM-0288-0001.jpeg,train,NORMAL,1.261403509,3.279219473,80156aaac7a05e05dc5d4bff3967c3e14947b8e3c3fa2f5818f04d70343f92d1
D:/chest_xray/train/NORMAL/IM-0309-0001.jpeg,train,NORMAL,1.187811634,3.397705527,914bed95c7b03a42e9246db438ba4ca5392799a64f1b99bd9b8519289396c71f
D:/chest_xray/train/NORMAL/NORMAL2-IM-1024-0001.jpeg,val,NORMAL,0.907586207,3.239111173,9957b9b4c6aa1e41da2d5a11185b4bd93d6b59e50d2318bf9b861e1e92c44f2d
D:/chest_xray/train/NORMAL/IM-0218-0001.jpeg,train,NORMAL,1.014510278,3.222059511,d04029f5c2a61a48d92d59ff19d392c11a6b923586799e38d2d34f43f2d7c25f
D:/chest_xray/train/NORMAL/IM-0346-0001.jpeg,train,NORMAL,1.128277817,3.309131815,955d7c8a8fb11d1e8d6a0d3f4c95c692c942c3a4833cd1b2cb179b7433a79a5a
D:/chest_xray/train/NORMAL/IM-0624-0001.jpeg,train,NORMAL,1.222805701,3.268110373,915e3df5c6b01a53986ac96819a099b6cbc39c23da6dcf711a791e71e6629694
D:/chest_xray/train/NORMAL/NORMAL2-IM-1098-0001.jpeg,train,NORMAL,1.367008682,3.378703078,d4527ea0c7113f0aad3c2cb43c96665b2dafccbdc7944b3de7b0c3140c26c707
D:/chest_xray/train/NORMAL/NORMAL2-IM-1300-0001.jpeg,train,NORMAL,1.121781489,3.267684599,9c417dab87bd1ad48b4e1b2e3c168cf91c5094770f169f0b872b0f4483fccf2c
D:/chest_xray/train/NORMAL/NORMAL2-IM-1189-0001.jpeg,train,NORMAL,1.247373448,3.335543315,d1577fa8e6903e57ad7a0df80cb484b44d978c1ec6884f1adeb5c5a1490c9b8d
D:/chest_xray/train/NORMAL/NORMAL2-IM-1148-0001.jpeg,train,NORMAL,1.274604267,3.263430688,d00b3dd0c2501b4b9c354cf01ce1d8e34b6b186fda7c1f3d9e7cc7790612b6d2
D:/chest_xray/train/NORMAL/IM-0149-0001.jpeg,train,NORMAL,1.338541667,3.244231133,d40b5ea8c7155b0ad92ae5ad7884f0f0f6c1f842f3a2fe12f86cf464ec02f1d2
D:/chest_xray/train/NORMAL/IM-0319-0001.jpeg,train,NORMAL,1.054693878,3.290085456,94015feb87a51b01856e04a942d7a6fa2b2db13c25ba38d2c1fb4e9a3cbfc2d6
D:/chest_xray/train/NORMAL/IM-0386-0001.jpeg,test,NORMAL,1.19047619,3.267786638,814e6aa1c637284bcd2ccfa54b97c31e4f0ddb2cc30d7b0f71ce728b7068d2c3
D:/chest_xray/train/NORMAL/IM-0489-0001.jpeg,val,NORMAL,1.141114983,3.307658588,d5517ffe87bf1bd0894e8d2868b3e5906680605983ebf14af17cc5a0683df912
D:/chest_xray/train/NORMAL/IM-0529-0001.jpeg,train,NORMAL,1.171270718,3.286550033,91553baac6205a17b86b59e819c4d96b5bdb384ed2f81a509cf99ef09c299cc3
D:/chest_xray/train/NORMAL/NORMAL2-IM-0554-0001.jpeg,train,NORMAL,1.333333333,3.211946253,915f6fa0af150e1b09684da069b4c5964e9250cec7accf16197cc3c36d7579e3
D:/chest_xray/train/NORMAL/NORMAL2-IM-0781-0001.jpeg,train,NORMAL,1.02476362,3.275134852,9457eda0c7bc1a57cb6829243cbc6e983c6d6ca42c163db34d133c254b2c5f3e
D:/chest_xray/train/NORMAL/IM-0617-0001.jpeg,train,NORMAL,1.172812726,3.160455796,d41174aac3b51b40ad6eed2b386f24f96ce178d390e24c5f3dfa58a50d1a93e0
D:/chest_xray/train/NORMAL/NORMAL2-IM-1341-0001.jpeg,test,NORMAL,0.898148148,3.316348519,99416fbac6bb5a61c5345f901b474f28182e053c4d25b43c4d92be57a7b52dc7
D:/chest_xray/train/NORMAL/IM-0143-0001.jpeg,test,NORMAL,1.108921162,3.350485977,d44b6cb0efb02a530d2e4dbc0cd844f94cb04cb2c792cf1ad2d0c70bd7ecd3d6
D:/chest_xray/train/NORMAL/NORMAL2-IM-0859-0001.jpeg,test,NORMAL,1.248199083,3.24160736,d55f7ea087dd1b0f8d3e0cbf2cbb86816c97858acf8149f8839849f441a587a3
D:/chest_xray/train/NORMAL/IM-0620-0001.jpeg,test,NORMAL,1.085304659,3.286343884,91543fbe86b03a40956e1d3e185685953dd5b4c687c3354781edaf4db969a370
D:/chest_xray/train/NORMAL/NORMAL2-IM-0718-0001.jpeg,train,NORMAL,1.098591549,3.587344439,985568aac7bf5ef55f4a592d1df46da24cf51d61d08f0b4e1f0241fc0d0a5a51
D:/chest_xray/train/NORMAL/IM-0608-0001-0002.jpeg,train,NORMAL,0.985037406,3.425525733,dd512d2ac2bf0bf40d204cbf3c794c3f0d529682c3c397c1d0bdc55e9e94e0f2
D:/chest_xray/train/NORMAL/IM-0187-0001.jpeg,train,NORMAL,1.179389313,3.241600761,914229b5c2a81e46c82d6f787d2141b52d83709649ce38bcdbe85b69b8fcef0f
D:/chest_xray/train/NORMAL/IM-0534-0001.jpeg,train,NORMAL,1.181090909,3.348665805,98576daa87b93a55875d0b3e0c7f0fa9287594b049153d2a06923cd33dac6f0f
D:/chest_xray/train/NORMAL/IM-0216-0001.jpeg,train,NORMAL,1.422092173,3.284656045,90ef2dd4c3161b4bd92469a438c3c1ef09e7186fdb6c1a69987dde431a729271
D:/chest_xray/train/NORMAL/IM-0383-0001.jpeg,train,NORMAL,1.116843703,3.268251098,95eafc15af503a7f88ac0cb219c296d34e7696b7923ece3032864a1a6783d3ce
D:/chest_xray/train/NORMAL/NORMAL2-IM-0672-0001.jpeg,train,NORMAL,1.139551699,3.369710425,81557da0c6631a15985dcb683925817f4f6f3b5cc728c752375bd2c1c343b4ad
D:/chest_xray/train/NORMAL/IM-0682-0001.jpeg,train,NORMAL,1.166467066,3.316478771,915ffe80a7952b5e8d6a08a329a3069328de05da0e9c69fc0ead683eef369e34
D:/chest_xray/train/NORMAL/NORMAL2-IM-0558-0001.jpeg,train,NORMAL,1.175847458,3.209743049,d02beebcabd4db5fd574d5d4b0daa2fdaab4b83681141917a8a78a85280e91a5
D:/chest_xray/train/NORMAL/NORMAL2-IM-0946-0001.jpeg,train,NORMAL,1.259710586,3.355992167,d00b3cd4c6503b4b9c3f4cb438a290f66df338bf48f14d229efd4fe14b0392f0
D:/chest_xray/train/NORMAL/NORMAL2-IM-0821-0001.jpeg,train,NORMAL,1.23470074,3.297046908,98512daec7bb1a41c72d6a3c3c7a6d292d407c2b69e73ca74cbf6d0a18e049f4
D:/chest_xray/train/NORMAL/NORMAL2-IM-1135-0001.jpeg,test,NORMAL,1.298157454,3.349334939,904439eee7a01e95be4b43691ea5b4b56ff03d4330e34bd4b95e1a0743e0b19e
D:/chest_xray/train/NORMAL/IM-0262-0001.jpeg,train,NORMAL,1.098829649,3.268075725,d40068bfe2b56a50e90268eb686be0be48b0c11ac3bf4f16e52f4b685b7cd7a5
D:/chest_xray/train/NORMAL/IM-0294-0001.jpeg,train,NORMAL,1.229211858,3.174195197,917b7a808e77187b0d6a598559c2c7ea5bcfd369d71559c782e702d60072869b
D:/chest_xray/train/NORMAL/NORMAL2-IM-0804-0001.jpeg,val,NORMAL,1.183321352,3.233484454,d40a6fb5c7241f42cd2b6da51c97c3fdcb619327c3482b0832c963c2b2c5f3cb
D:/chest_xray/train/NORMAL/NORMAL2-IM-0488-0001.jpeg,train,NORMAL,1.353493222,3.245453673,d451fdabc7a91bd0ae4bcb68b840d0b0e8d0fcb2f4d2ec00b4afce5bda40b0f8
D:/chest_xray/train/NORMAL/IM-0580-0001.jpeg,train,NORMAL,1.135348226,3.279778606,98536faa87fd1a15836e1a02485a4c3d687505ad4c3e45ab5f9a79f0c78f6978
D:/chest_xray/train/NORMAL/IM-0211-0001.jpeg,train,NORMAL,1.318875502,3.260190395,80ea6ea1c616186ec9686d85799fc2947929d334c7217b1d93cac69739da978b
D:/chest_xray/train/NORMAL/IM-0371-0001.jpeg,train,NORMAL,0.99410609,3.308683573,91423be0d6e85a47586f59f819c2dae51e2696b6c619963bc6b1c62b94a54f63
D:/chest_xray/train/NORMAL/NORMAL2-IM-0765-0001.jpeg,train,NORMAL,1.284552846,3.393326607,915f69a0c7b41a57c87e4d3d3896c5a54b1791a6cb8f4b2cd3ad4b493a684b85
D:/chest_xray/train/NORMAL/NORMAL2-IM-1124-0001.jpeg,train,NORMAL,1.057680251,3.549793201,d0106fbcce004a5b1d6f41fc33c2c25f73fef2e066e1e0d23cd6c0163f38d07c
D:/chest_xray/train/NORMAL/NORMAL2-IM-0981-0001.jpeg,train,NORMAL,1.247141601,3.325812623,915e3fe1c6201a57b87ac9e9398095adceb4348dd21c67693ce570f3cf2134b4
D:/chest_xray/train/NORMAL/NORMAL2-IM-0567-0001.jpeg,val,NORMAL,0.904564315,3.28549157,d5407ead87fd0f500f5a2daa4c2be43c6cb068f287e86ac5e1e5c385496f9278
D:/chest_xray/train/NORMAL/IM-0250-0001.jpeg,train,NORMAL,1.133040936,3.36131184,d841212ec6be1ad1fe40784f3d6660b82cf1f4a14bd7bd2ac27f0f64902d4b7c
D:/chest_xray/train/NORMAL/IM-0509-0001-0002.jpeg,train,NORMAL,1.419565217,3.265343838,d057ffaaaf851a5e89681d2529d387c36c9f815ac68eda5a86a5cb24f082cb93
D:/chest_xray/train/NORMAL/NORMAL2-IM-0922-0001.jpeg,train,NORMAL,1.322807018,3.254908213,c12bef01cf4b296dc5b64bcb82c943da107cc27c080a90da4fdb519ec7c35f1f
D:/chest_xray/train/NORMAL/NORMAL2-IM-0725-0001.jpeg,test,NORMAL,1.32038835,3.035562784,d0af3d52c6009e2bbc3cc4f13583bc9fe3698eac1e7acf1887127e0a6992c786
D:/chest_xray/train/NORMAL/NORMAL2-IM-1271-0001.jpeg,train,NORMAL,1.394569613,3.366016181,914bad94c6a13a4bee746922308b679579cfb1864d1a38f86fd73c6938384f13
D:/chest_xray/train/NORMAL/IM-0751-0001.jpeg,train,NORMAL,1.309859155,3.318398611,91577ca087153a5a896839a538b6e5b6389e9169df2d19688b67c78599e89a5d
D:/chest_xray/train/NORMAL/NORMAL2-IM-0858-0001.jpeg,train,NORMAL,1.237490071,3.207077693,915f95a0c6d11a57c87e492830b4e993b697785e96a66a5892694e53297ab6f5
D:/chest_xray/train/NORMAL/IM-0496-0001.jpeg,train,NORMAL,1.279102384,3.224817476,90406aafc3b85e504d2f49ac5cb64cb94b759f2dcb1e1e1c94adc3b01c07d69f
D:/chest_xray/train/NORMAL/IM-0387-0001.jpeg,train,NORMAL,1.066074403,3.395532173,99576da8c7bd1a578f6c093c2cba4cb96cebc5a64f12c5a2cf93ca4ac384c701
D:/chest_xray/train/NORMAL/NORMAL2-IM-0680-0001.jpeg,val,NORMAL,1.18452381,3.216694932,c02fa7d4c3503d2fc0f42bc63087c7833e0dd264cf363277c3c324beb2c9f649
D:/chest_xray/train/NORMAL/IM-0388-0001.jpeg,train,NORMAL,1.241685144,3.191017747,955f7ea0ef151a6acd218db5789283281f38cb2497117b4b23c2868378deb7cb
D:/chest_xray/train/NORMAL/IM-0622-0001-0001.jpeg,test,NORMAL,1.335004177,3.260384885,915f7ea0c6051a5ec968192d19f687cb3897c9ea9e8658788f691c793b748617
D:/chest_xray/train/NORMAL/NORMAL2-IM-1150-0001.jpeg,train,NORMAL,1.294656489,3.291370473,d4422fbfe3d51f408d2d0db63c3f4cbd3c2118af4b0b1a0fcbed1b4290f4c30d
D:/chest_xray/train/NORMAL/IM-0456-0001.jpeg,train,NORMAL,1.070289427,3.351539159,91576aa883fd1a42cb6d5da958d6cde8182d596a9f0b5a5b87ca1e1d0a78871e
D:/chest_xray/train/NORMAL/IM-0727-0001.jpeg,val,NORMAL,1.176470588,3.350517422,984178fbc3bb1ac0db4a1d28592eb4be5c39385495a2181e1dd396b438fe3dce
D:/chest_xray/train/NORMAL/NORMAL2-IM-1326-0001.jpeg,train,NORMAL,1.342372881,3.188513821,d05bf6a8cf559a5ec96c89a56096c2c3b69b6b49963179b03b4394b43b27b4c2
D:/chest_xray/train/NORMAL/IM-0286-0001.jpeg,train,NORMAL,1.098669623,3.151868582,d40a7ea0c7b01f1b8d3a2d942cdcc6d64f92c193c39b4b0793a6d3063967b3e5
D:/chest_xray/train/NORMAL/IM-0631-0001-0001.jpeg,train,NORMAL,1.304412865,3.225993191,d55a7e848f501b0b8d2c4db43cd04c904f7d7d7e8f340b1d9b2cd35d692693c1
D:/chest_xray/train/NORMAL/NORMAL2-IM-0854-0001.jpeg,train,NORMAL,1.391959799,3.292707088,d15f7fa8af953e57097e092a2cb24ba12ddb0cb40e123c1e6ef44f0f21944967
D:/chest_xray/train/NORMAL/NORMAL2-IM-0630-0001.jpeg,test,NORMAL,1.203912716,3.114882332,9151e82bde235a78496a19eb19cb86531a34925a467a1250867e5a7cfbded6bc
D:/chest_xray/train/NORMAL/IM-0435-0001.jpeg,train,NORMAL,1.359807461,3.100661146,81553be0e7001e973a5a9469596139aff5a78e96384ab1cecb7acc7938292f43
D:/chest_xray/train/NORMAL/NORMAL2-IM-1152-0001-0001.jpeg,train,NORMAL,1.141660851,3.248307822,90456daac6bd1a51cc6b49a919fcc1795a72925ec27e1a1dd67847b1b748c6f0
D:/chest_xray/train/NORMAL/NORMAL2-IM-0445-0001.jpeg,val,NORMAL,1.360305344,3.213130676,91576fa0c6917a554d681db648b84da9587ecf3a4a18cf78d785f1e0c63a1a96
D:/chest_xray/train/NORMAL/IM-0404-0001.jpeg,test,NORMAL,1.433164129,3.29717212,91576ba0c6957a57396869ed69b46cbb4ff94b68c660cb61e1a1c1c2c396b581
D:/chest_xray/train/NORMAL/NORMAL2-IM-0653-0001.jpeg,val,NORMAL,1.311541027,3.196523539,90557daae6213a552d6a6da83ca0ccf94fe91c2cc7383a59dcadc1c03856c7db
D:/chest_xray/train/NORMAL/IM-0733-0001.jpeg,train,NORMAL,1.197654941,3.318099233,d14bfea0c7955a5ba9786db069eab0b04a90b13c9318cd3d31f4cb93e12ab393
D:/chest_xray/train/NORMAL/NORMAL2-IM-0603-0001.jpeg,train,NORMAL,1.212154097,3.139668704,d1537da0c7b11a42bf776b943c1a6cf92de03cb64cb03c1adcfd4d5a1c2c4c30
D:/chest_xray/train/NORMAL/NORMAL2-IM-1362-0001.jpeg,val,NORMAL,1.215686275,3.04366641,c5796ea0ef171e6bc979c7841b9240d193911b4dc36c93c170f3f0c3c69378f8
D:/chest_xray/train/NORMAL/NORMAL2-IM-0837-0001.jpeg,train,NORMAL,1.254807692,3.259529622,d00a3fb5c6133b4b9d2d4db01cb2c0f74d3f9c3dcb288f2cd3f4c3219a38924b
D:/chest_xray/train/NORMAL/IM-0467-0001-0001.jpeg,train,NORMAL,1.099482461,3.179271308,914f29d5c2b42b42c827692e78ad79fc7da598c68b42984f9bc78c2598e69f68
D:/chest_xray/train/NORMAL/NORMAL2-IM-0516-0001.jpeg,val,NORMAL,0.928602716,3.283192861,9841a9ffc6ea1a61f8216851786b58f15d6a98e4ca425e795a786e587a7c5758
D:/chest_xray/train/NORMAL/IM-0704-0001.jpeg,train,NORMAL,1.278846154,3.305330772,945f7ea087951a5fa96e85a52d95ccd386914b1d835487013b17b9c3a3a72f4b
D:/chest_xray/train/NORMAL/NORMAL2-IM-0905-0001.jpeg,val,NORMAL,1.182861515,3.220712093,81402bffc2404a53dd2fc1bc9bd0964bd27f96d0a690679a378fa79ec34a1ce1
D:/chest_xray/train/NORMAL/NORMAL2-IM-0934-0001.jpeg,train,NORMAL,1.117865085,3.22384338,91553bbad6a05a57587e5de01da390970cd1946f96f49c7334298569bc27f1e0
D:/chest_xray/train/NORMAL/NORMAL2-IM-0592-0001.jpeg,train,NORMAL,1.198347107,3.349553027,98552b6ac6a85a15d85b59e919a4c4b05efa965b42781e79d69f47a59452c69e
D:/chest_xray/train/NORMAL/NORMAL2-IM-0851-0001.jpeg,train,NORMAL,1.173311635,3.220494589,915439fec7aa0ed59e47c87d097a38b269f12de33085c94e87ac9a5e61a98f60
D:/chest_xray/train/NORMAL/NORMAL2-IM-0465-0001.jpeg,train,NORMAL,1.161343161,3.308276412,90553daa86a81a15ca5b18ed19b494b438f7946fce7a3a3c86b85e3587a9cfd0
D:/chest_xray/train/NORMAL/IM-0147-0001.jpeg,train,NORMAL,1.064842958,3.344639799,d14a29bfc2b57a40da276b6e780b69bd7da870e449e038875bfe1c2990648f78
D:/chest_xray/train/NORMAL/IM-0220-0001.jpeg,test,NORMAL,1.060757684,3.296606908,917e6e21ce117a5b4de94da34d96c7f84b58d369c3dd496ec0c4c31d907a9252
D:/chest_xray/train/NORMAL/NORMAL2-IM-0753-0001.jpeg,val,NORMAL,1.123966942,3.162933104,ddff31b7d2801f48bc2de0b839e0b84a4b4a0f4f5a5f47b23cb078f36de11a00
D:/chest_xray/train/NORMAL/IM-0517-0001.jpeg,train,NORMAL,1.375907112,3.34860075,815b7ba046051a5e59ee4fe539ba39812d0739bc2bd6bd7a90c12d4f34f134e1
D:/chest_xray/train/NORMAL/IM-0559-0001.jpeg,train,NORMAL,1.314453125,3.186203884,900a2bd7d2c25f0a5c3d5ef01d9210db4bca9f0d9bc8cf209eb8527a4db35c5b
D:/chest_xray/train/NORMAL/IM-0127-0001.jpeg,train,NORMAL,1.511485452,3.255482559,91577fa8c7913a16bb684b653936a592689330cae68d6e5ab0e93f0d3c684af1
D:/chest_xray/train/NORMAL/NORMAL2-IM-1158-0001.jpeg,test,NORMAL,1.140957447,3.238417154,815f3da0c6055a57bd6e69b03d834cbd6de69c2ecb180f28def5cb489204d2c7
D:/chest_xray/train/NORMAL/NORMAL2-IM-1291-0001.jpeg,val,NORMAL,1.113111986,3.161095639,d10b2cd4c6d03b4adb2e4f323c2960bd6c3c30fd08d26cf3d2d3ce4398f59bc2
D:/chest_xray/train/NORMAL/NORMAL2-IM-1175-0001.jpeg,train,NORMAL,1.174283501,3.288849641,d1432d6dc7b50a519c6bc9ed19e0c7a1c3f9974bd26d63483ae9e2d1068294f9
D:/chest_xray/train/NORMAL/IM-0525-0001-0001.jpeg,train,NORMAL,1.246804326,3.227890071,80116daac7a41a95eb5049a168a5e5b56985a90fc33e4b1ffd6b4bd0587ed22f
D:/chest_xray/train/NORMAL/NORMAL2-IM-1400-0001.jpeg,val,NORMAL,1.451612903,3.112930641,d4af6fd0a7ca0d6d05f504d3685be6d86c56e0d6e09668d669b4681c7859e685
D:/chest_xray/train/NORMAL/NORMAL2-IM-0799-0001.jpeg,train,NORMAL,1.392348087,3.32526531,915723a086913a57e96c7ca069df7585698731ea7b9f79680a0e7ac5b1e50c65
D:/chest_xray/train/NORMAL/IM-0429-0001.jpeg,train,NORMAL,1.160756501,3.250489013,915769aac7a13a55cb6d7920697a6ca1785b6da4487669369e3a1a5a97859678
D:/chest_xray/train/NORMAL/IM-0191-0001.jpeg,train,NORMAL,1.239404353,3.279026871,915f7ea0a7b13a578f7c3d3f38fe2da93cb54d261f0f496287094a0b4b60402d
D:/chest_xray/train/NORMAL/NORMAL2-IM-0633-0001.jpeg,val,NORMAL,1.305707584,3.308638109,915f2becc6911a5fc86f59e81986d39f1a42924ac6701c7394e34eb5b42ec796
D:/chest_xray/train/NORMAL/NORMAL2-IM-1223-0001.jpeg,test,NORMAL,1.121568627,3.292376352,91576da0c6213a57cd7c6db03cfa6ca12c26c59a4e08cc68cf8dc96d93c6cec7
D:/chest_xray/train/NORMAL/IM-0341-0001.jpeg,test,NORMAL,1.212609971,3.342653702,d4417ef587883f00ad3e2d203cd56de82c976cfacf099e1d6970c705697a48b6
D:/chest_xray/train/NORMAL/NORMAL2-IM-0689-0001.jpeg,train,NORMAL,1.134001823,3.321353497,94517dbbc7b11a50994a8d3e1cb6ccb64dba1d15876f034a1b0cc7ed4b3d130b
D:/chest_xray/train/NORMAL/NORMAL2-IM-1022-0001.jpeg,train,NORMAL,1.372907154,3.244616453,d40b2fafa7940b4f012f4da44cf0c5f84cd7c3dac783c9b5c3a15932cb03a787
D:/chest_xray/train/NORMAL/NORMAL2-IM-1262-0001.jpeg,test,NORMAL,1.212543554,3.215970086,d50afca4c7975a2be52dcdb568c3c49bcf5fb0ad82006d2d96e74f0b2000d3cb
D:/chest_xray/train/NORMAL/IM-0467-0001-0002.jpeg,test,NORMAL,1.190962099,3.364995123,95577ca087b11a168d2c4db44c96c5294f078b7ec721db7d936296b41f3687a3
D:/chest_xray/train/NORMAL/IM-0391-0001.jpeg,test,NORMAL,1.331336129,3.366564542,81bf2954ea15396f78a469a0398f69fd798d9ad48a419a0298c3cfc3dadac98d
D:/chest_xray/train/NORMAL/IM-0569-0001.jpeg,test,NORMAL,1.242867084,3.243126109,91577ba8eea13a574b6819a939f74593585f09561e1e1a7497094a45b5e1962f
D:/chest_xray/train/NORMAL/NORMAL2-IM-0661-0001.jpeg,train,NORMAL,1.057199211,3.255790741,814a29b0c2a85a40da674a36594a783b69f93da438d66df63cbf9ade0da598ad
D:/chest_xray/train/NORMAL/NORMAL2-IM-0520-0001.jpeg,train,NORMAL,1.108416548,3.318956408,d4406eff83f50b408d2e0cb54c5f46ce6846c7d24e8149efc7b44936c5ba5c97
D:/chest_xray/train/NORMAL/NORMAL2-IM-0415-0001.jpeg,train,NORMAL,1.080851064,3.388329253,98107aaad2be5e505d48597f386be53939f0bc03829f3c07b4bfa598bc0ec29c
D:/chest_xray/train/NORMAL/NORMAL2-IM-1234-0001.jpeg,train,NORMAL,1.257584771,3.248478193,d02b7c90c7821e4bfc352df43cf344d06cfb9cb5cf100d34dbf2cf20821ec3d2
D:/chest_xray/train/NORMAL/IM-0566-0001.jpeg,train,NORMAL,1.409444112,3.158486043,d04b3dd4c7141a6bbc246d923ccbc4f14d229836cf300d3d38f46f853f0fd34b
D:/chest_xray/train/NORMAL/IM-0530-0001.jpeg,train,NORMAL,1.292553191,3.286463359,90022bf7c3401f4af4bf60d2074be32529b030b0e1b01da1c38fcbbc9f7cd7df
D:/chest_xray/train/NORMAL/IM-0590-0001.jpeg,train,NORMAL,1.228930066,3.17716107,915f6880c6a01a57ba6e6f3038fa25e96ca538f66ca36c5e3cb24d81397a3d69
D:/chest_xray/train/NORMAL/IM-0497-0001-0002.jpeg,val,NORMAL,1.237668161,3.240357833,81572fa8c3803a45e93e79a869b969a539c7c9e69bcd587793e91c97896990c1
D:/chest_xray/train/NORMAL/IM-0225-0001.jpeg,train,NORMAL,1.121580547,3.177220199,91fa68058625787ee9602c9149a9862d4a3c86384e79e369960d6bceb79efeda
D:/chest_xray/train/NORMAL/NORMAL2-IM-0480-0001.jpeg,train,NORMAL,1.086176981,3.439601881,99577ba047a81e45166e0f74384b29682929b9b5f985b50ed1b4c71fb4b8c7d2
D:/chest_xray/train/NORMAL/IM-0207-0001.jpeg,test,NORMAL,1.359389895,3.318531227,915feea3ee155a7acd6819aecb9a9e924a4897285a79975b167d0351861e309c
D:/chest_xray/train/NORMAL/NORMAL2-IM-1011-0001.jpeg,train,NORMAL,1.266714594,3.20225952,d4023df5e7903f42ed3f2dfe3cb264f03cf038e50e901d2dcf7c0e0798a0c16c
D:/chest_xray/train/NORMAL/NORMAL2-IM-1154-0001.jpeg,train,NORMAL,1.226441632,3.276273318,d00a2fbdc79c2f06cd3e4dbe0dabc7bc4b8f8b2fcbac1b2bc2e143c290a650c0
D:/chest_xray/train/NORMAL/NORMAL2-IM-0971-0001-0001.jpeg,val,NORMAL,1.036414566,3.265829045,d50b2fb587f42b420d2e0cbb48abc4a848b2c0fbc3eb48ffc0fcc22d586e96da
D:/chest_xray/train/NORMAL/NORMAL2-IM-1164-0001.jpeg,test,NORMAL,1.253781513,3.212942872,91552daac6a01a53bc7f4be83124c3a57dd7b496c2183c39d6eb4b50902dcfe5
D:/chest_xray/train/NORMAL/NORMAL2-IM-1222-0001.jpeg,train,NORMAL,1.18815331,3.213457557,914a33b5d6041a4bf4be6d90b78fc6052f4af4056fd73887e2d6cf02f2e74070
D:/chest_xray/train/NORMAL/IM-0206-0001.jpeg,train,NORMAL,1.392235609,3.3506196,94410feb87950a17896a4be919f4e4b24e933ac7c2fb4be9c079c1e04ab674be
D:/chest_xray/train/NORMAL/IM-0702-0001.jpeg,train,NORMAL,1.326145553,3.441015543,905f7fa8afd53a530b690b2d38e60cb26c932cea4f856d2a438343f56968c3a7
D:/chest_xray/train/NORMAL/NORMAL2-IM-0995-0001-0001.jpeg,train,NORMAL,1.211995863,3.381219234,d54074abc3f51bd58b4ec1bf48f4c05a609b3853961b4b85be1eceb44bc2c9a5
D:/chest_xray/train/NORMAL/NORMAL2-IM-0513-0001.jpeg,train,NORMAL,1.238154613,3.377375128,d10a3dd5c2901b4bbc2f69b43ca870df6dea3c9f494e4daa18fe49e918281a7a
D:/chest_xray/train/NORMAL/NORMAL2-IM-0397-0001.jpeg,val,NORMAL,1.067085954,3.186001763,904a2bf4c2b45a43da2f59ec598b51f85dc890e792d49e0e96ff0e6194b096be
D:/chest_xray/train/NORMAL/NORMAL2-IM-0636-0001.jpeg,train,NORMAL,1.309229305,3.361789026,90452faaeb953a10cd6b48ac19a4c4b4492b9c2ecb1e5b695a38cb1e9787c3ff
D:/chest_xray/train/NORMAL/IM-0609-0001.jpeg,train,NORMAL,1.108989658,3.291562199,90565eaede801e5f95ec07859686863c3504a42d618d9dcfc25e33e934e3739f
D:/chest_xray/train/NORMAL/IM-0135-0001.jpeg,val,NORMAL,1.090449083,3.334737139,d14a2bb5ceb45a435c3f5df05de345f45de6c5b6cf11cc1bc6859600c4a4c781
D:/chest_xray/train/NORMAL/NORMAL2-IM-1277-0001.jpeg,train,NORMAL,1.381410256,3.378655922,906f3bd4c34a182fc8b439cb98ebcb6d9a65c2700e1196d367d93e5bc69a25a4
D:/chest_xray/train/NORMAL/NORMAL2-IM-0979-0001.jpeg,train,NORMAL,1.312326228,3.284961261,c16b0ff4c6001a5f9c7ce9f43c87d296ef2c962fc3602f2578f7c9a11084d99a
D:/chest_xray/train/NORMAL/NORMAL2-IM-1191-0001.jpeg,train,NORMAL,1.361415333,3.34141633,d04a3da0c7013e5acd681c643836ccb23cbbccfa4e096c5ec7eb6cb6c83ccf07
D:/chest_xray/train/NORMAL/NORMAL2-IM-0536-0001.jpeg,train,NORMAL,1.25,3.211288243,d117dfa087851a17cd6a2da1a185c7d97bd99368832179e7f1e56c9e90d88694
D:/chest_xray/train/NORMAL/IM-0279-0001.jpeg,train,NORMAL,1.441570027,3.327003688,90ff7aa0c6857a17b86a65e93985b096e7d6101adaa9cfe118603b5e8bc714e3
D:/chest_xray/train/NORMAL/NORMAL2-IM-0856-0001.jpeg,train,NORMAL,1.063262195,3.513824508,914401eae3f11e51b84b693f3cb4789105f5394390af4b0fb42f69f5bd50783d
D:/chest_xray/train/NORMAL/NORMAL2-IM-1103-0001-0001.jpeg,train,NORMAL,1.042647059,3.214669033,d5446fbac3950b40c92e59a9d2d3c3493a4bb16b32d27872b4f27c13696f1e16
D:/chest_xray/train/NORMAL/NORMAL2-IM-0989-0001.jpeg,val,NORMAL,1.25,3.463847739,91570beac2a01a17d86b49ea3ba4e38a424b326fc6e87e703421e7f52f0734fb
D:/chest_xray/train/NORMAL/IM-0647-0001.jpeg,test,NORMAL,1.221327968,3.153853746,844054efa3b81bd1cb562d2a580fa57c7ca938d5859058bfad490f2b4adddf0d
D:/chest_xray/train/NORMAL/NORMAL2-IM-1130-0001.jpeg,train,NORMAL,1.146681539,3.252756797,815a6a80c6b35a4f5d644db158eb5de57d7e10fe0e161c3f9687142d94a1c70f
D:/chest_xray/train/NORMAL/IM-0632-0001.jpeg,test,NORMAL,1.347703843,3.17789017,d4086ed0c3db1f2de5344e923cd1c6d96ec9c9edc7964b0e89a08392e927e3e1
D:/chest_xray/train/NORMAL/NORMAL2-IM-1163-0001.jpeg,train,NORMAL,1.259547935,3.360822622,d4157eea87f50f13854e2d2928b5a4d266dbe4dbe5e9687fc17445a509320fa0
D:/chest_xray/train/NORMAL/NORMAL2-IM-1116-0001-0001.jpeg,train,NORMAL,1.142282554,3.268549714,9155fca0c7b13a57bb7e69a038fa69a16cb538b68d06483e9d7a4e350968496d
D:/chest_xray/train/NORMAL/NORMAL2-IM-1185-0001.jpeg,test,NORMAL,1.170113409,3.274586591,916f3954c253394fd86449a439c391c64b4b98799a588e7b9256cf4bec6cdad2
D:/chest_xray/train/NORMAL/NORMAL2-IM-0579-0001.jpeg,train,NORMAL,1.287634409,3.294655595,d54afd54c7b43a5b8f650b3d38240c903c133ce32c1b2d6b0e9f6d3b38e16996
D:/chest_xray/train/NORMAL/NORMAL2-IM-1187-0001.jpeg,train,NORMAL,1.244117647,3.165752803,91573be4c2801a43d86f48fa38c2d0f93bc1b0e7c6f43e2b34f90db0b42fe3d2
D:/chest_xray/train/NORMAL/IM-0508-0001.jpeg,train,NORMAL,1.159976034,3.213804714,914f2815c6a03a47f8366db038e949e569e790f64f1b9a7cd3c5cc6892c1e795
D:/chest_xray/train/NORMAL/IM-0490-0001.jpeg,val,NORMAL,1.105812221,3.258941107,914a2ea5cfa01b534d2d49be1cbb08b918e298f71bd39617c6d59ec196b4c792
D:/chest_xray/train/NORMAL/IM-0449-0001.jpeg,train,NORMAL,1.325242718,3.25179533,c1511ea2c7541a4bb92ee1b432d2e6d7c3d0be489235c77435a9a257678596bd
D:/chest_xray/train/NORMAL/NORMAL2-IM-1167-0001.jpeg,train,NORMAL,1.141636142,3.229971028,905529eac7a83a15b84b696d39a5d8a14a719c6bca78cf7818294ada9796f697
D:/chest_xray/train/NORMAL/IM-0356-0001.jpeg,train,NORMAL,1.334702259,3.226634855,8156bea0ee159a7a59e9cfa5139643b6c6da53785561ca52317982de823cb63c
D:/chest_xray/train/NORMAL/IM-0289-0001.jpeg,train,NORMAL,1.103581801,3.249609325,91576da8e7a01a179e6f4b243d2a68fb6d6b38ef49f61c3618b60f031c2d1a58
D:/chest_xray/train/NORMAL/NORMAL2-IM-0749-0001.jpeg,train,NORMAL,1.324577861,3.339128767,d03a7e80e7167b3fe97dc5f068dbe0c9e6dd683c8581ce1569f1e1a184306932
D:/chest_xray/train/NORMAL/NORMAL2-IM-0437-0001.jpeg,val,NORMAL,1.335195531,3.406048077,d40b7ea0c7b51f12cd78852d68b6c4ca469bcc4fc7c9cf25c1f0c5a3c1dae1a2
D:/chest_xray/train/NORMAL/NORMAL2-IM-1018-0001.jpeg,train,NORMAL,1.026285714,3.448047151,dc0e2cd142bd1d464bfb6e8b38ec6c927ce9f082aad1b0d3a3dbac2ba0b50c39
D:/chest_xray/train/NORMAL/NORMAL2-IM-0529-0001.jpeg,test,NORMAL,1.34888241,3.247290203,81550eaad680584fd4fb63a1b40be3b83f49d6b36df334a363d277186e11493c
D:/chest_xray/train/NORMAL/NORMAL2-IM-1346-0001.jpeg,test,NORMAL,1.351837959,3.215337593,95557ea887951a5a0d7e0dac1c94cd3e4fad4f0fc7084b04796de3cb03c230df
D:/chest_xray/train/NORMAL/IM-0657-0001.jpeg,train,NORMAL,1.17888563,3.221153677,d4027db5c7d51f429f6ecd342c86b4bf4ed92c2384a5cf129f9ec3bc49061a14
D:/chest_xray/train/NORMAL/IM-0195-0001.jpeg,train,NORMAL,1.147477361,3.282233037,90406daac2bf1ad4c94a492838af4cbb4c7d9ce74bd21d2bdb6bcb409c3cdb70
D:/chest_xray/train/NORMAL/IM-0519-0001-0002.jpeg,test,NORMAL,1.277108434,3.24898431,955a7c8087803a5f9b6a0d2538f8b4f82cfd39e61c966c733d816c9b4cd2c5b5
D:/chest_xray/train/NORMAL/NORMAL2-IM-0886-0001.jpeg,train,NORMAL,1.130056005,3.221941796,914f3ea0c2911a4b1d2e59b11cc1d6f57bfeb9eec3883948bcbfc3a5080a9497
D:/chest_xray/train/NORMAL/NORMAL2-IM-0904-0001.jpeg,train,NORMAL,1.168280314,3.469760386,d1452dbf46f71e4f592c4f90186941e54d2710bf430b9f0f52d0874b5a7d9b43
D:/chest_xray/train/NORMAL/IM-0549-0001.jpeg,train,NORMAL,1.250737463,3.263820947,915ebea486d41a1f8c6a0dbd2d6f94bd4fa51b4e872d4f1a122d434b4b2992cb
D:/chest_xray/train/NORMAL/IM-0429-0001-0001.jpeg,train,NORMAL,1.222434672,3.14726699,915f3ea18ff11a4f0968182518fb56e15a52d2fa471f527fc281e2d7f0f0c293
D:/chest_xray/train/NORMAL/NORMAL2-IM-0413-0001.jpeg,train,NORMAL,1.060422961,3.276158739,915739b0c6aa7a45786f6f78396b28b80d72186e86d6ce1e96ff86438e388694
D:/chest_xray/train/NORMAL/NORMAL2-IM-0553-0001.jpeg,train,NORMAL,1.368589744,3.257484363,d4002af5e3d63b4ac72d0bf43df0e5fc2c50a4b249f13d3b5edf2da108a74834
D:/chest_xray/train/NORMAL/NORMAL2-IM-0865-0001.jpeg,test,NORMAL,1.045563549,3.427656762,99557aa846eb1a45587e7ad1794be1a0e903b1efc794a15687ecdc6894690679
D:/chest_xray/train/NORMAL/NORMAL2-IM-0933-0001.jpeg,train,NORMAL,1.178694158,3.218570415,915f39a087a41a579a5e9e6d387e95a13cd731ebb486ec6a30e89d2178783625
D:/chest_xray/train/NORMAL/NORMAL2-IM-0871-0001.jpeg,train,NORMAL,1.295238095,3.289899938,914a3ff5c6c01a41986fe0fc38f091a563c4be0bd25dce50bc21caf025af96df
D:/chest_xray/train/NORMAL/IM-0238-0001.jpeg,train,NORMAL,1.392959087,3.370340648,99507bead6805a50186c19e019e1d3a59bc39acbdadd9ae19e5a929c958fc59e
D:/chest_xray/train/NORMAL/NORMAL2-IM-1321-0001.jpeg,train,NORMAL,1.093638313,3.276966694,d40b7eac87f43f008d2e05bf3cdf844d0e95184bc78bdb8599e9c3e1085299b7
D:/chest_xray/train/NORMAL/IM-0521-0001.jpeg,val,NORMAL,1.140489345,3.217418005,8157a9a0c6a13a57b86c69a539ba71d5496f39b4cb624c7a39e1696d1ca579c2
D:/chest_xray/train/NORMAL/IM-0495-0001.jpeg,val,NORMAL,1.179428571,3.280385804,914a29f5c2a53a42b86f697c39e379a369e939a359ca19a89a96cbc89e149a1f
D:/chest_xray/train/NORMAL/IM-0540-0001.jpeg,train,NORMAL,1.12228057,3.221133492,815f6fa18f750b5e81e843814296c26a726f70fae4db78fec0bec63a702dc10d
D:/chest_xray/train/NORMAL/IM-0574-0001.jpeg,train,NORMAL,1.117836446,3.33915783,98446baac2bf1ad4db4a592d1d2849bd19f058e05bd618621a871f8b9a6f9f6d
D:/chest_xray/train/NORMAL/NORMAL2-IM-0416-0001.jpeg,train,NORMAL,1.21103654,3.277717999,d40a7ea4c7bd1b029d2ccd351ed09cdb4e492c0f9327cfcd1f36d2c4c7921427
D:/chest_xray/train/NORMAL/NORMAL2-IM-0561-0001.jpeg,test,NORMAL,1.359143328,3.209818567,95fb68858716587bc5a53c8782cac70d7b76c720060473e0f7c77bcb8343d634
D:/chest_xray/train/NORMAL/NORMAL2-IM-1008-0001.jpeg,train,NORMAL,1.416102333,3.200217461,91a9305ec616396899e6cd87398490c66ddf38e59a65cf2d9a6fce4b860692e3
D:/chest_xray/train/NORMAL/NORMAL2-IM-0417-0001.jpeg,train,NORMAL,1.520475561,3.319628754,d16a748186d1384bad742dfb2cf364b10cf2ceb9cf300c31cda5cb56ccb4c786
D:/chest_xray/train/NORMAL/NORMAL2-IM-0780-0001.jpeg,train,NORMAL,0.956351427,3.489557331,9155780447aa1e051667063e5a98387b4e99787e79e8df2f69b4b1a16297b4da
D:/chest_xray/train/NORMAL/NORMAL2-IM-0961-0001.jpeg,train,NORMAL,1.120584653,3.238549873,dc406cbfc3bf1b50c9264ede7c0b4cad7c3444bb4fc35952c7c0594ec35e4704
D:/chest_xray/train/NORMAL/IM-0339-0001.jpeg,train,NORMAL,1.104128158,3.305178556,915f7ea08e731a5f09680ba11ade86fb4a5a963ac69026d6b69467d634b85ed4
D:/chest_xray/train/NORMAL/IM-0553-0001.jpeg,test,NORMAL,1.191578947,3.273169124,914b39a0c6a15a4b986f4964396b39f969e1396f39a64bc6990d90d09b46bf2f
D:/chest_xray/train/NORMAL/NORMAL2-IM-0830-0001.jpeg,train,NORMAL,1.196891192,3.480767745,91552fbf8f381a50196f45ba5ce0c74843cc974ac3d843d034f1e6be63d234b7
D:/chest_xray/train/NORMAL/NORMAL2-IM-1292-0001.jpeg,train,NORMAL,1.149888143,3.312367835,d5137ea887951f028d7e4dbd6c92c7934f87cbc2c3806b15b9e2d396191691e1
D:/chest_xray/train/NORMAL/IM-0450-0001.jpeg,train,NORMAL,1.133783784,3.339287619,914e7ebcd6f45e47483e09801d8286f90f7286790bf11c6184bc0fd6b5afc3e9
D:/chest_xray/train/NORMAL/NORMAL2-IM-1280-0001.jpeg,test,NORMAL,1.187025535,3.35230364,d4002bf5c2b83f40df2d697c3c7168546d6a3c27484b1f2b1e5f87f81c2c9c7a
D:/chest_xray/train/NORMAL/NORMAL2-IM-1240-0001.jpeg,train,NORMAL,1.075342466,3.285541358,91542bbfc6a41ad19c4ff07d39a8b1a163bf35869086c3ceb6acb84b85c33ec1
D:/chest_xray/train/NORMAL/NORMAL2-IM-1349-0001.jpeg,train,NORMAL,1.378723404,3.322075939,91557d20ce253a55896b19a139a4cce3187d9c68ce699e69ce495a4b96f2c63f
D:/chest_xray/train/NORMAL/NORMAL2-IM-0418-0001.jpeg,train,NORMAL,1.177829099,3.345077896,d15b6ea0c7145b06cd6acda129d1c3f96b95b35a82b07b6cb1e0c3e630c6b2e9
D:/chest_xray/train/NORMAL/NORMAL2-IM-0575-0001.jpeg,val,NORMAL,1.149081007,3.302592465,9154ecafc6fd1a40c96f4d343c9ac6a56ec391e7c75a6d2b92d84e0bb69049b0
D:/chest_xray/train/NORMAL/IM-0696-0001.jpeg,train,NORMAL,1.263657957,3.20550896,d4ebee81c702f948c9e0e88238dab2eb3b2fb13e8fb2785ae1c3064b78c3d2c1
D:/chest_xray/train/NORMAL/NORMAL2-IM-0925-0001.jpeg,train,NORMAL,0.98434238,3.180228877,914e3bb192d01a47997f1af918c911a118d7918696c7b1c696deee1a869ee697
D:/chest_xray/train/NORMAL/IM-0644-0001.jpeg,train,NORMAL,1.302025783,3.199426087,d40a66b5c7507f4ac53d0db468d6c7c9685df17c861d391cf30f8e07614b8783
D:/chest_xray/train/NORMAL/NORMAL2-IM-0890-0001.jpeg,train,NORMAL,1.138381201,3.521065326,d15de4a0e6b05a572d347d9a28f86ca12df644a26f90583e0f125f7e1ab44b6b
D:/chest_xray/train/NORMAL/NORMAL2-IM-1329-0001.jpeg,train,NORMAL,1.223829787,3.457353047,d8402eafe7b45b521e2b493d3d747c9469523cc35c0f4f4a1c2e3c1797a0b5e8
D:/chest_xray/train/NORMAL/IM-0730-0001.jpeg,train,NORMAL,1.377497371,3.099587118,d1abbe04e6169e5b3969cde59e977996b6938e4a312d9720ce616d2032c24a5e
D:/chest_xray/train/NORMAL/NORMAL2-IM-0662-0001.jpeg,train,NORMAL,1.390196078,3.214894796,815f5e8086865a5cc7691ca542d2a7ca526983783d794b79259e6bf126de3d2e
D:/chest_xray/train/NORMAL/NORMAL2-IM-0971-0001-0002.jpeg,train,NORMAL,1.148558758,3.185152165,915a2bf5c2141a5ad86d496139a7d0d618cb90fed2f8be7990f08d21fcf294f4
D:/chest_xray/train/NORMAL/IM-0385-0001.jpeg,test,NORMAL,1.287218045,3.284384008,905f7ca0c6351e5a9c68cd691cb5c5b2061b933cc32cb7256b4e8785669e69cf
D:/chest_xray/train/NORMAL/IM-0239-0001.jpeg,train,NORMAL,1.286149163,3.24193033,91ca3db4c362194e9824c9d298c7da67c6659e50e6d1e6923c966796a71c7d2d
D:/chest_xray/train/NORMAL/NORMAL2-IM-0667-0001.jpeg,train,NORMAL,1.294214876,3.333463993,91fa78a5c6161a5a9d68c93539b2c6966e5e34f8c6142e68f3b5ce5e2061f386
D:/chest_xray/train/NORMAL/IM-0384-0001.jpeg,train,NORMAL,1.311582382,3.44972117,915b74a0c7d83a01cb603d2778fae4b03cf96cf30c0f6c2d678b1c383c976f2c
D:/chest_xray/train/NORMAL/NORMAL2-IM-1310-0001.jpeg,val,NORMAL,1.095367847,3.265792596,81556daac6ba3a05ea568f247a37b1684ca1787514e64e3e397a4b8a6a3f39ca
D:/chest_xray/train/NORMAL/NORMAL2-IM-1257-0001.jpeg,test,NORMAL,1.128919861,3.405893177,81aaac0786811b7e15230c30386c0cbc4cf75de046d649bb5397df4b7bcdd3dc
D:/chest_xray/train/NORMAL/NORMAL2-IM-1120-0001.jpeg,test,NORMAL,1.347708895,3.378878232,90513baee7941a55de5b4d2919e191d749c2984ec26a5b483a7fd6a13f783c70
D:/chest_xray/train/NORMAL/NORMAL2-IM-0439-0001.jpeg,train,NORMAL,1.085234094,3.33357787,d85529aad7fe1ee8de204a551e53481b697f386068e539e658a543c2394a78fd
D:/chest_xray/train/NORMAL/NORMAL2-IM-0666-0001.jpeg,train,NORMAL,1.097142857,3.365300078,dd5f28abc2bf0b409d2269bf3dd8348169fd3ca210f74d6b1a2508f66de01695
D:/chest_xray/train/NORMAL/IM-0754-0001.jpeg,test,NORMAL,1.220547945,3.300059733,d1517daac6b11e43cd2e2da83c96ccba4d96841f4f3e1f1dc5284b56b3a4c3a1
D:/chest_xray/train/NORMAL/IM-0355-0001.jpeg,train,NORMAL,1.237150586,3.175307917,91fad6aa8e3f1a7dc9482dae61a5c697e49bc30b944d71a13207b5a27b85fc10
D:/chest_xray/train/NORMAL/NORMAL2-IM-1067-0001-0001.jpeg,val,NORMAL,1.347107438,3.061977075,d40a2ff5c7d04f4a1d2d44bc0cda9c0bcb0f0b0b9a0dc31c87249669c3fed7e7
D:/chest_xray/train/NORMAL/NORMAL2-IM-1264-0001.jpeg,val,NORMAL,1.233128834,3.166453617,905f3fa0abd71a5a096919601cb2c5b85896952ec3cc196fdd7d4b579967c0f0
D:/chest_xray/train/NORMAL/IM-0248-0001.jpeg,train,NORMAL,1.309446254,3.466669877,c00f2f95469f582fe0b4e0d2e8dbc20f6b0d8135e3f5b96c666e9c166c699658
D:/chest_xray/train/NORMAL/NORMAL2-IM-0826-0001.jpeg,train,NORMAL,1.421568627,3.190034012,81562fa1c6175a5ec87849a12996c5bccf3c9968c3e36b43716d73cb6b1c948b
D:/chest_xray/train/NORMAL/NORMAL2-IM-1014-0001.jpeg,train,NORMAL,1.099870298,3.287868697,91577da887b13a15897c09f839da4da9781f197ecf2e1b1acf0aca859968c307
D:/chest_xray/train/NORMAL/IM-0543-0001-0002.jpeg,train,NORMAL,1.163120567,3.232415511,9c51afbb87bf1e540b4c0d844c5e4db84835c53c4b01c35ac3f5694fc3696b4f
D:/chest_xray/train/NORMAL/NORMAL2-IM-1336-0001.jpeg,train,NORMAL,1.300711744,3.272540169,815f2aa0c2551a5ecc7859a999cfc9a4994a927aca79b67b86f1a612b4b366d3
D:/chest_xray/train/NORMAL/NORMAL2-IM-0936-0001.jpeg,train,NORMAL,1.115655853,3.302408789,d44b7ca0c7b01b12cd2a8d353cbc84f81ebd6856978ace1d9bec872d4b70932d
D:/chest_xray/train/NORMAL/IM-0501-0001-0002.jpeg,train,NORMAL,1.474976393,3.211573652,90577ca0c7851a578c781b2978758c343c3b7d7a0e0b6834ef6b43126978e7b7
D:/chest_xray/train/NORMAL/NORMAL2-IM-0453-0001.jpeg,train,NORMAL,1.216284987,3.187441093,d00b2ef5c302194bcc3c49d218cbc2ef1f2c9634cb703e13eadbef0bb29ce386
D:/chest_xray/train/NORMAL/IM-0213-0001.jpeg,test,NORMAL,1.479662318,3.213951038,d44b7c8087953a4b8d6a4db538d2acc16c963cc2ce974d79ccb1c936cd31cb53
D:/chest_xray/train/NORMAL/IM-0712-0001.jpeg,train,NORMAL,1.208734746,3.304204517,914f2ad5ca4b384bd8a159d118cbd27cde589633c612361ab49e67187cbd7a78
D:/chest_xray/train/NORMAL/IM-0537-0001.jpeg,train,NORMAL,1.463644948,3.200211031,94437ea0c7b55b00bb6a8529283460f2e6db6cd720c3c78fefdac0bd8705e5f0
D:/chest_xray/train/NORMAL/NORMAL2-IM-0966-0001.jpeg,test,NORMAL,1.417366947,3.298924173,d04a3df4c615ce5a9c6fc8e423a0b6966b7be76c12246e61f7f132972003a69d
D:/chest_xray/train/NORMAL/NORMAL2-IM-1343-0001.jpeg,train,NORMAL,1.034441805,3.306742345,98507abad2f85a51dc3e5cdb185986949e06969f878cb4a9e3b56587d297c780
D:/chest_xray/train/NORMAL/IM-0689-0001.jpeg,train,NORMAL,1.183075671,3.350838241,808a256887e01a97885d4a78797f416a790ff16dd7886b1cd3c86b1e7bdb92a9
D:/chest_xray/train/NORMAL/NORMAL2-IM-1152-0001-0002.jpeg,test,NORMAL,1.378640777,3.217157404,815ad4a5c657187ac9e18796f292c678327dcb6cb60478dec2ce6c1ab0c786e7
D:/chest_xray/train/NORMAL/IM-0338-0001.jpeg,train,NORMAL,1.254310345,3.275880936,817a2c85c3101a4fc87e6db4398bcdb54d4b9867cb611a6d9a717e72363592f1
D:/chest_xray/train/NORMAL/NORMAL2-IM-0507-0001.jpeg,train,NORMAL,1.178393746,3.204137056,915f64a887851a5f8d6a4da53996c7835a97b1e8ce21396997a54e37b1eb4216
D:/chest_xray/train/NORMAL/NORMAL2-IM-0392-0001.jpeg,val,NORMAL,1.093352192,3.25370257,d44a3ebfc7f71f500d2a0dbd28940cfc0af44c529993c3416b0f9374c3c0eb7d
D:/chest_xray/train/NORMAL/NORMAL2-IM-1038-0001.jpeg,train,NORMAL,0.887735486,3.510343162,9d456ea846ff1a044fba4c13786c6db4f87da1c53493a5f28697097e97204f1c
D:/chest_xray/train/NORMAL/NORMAL2-IM-0621-0001.jpeg,val,NORMAL,1.000505561,3.564056745,806f785042b05e4b0b6e0b352f59bd3d2d25bcf425a496f275b396936a5ad09e
D:/chest_xray/train/NORMAL/NORMAL2-IM-1332-0001.jpeg,test,NORMAL,1.060903733,3.238608884,d4007eaf87bd1f508d2a0cbf18dfc6fd4bd29303c38f0b4dc2cd63c2314bc2d1
D:/chest_xray/train/NORMAL/NORMAL2-IM-0404-0001.jpeg,test,NORMAL,1.219745223,3.272553149,80436aadcbac5a4a5b2d492d18d798fc1ce518f79a5b1e1f9a3f86a514a5963c
D:/chest_xray/train/NORMAL/NORMAL2-IM-1153-0001.jpeg,train,NORMAL,1.268901013,3.245764726,d44776a083f50b52c16a852d68b4e492fc9be8d1e603f43cfa65fc4cfc20fb06
D:/chest_xray/train/NORMAL/NORMAL2-IM-1311-0001.jpeg,train,NORMAL,1.230103806,3.39270814,d05137aec7b51a53e94fc9bb38d3c3c02b01b974c3b46921b6e5cbc0b292c3f4
D:/chest_xray/train/NORMAL/NORMAL2-IM-1173-0001.jpeg,test,NORMAL,1.003062787,3.50778285,88aa2c63d3eb1aaa8f05587a1d7249601ad4d4d55aff9e56d2ad996ad505caf0
D:/chest_xray/train/NORMAL/IM-0447-0001.jpeg,train,NORMAL,1.22748499,3.199204354,d40b6cb5e7902f42e93e2fbd2cf90ca46cf74dff4c1e08380f1c7b6e83c0023c
D:/chest_xray/train/NORMAL/IM-0698-0001.jpeg,train,NORMAL,1.098480585,3.449644231,915e7ba8d6815e57586b5bf139931b8119cf91ee9ad8ba58929d9e0b90e0c615
D:/chest_xray/train/NORMAL/IM-0299-0001.jpeg,val,NORMAL,1.19760479,3.316369618,d4407ebf873d1f528d2e0c3c1c34cc280d804d0a87af4b6fd36cd3bc7b25c3f8
D:/chest_xray/train/NORMAL/NORMAL2-IM-0673-0001.jpeg,train,NORMAL,1.226100152,3.364854509,815717e8c7a11a47e87f9da878da96e09641f85696616e31b2f146b12a5e969d
D:/chest_xray/train/NORMAL/IM-0697-0001.jpeg,val,NORMAL,1.136733186,3.368106247,d4027ea887f51b528d2a0da52c9f84c86e0de5c3878b4b5f87c9c6b4c9f0c7b3
D:/chest_xray/train/NORMAL/NORMAL2-IM-0491-0001.jpeg,val,NORMAL,1.127182045,3.213916252,c45f6cb0c7b03f028d2a4db42d9ac4bd4f949b2fc38d4b099384c3c633c7f3e1
D:/chest_xray/train/NORMAL/IM-0501-0001-0001.jpeg,train,NORMAL,1.297811608,3.202242809,917b6ea4ef053a5aec694fa579a6c6b44f2d922c4f201a280308c78f734ad7cf
D:/chest_xray/train/NORMAL/IM-0425-0001.jpeg,train,NORMAL,1.407914764,3.199329368,d1d8768386147b5acd2035b420c5c6cf6efec76d8618e169c7d2e5a5c344d47a
D:/chest_xray/train/NORMAL/NORMAL2-IM-0643-0001.jpeg,train,NORMAL,1.272240803,3.458489288,81557aa8dea15a5f496879ad39f619db18dc96a99e2990c1c6a5d0e5c5e34e34
D:/chest_xray/train/NORMAL/NORMAL2-IM-0847-0001.jpeg,train,NORMAL,1.157427938,3.219696837,94407cbf87b51b50c9223dac785ebcac3cb49c261cb3497f97ad5a46c1e4ce24
D:/chest_xray/train/NORMAL/NORMAL2-IM-0518-0001.jpeg,train,NORMAL,1.355792933,3.240291731,902d2bdec2801e2b983fd0f038c390cbd7de9662d07245f07c7b6d7bc742935a
D:/chest_xray/train/NORMAL/NORMAL2-IM-0986-0001.jpeg,test,NORMAL,1.232574189,3.336653495,d00b2dd4c6100f4fcc3f6d703ca1c0b66d93bcafc33c3d3ddb7c4b651824c352
D:/chest_xray/train/NORMAL/NORMAL2-IM-1052-0001.jpeg,val,NORMAL,0.962566845,3.491028622,d1022cb5e6a01b421d3f49db1d6b48950de1d8a74bfa5c2312fbc34b1e97c3cb
D:/chest_xray/train/NORMAL/IM-0684-0001.jpeg,val,NORMAL,1.153803443,3.413560495,d5402ebfe2bd4b509f224b161d4b560d4d6c3ca068f06de07cf569eb69eb1846
D:/chest_xray/train/NORMAL/NORMAL2-IM-0796-0001.jpeg,test,NORMAL,1.367957746,3.309125335,d0423bfdc7901a43bc6ff0ae38b694d7e5cd9861962dc7f83e250430c250b69f
D:/chest_xray/train/NORMAL/NORMAL2-IM-0489-0001.jpeg,test,NORMAL,1.305683564,3.274206791,c1502bf5c6945a49dc2d49f50dc2c19acb1a9829c239cf219ea1c7fae78fb785
D:/chest_xray/train/NORMAL/NORMAL2-IM-1276-0001.jpeg,train,NORMAL,1.194477791,3.255786904,80553daae7a01e07de794b68384d69783979387b49e5294f797e4f95384a49e0
D:/chest_xray/train/NORMAL/NORMAL2-IM-1180-0001.jpeg,train,NORMAL,1.317793318,3.339170315,914a3bb4c2b07a415e2f4a7d7d4b7d2749d039c358c761ce32a4b07c6de932c6
D:/chest_xray/train/NORMAL/NORMAL2-IM-1058-0001.jpeg,train,NORMAL,1.094622192,3.199161747,81563abed2801a43d03f59d83892d3f53da690e76da8b4a964789d299c2fcf63
D:/chest_xray/train/NORMAL/IM-0393-0001.jpeg,train,NORMAL,1.436527437,3.379457608,d0bd6057c633793dc4b03cda3cc3ce1339b88734ce387934871e792cd30f874c
D:/chest_xray/train/NORMAL/IM-0673-0001.jpeg,train,NORMAL,1.200704225,3.296607042,888a75eac7a83a15a9543d3a6cbf2cd16c87879a3796eda9e7c9787ac28145a0
D:/chest_xray/train/NORMAL/NORMAL2-IM-1136-0001.jpeg,train,NORMAL,1.207060421,3.264622066,91572ba0c6053a57f86b79a539e7c1eb19cb9868da781861d6e11b879cebc2d0
D:/chest_xray/train/NORMAL/NORMAL2-IM-0503-0001.jpeg,train,NORMAL,1.131740614,3.286242344,98513deec6bd1a518f6d493c1c71cc3918519c43cb6b1b4ad23d4b68de0fc7d0
D:/chest_xray/train/NORMAL/IM-0332-0001.jpeg,val,NORMAL,1.257903494,3.369772094,90557deaa7901a01ad7e0dbe7cbdcc390cafcc1e87894e798941c6a1984bd793
D:/chest_xray/train/NORMAL/NORMAL2-IM-1094-0001-0001.jpeg,test,NORMAL,1.00244798,3.249717422,90557bea56a01a55186b096839c2a1ab8bf5b9a782bc9f30bd3bcbf5090bd8bc
D:/chest_xray/train/NORMAL/NORMAL2-IM-1020-0001-0001.jpeg,test,NORMAL,1.389830508,3.197413301,d0853e5ac3880d24dc9f6cda3c6cc6da2d8d3c9ec31e6d96b9bfc32821929365
D:/chest_xray/train/NORMAL/NORMAL2-IM-1188-0001.jpeg,train,NORMAL,1.005321722,3.245761797,91477caae7b55a45cf666f013c4b6dad292d34aa4d21397e1aa1386b92fa4b09
D:/chest_xray/train/NORMAL/IM-0466-0001.jpeg,train,NORMAL,1.265822785,3.357396162,9c513efa82d91b501d6e1cbb18d4d4be5ad6964fc38d1a42d6bcc0fc1c52f4b0
D:/chest_xray/train/NORMAL/NORMAL2-IM-0478-0001.jpeg,train,NORMAL,1.052503053,3.246216106,dc4166ac87fd1b508f7a2d832d4f2e846c86a6924f8365dac6b168b5e1ebc21d
D:/chest_xray/train/NORMAL/IM-0661-0001.jpeg,train,NORMAL,1.070818071,3.232926195,915e7fa0cf353a5f09680da51997c5694f291a78c7191a1789e78787194f996a
D:/chest_xray/train/NORMAL/NORMAL2-IM-0707-0001.jpeg,train,NORMAL,1.145695364,2.960808281,900ba9d5c2d80b6b382f48f238ef38ef4bc03c2392f0cf00be34daf06cb796b7
D:/chest_xray/train/NORMAL/NORMAL2-IM-1226-0001.jpeg,val,NORMAL,1.182835821,3.280053182,814629fdc2a81a41d82f69fe39a8f9cc1bca9a47c2ce9ee5dcf18da51e4340f2
D:/chest_xray/train/NORMAL/NORMAL2-IM-0468-0001.jpeg,train,NORMAL,1.310588235,3.122143642,855b6aa1ef471a4aed6cc9b76c93c6c16bc791acc3206869fbe94b4090a8c7ec
D:/chest_xray/train/NORMAL/IM-0511-0001-0001.jpeg,train,NORMAL,1.096882898,3.255479173,d55028abe2ff0b5c9e02682f1d3fc0b529d29003c14f1f6bda7d4b6b1ef008f9
D:/chest_xray/train/NORMAL/NORMAL2-IM-1305-0001.jpeg,train,NORMAL,1.34751773,3.260173588,81531eaa47851a53014b4d2d58f6e5b0dbc37d0fdadfcf18987fca91452190fa
D:/chest_xray/train/NORMAL/NORMAL2-IM-0818-0001.jpeg,test,NORMAL,1.122155689,3.247699399,90517daac7b45a418b766d3c3878e4a94db53c13cb3e4f1a9a7ccbbc092c9370
D:/chest_xray/train/NORMAL/NORMAL2-IM-1037-0001.jpeg,train,NORMAL,1.035598706,3.244944167,915779a886a03a45b8762d2039dbadf378a139e59da6787c85a84c3d79689f29
D:/chest_xray/train/NORMAL/NORMAL2-IM-1109-0001.jpeg,train,NORMAL,1.1829653,3.260224229,d5006eefc3944f00cc3b60f528f0e49369df9d2fc1bc7960f83ce9761806f256
D:/chest_xray/train/NORMAL/NORMAL2-IM-0868-0001.jpeg,train,NORMAL,1.172252533,3.445809956,9055097ac7bf1a81ca41490f1da7e79073c1b743c21e7b5a5e5b42ad19781e5f
D:/chest_xray/train/NORMAL/IM-0633-0001.jpeg,train,NORMAL,1.068062827,3.098863858,804a3a90daca5e57dcfb55e09694961436a4961de7943d2fcb9e090e9a5e8f59
D:/chest_xray/train/NORMAL/NORMAL2-IM-1028-0001.jpeg,train,NORMAL,1.031790296,3.345886683,916b2bd4da815a4b582c59d21da3d7949e429678cf589e16c38d8da7986ecf4a
D:/chest_xray/train/NORMAL/NORMAL2-IM-0587-0001-0001.jpeg,val,NORMAL,0.955905512,3.481960271,dd417abf42aa57754a3a0d90384b0cbc0cbdb85e039cb202a3d3a70bab6feda5
D:/chest_xray/train/NORMAL/NORMAL2-IM-1342-0001.jpeg,train,NORMAL,1.19109462,3.300971886,91573eae8e9e1a5b9c6d48b53886c0940f5c92dcc3548f75b2f5cfc33494d096
D:/chest_xray/train/NORMAL/IM-0399-0001.jpeg,train,NORMAL,1.071823204,3.345556387,90443baec6a85ac51e4fd83f59f09dc0c2b50bf496add6fc97389c29c54304f5
D:/chest_xray/train/NORMAL/IM-0229-0001.jpeg,train,NORMAL,1.309718438,3.109805169,c0adfe10ef4a0d3d2cf4c0c32acd996c833e393fb27b494b396d92da4b2938d0
D:/chest_xray/train/NORMAL/IM-0185-0001.jpeg,train,NORMAL,1.225210084,3.226388676,904a3af5c3e01b60bc2ff0bc1c8890c32def9e21e66d2db234fb6df2920d2c5b
D:/chest_xray/train/NORMAL/IM-0315-0001.jpeg,val,NORMAL,1.322210636,3.383339691,d1502caec7ae1b518e00ca3d3972d4a561f53de1f0df695e3690697a5b4a1c35
D:/chest_xray/train/NORMAL/IM-0568-0001.jpeg,train,NORMAL,1.007045561,3.126859619,d0ab6c1186703956e9322c3968fd8eb448b4c392ce1ecb2c931cdb78b34dd35f
D:/chest_xray/train/NORMAL/IM-0434-0001.jpeg,train,NORMAL,1.290962099,3.146175153,915ee885ce85785fd96c7da579e92da1798491c21e94986c9645586d9b69ce70
D:/chest_xray/train/NORMAL/NORMAL2-IM-1123-0001.jpeg,train,NORMAL,1.456842105,3.294480546,91ffbea88e951a5e9d684ba51dd6c5901c149618ce28bf41c74b6b08b3a8efca
D:/chest_xray/train/NORMAL/NORMAL2-IM-0552-0001.jpeg,train,NORMAL,1.295886076,3.25623559,d0022bf5c3501b4aec2dd8f43dc2d36bc6699a7dc278061836d1e7d9125ab69f
D:/chest_xray/train/NORMAL/IM-0601-0001.jpeg,test,NORMAL,1.105952381,3.299476829,98556faa87ba1ac10b5d5d2a181745f87ca96c3545ae5c27c77a4f05c87cc729
D:/chest_xray/train/NORMAL/IM-0629-0001-0003.jpeg,val,NORMAL,1.080115274,3.371330533,90442abfd2a85a41d82f78db39d351b519c2d2cf5ade387ac2f91d71d0b40f07
D:/chest_xray/train/NORMAL/NORMAL2-IM-0541-0001.jpeg,train,NORMAL,1.1534937,3.284271638,904f2b90d2893a4bd83d59ca19d792d41ada96f89eb994b1c7813d87d294c79e
D:/chest_xray/train/NORMAL/IM-0485-0001.jpeg,train,NORMAL,1.325779037,3.359202366,d44067abc7e54e50c17b49e1e8a4e4935885c92dcbacdb61e3e0fa34bc341c7e
D:/chest_xray/train/NORMAL/NORMAL2-IM-1252-0001.jpeg,test,NORMAL,1.061791383,3.311620609,99557bae46a81a515a6d4b59387a48f1094190e5cf8395bbe781e58fb4b5c783
D:/chest_xray/train/NORMAL/NORMAL2-IM-0978-0001.jpeg,train,NORMAL,1.486271036,3.382620171,d00b2cb5c7161a4a9d6c49f43cb2ccdb6d7b9c2dcb308f29da7dc32483289a5e
D:/chest_xray/train/NORMAL/NORMAL2-IM-1043-0001.jpeg,train,NORMAL,1.1191067,3.277276143,915a7ea1c6a13a5e9b6849a119b64db7596f19aecb1a5d6ad3d34b0190a5c3c5
D:/chest_xray/train/NORMAL/IM-0706-0001.jpeg,val,NORMAL,1.253448276,3.399044205,d4007caba3f51fd0cf4e3d2a2c3784dd3cc9e8d187ca6c0bc3598789883cc79e
D:/chest_xray/train/NORMAL/IM-0735-0001.jpeg,train,NORMAL,1.573739296,3.338637397,915f7ea8c6157a16e96ae52978a5e079e41d601cc61ce629e249e70de78dc3c3
D:/chest_xray/train/NORMAL/IM-0596-0001.jpeg,test,NORMAL,1.253286591,3.231951587,91ab3d14c244396bd83469e1b8d7c3428f099a58cf69ae39824a8e1bf6dae79e
D:/chest_xray/train/NORMAL/NORMAL2-IM-0521-0001.jpeg,train,NORMAL,1.304812834,3.364853604,915f2d94c6943a4fbc6c69a039a3e9b769eb386b4b1819699af5cb5298259878
D:/chest_xray/train/NORMAL/NORMAL2-IM-0620-0001.jpeg,train,NORMAL,0.97254902,3.230543525,9d416fae87bf0b5189060f8a4c0f4cad6cb5c5b64c92c1fac783c95bd182db17
D:/chest_xray/train/NORMAL/IM-0514-0001.jpeg,train,NORMAL,1.433179724,3.253801077,817e7ca0c6955a1f9c5ace69394d95804e87695eb596cf92b9dac692cd2130f8
D:/chest_xray/train/NORMAL/NORMAL2-IM-0648-0001.jpeg,train,NORMAL,1.174297189,3.36102216,915f7ca0837d1843ed2efcaf19f6c9a09e30db6cd7385a788240c2846b5a969f
D:/chest_xray/train/NORMAL/NORMAL2-IM-0924-0001.jpeg,train,NORMAL,1.240469208,3.174633387,d40a6ff4c7d22d09c5bd64d068dbc6ed6997c9b29190383b907b1b07393ec724
D:/chest_xray/train/NORMAL/IM-0618-0001.jpeg,train,NORMAL,1.015144113,3.387158911,8900a9bec6aa5e40de434a4e394a6a5b6d7978c569ef382578da6d0b38d739ca
D:/chest_xray/train/NORMAL/NORMAL2-IM-0995-0001.jpeg,train,NORMAL,1.345978756,3.348368363,80556faaceb05e575d6d49bc1da644bb4f46961e863d370834b707869583c0df
D:/chest_xray/train/NORMAL/NORMAL2-IM-0416-0001-0001.jpeg,train,NORMAL,1.110799439,3.268280956,d95428aac2bf4a51dd03481f1dfac901cb529e42ca5b933d3e796835b6a5add2
D:/chest_xray/train/NORMAL/IM-0282-0001.jpeg,train,NORMAL,1.157434402,3.194839611,d02b3eb4ab783f2b8c3d9ef41ad9965d875c9e3e871c064b248ba282278f94a5
D:/chest_xray/train/NORMAL/NORMAL2-IM-1258-0001-0002.jpeg,val,NORMAL,1.14384509,3.351960113,9157eea0c7151a07cd6c4db049a6c5b4591ec36cc7251b6dc3e57bc5b1e1624b
D:/chest_xray/train/NORMAL/IM-0764-0001.jpeg,train,NORMAL,1.094594595,3.339210047,dd402ebfc2bb1b40c1224909180f6d3d3c34b07c6fb436d2c3d312c5b0ebe3ff
D:/chest_xray/train/NORMAL/IM-0439-0001.jpeg,train,NORMAL,1.165596919,3.273067012,d0403da1c6b11a40996d69f438fb48fd386598674b63186bdb6d4f699a7ec3c1
D:/chest_xray/train/NORMAL/NORMAL2-IM-1225-0001.jpeg,train,NORMAL,1.484499557,3.32713147,d44264b5c6101f43ed3f6cb02cd2c4b36cf7cc3fce1c1c29cfbc4f148930cb1e
D:/chest_xray/train/NORMAL/IM-0158-0001.jpeg,test,NORMAL,1.311345646,3.187208876,d0197ea0a7d53b4f8f2c2fb5295e87f90ed5297ac7e22e1f8149860d0a5c872c
D:/chest_xray/train/NORMAL/NORMAL2-IM-1113-0001.jpeg,train,NORMAL,1.305521472,3.225668161,915ae80586a13a5ece643a1379ea45a139d779ea6d9e29eec5857878096e4e96
D:/chest_xray/train/NORMAL/NORMAL2-IM-0775-0001.jpeg,test,NORMAL,1.153169014,3.323465319,815f35a0c6813a5fe97e69b0399291e46bc7906ec3c94f69b8ed4be31c6118d3
D:/chest_xray/train/NORMAL/NORMAL2-IM-0391-0001.jpeg,val,NORMAL,1,3.464905674,d01f7ca827f49b572b6a81bf7a83c4053f8a1b4797603f88d87560f0c13d692e
D:/chest_xray/train/NORMAL/IM-0612-0001-0001.jpeg,train,NORMAL,1.360146252,3.160397424,d0fa6a85c7505a1bd06cc52479b6e5d3e4cb68e9b1ecc61d0859b109de1de963
D:/chest_xray/train/NORMAL/IM-0307-0001.jpeg,train,NORMAL,1.134232498,3.290294081,d40b7cd4c7540f0b0d3f4cb42cfcc4944fd2cd27c30e4f0f932dc396392f93c2
D:/chest_xray/train/NORMAL/IM-0591-0001.jpeg,test,NORMAL,1.2703125,3.262486522,d4423bff83d01f4a1d2f5cb43cd294ef0d4f1d2f465e1f16161447941e17c495
D:/chest_xray/train/NORMAL/NORMAL2-IM-1064-0001.jpeg,val,NORMAL,1.211340206,3.095245742,81fd2946e2953b69386c69a539883188694538c451ca6b413ad379e3bedebed7
D:/chest_xray/train/NORMAL/NORMAL2-IM-1048-0001.jpeg,val,NORMAL,1.47826087,3.155288123,d00a31bfc2f01f42882e6d7cb82d41fd298a50c7ab8b10deaade570fb87cd768
D:/chest_xray/train/NORMAL/IM-0236-0001.jpeg,test,NORMAL,1.480492813,3.250395921,91fa6ce0c7a51a57c86b2da838b680d30c07996e87254b2d6a79a63d7b6de34a
D:/chest_xray/train/NORMAL/IM-0500-0001.jpeg,val,NORMAL,1.129943503,3.14531827,d00a25b5c6b01b4ac12f6d143cbbc7d14dc3d1c7cf47b12dc3306d25b3f4cf03
D:/chest_xray/train/NORMAL/NORMAL2-IM-0932-0001.jpeg,train,NORMAL,1.530612245,3.36126478,95e8ec15ce1238788de14db64892c6bd6f38872d4b147926f78f634b30c33cf2
D:/chest_xray/train/NORMAL/NORMAL2-IM-1054-0001.jpeg,train,NORMAL,1.262252794,3.215332789,80542feec2841a51a81f496f35b6c38f67d6b46be27e1761107142d337a1f67a
D:/chest_xray/train/NORMAL/IM-0477-0001.jpeg,train,NORMAL,1.083929733,3.210084104,915f7c20c6211a57986a89e13e9696d9c61a9e1cc6684f1736c7c696671fb4da
D:/chest_xray/train/NORMAL/IM-0141-0001.jpeg,train,NORMAL,1.197522368,3.349648712,915779a0ee253a57696849a039a3c9eb596e986eca309a6396e9cb5796a790e2
D:/chest_xray/train/NORMAL/IM-0598-0001.jpeg,train,NORMAL,1.165898618,3.237078486,d15f7c8187907b0fbd2a2c3d2d7994f16c9269fa86936c3ab6b44f1d24298784
D:/chest_xray/train/NORMAL/NORMAL2-IM-0427-0001.jpeg,test,NORMAL,1.284897959,3.347354433,91536afdd6005a4b187f01f81dc2952fbbd69e4a96198ff8beb1de3585200e16
D:/chest_xray/train/NORMAL/IM-0722-0001.jpeg,test,NORMAL,1.184604419,3.338822556,d40a2db5c7311e42cd2d4db43c93ce7f0d2d983ccb789b20d2c4c3c2b2c7f0f9
D:/chest_xray/train/NORMAL/IM-0543-0001.jpeg,train,NORMAL,1.349013657,3.230661857,816f2954c232784bf82479a439a7c1a7db49d8e1da60de30d270cf0f98dae7b9
D:/chest_xray/train/NORMAL/IM-0257-0001.jpeg,train,NORMAL,1.186177715,3.147931395,d01a7ea0c7151b1fd92d2db13cd1c6d17a43b33a87b53b38b1a44f9264d2b6c1
D:/chest_xray/train/NORMAL/IM-0365-0001.jpeg,train,NORMAL,1.30187144,3.31172871,d4426ebdc79c5b0acd2b64b568d5e0ec4f85991f87ad192579e2629239c1f069
D:/chest_xray/train/NORMAL/IM-0703-0001.jpeg,train,NORMAL,1.355513308,3.295522112,915fd4a8c7011e1fe9688da969b487924afab36896346a78b5a66a1fa4b24f0f
D:/chest_xray/train/NORMAL/IM-0214-0001.jpeg,train,NORMAL,1.246519247,3.189928619,9155b5eac6a13a57c87e79e9396ac7a3194790ccce22b2794e611e613ca14f4b
D:/chest_xray/train/NORMAL/IM-0628-0001.jpeg,val,NORMAL,1.380919698,3.21405896,d4402bfdc3b84b50df29492d29a23cae69fa18e398f7cb6e9b271861c9781a1e
D:/chest_xray/train/NORMAL/NORMAL2-IM-1112-0001.jpeg,test,NORMAL,1.18021978,3.224146874,914ba914c6b41a4bc3346b02b8ab6f983deff0d46d2bb0ee49cb38e7c1e44d2c
D:/chest_xray/train/NORMAL/IM-0222-0001.jpeg,val,NORMAL,1.360474979,3.318362536,91ea2fc5c2571a5ad86d6380968cc65cc62db6b4e78025a591af43af9e3c5e69
D:/chest_xray/train/NORMAL/IM-0458-0001.jpeg,train,NORMAL,1.283769634,3.195696561,c15f6fa087151a5a8968e1a16b9a93983b04b124e3b769ff30d6921d3b6bb2f1
D:/chest_xray/train/NORMAL/IM-0545-0001-0001.jpeg,train,NORMAL,1.217721519,3.249495219,915ea915c6a51a4fc92479a019e949f739a7dae60f699275ce6196698270e637
D:/chest_xray/train/NORMAL/NORMAL2-IM-1084-0001.jpeg,train,NORMAL,1.205673759,3.175696427,d40a76b5c7d20f00ed3b25952cdfc6f06f50ecabc3906d1cf1b0c992693693e1
D:/chest_xray/train/NORMAL/NORMAL2-IM-0616-0001.jpeg,test,NORMAL,1.138389367,3.285529578,d8553caac2ae1ed85f5c587f1cfe4819587d1c204a564b571e29ca781e79d629
D:/chest_xray/train/NORMAL/IM-0739-0001.jpeg,val,NORMAL,1.366871166,3.186283339,8553fe80afd50b0f09684d344dd2c7e94ed769adc6adcb6c61e1d2d641699078
D:/chest_xray/train/NORMAL/NORMAL2-IM-0499-0001.jpeg,val,NORMAL,1.278481013,3.229358305,90175daa86211e13cd6e4da88491c71dfa1ec34ac70af9cbe5c5e184f9e2dcd3
D:/chest_xray/train/NORMAL/NORMAL2-IM-0686-0001.jpeg,train,NORMAL,1.141132075,3.261475589,91557da8c6305a058d7e4dbe19a5c7a44f9d9b6ac3297f09f3edc285210bb0d2
D:/chest_xray/train/NORMAL/NORMAL2-IM-1093-0001.jpeg,train,NORMAL,1.198988196,3.310553895,804023fec2d01a40f86b78fd39a2d39a5bcab0cf92d09efc9cbf9fc218d258a7
D:/chest_xray/train/NORMAL/NORMAL2-IM-1320-0001.jpeg,train,NORMAL,1.193656093,3.242846629,d1ab7a80e7161b4e996c8cb6189292cb9e8f6f0c93a4c6178b3693c3f6929e4b
D:/chest_xray/train/NORMAL/NORMAL2-IM-0540-0001.jpeg,train,NORMAL,1.267696268,3.26701067,d44a3ea0a7153a5a8d782cb43cbb4c357cff4db64f194934cf69ca16c0a0cf25
D:/chest_xray/train/NORMAL/NORMAL2-IM-0637-0001.jpeg,val,NORMAL,1.28525641,3.282423174,90016daee7b51e45cd2e0dae6c9f45f94ca5cd7ecf9b4b2d8d284b04c1e0c5a1
D:/chest_xray/train/NORMAL/IM-0499-0001-0002.jpeg,test,NORMAL,1.039539899,3.215576229,91177ffac7aa1eaf9a5d4b6a396941a94ca739d64f88485441ea4b54c950c3b5
D:/chest_xray/train/NORMAL/NORMAL2-IM-1245-0001.jpeg,train,NORMAL,1.014265335,3.210878269,d45f7fa887b53b178d6a0dad60b4c6934ad3c3cb9bb4e1e093a07870a1605a75
D:/chest_xray/train/NORMAL/NORMAL2-IM-1319-0001.jpeg,train,NORMAL,1.092911218,3.273656606,90556faec7145a11cd6d49eccd24cf8e9f0ec70acb459705c385318f328f63d6
D:/chest_xray/train/NORMAL/IM-0297-0001.jpeg,train,NORMAL,1.207067138,3.170793811,815f2a8186e01a5ee868e9a07998d7815e16b06a86f96e79b6f14e167cb6f696
D:/chest_xray/train/NORMAL/IM-0686-0001.jpeg,train,NORMAL,1.293199554,3.281169531,941b7fa2abd51b4a8b288fb40c1284db06831fd687cac7a5abfec3f4b18609a7
D:/chest_xray/train/NORMAL/NORMAL2-IM-1258-0001.jpeg,train,NORMAL,0.965758755,3.486463766,995f7ea046ea124747245e1779496d35786cbde46865b1a1e3d0a5a9329ee54a
D:/chest_xray/train/NORMAL/IM-0128-0001.jpeg,test,NORMAL,1.508390918,3.318313677,955f7921cf153a1799684ae139a4dcbe4c3a9879ce399e5a92f0c617e722b0d0
D:/chest_xray/train/NORMAL/NORMAL2-IM-0825-0001.jpeg,train,NORMAL,1.141340411,3.259901654,81562dedc6a04a579c69c9ac19848f0fc37d9769d24dc35837813697e78a378d
D:/chest_xray/train/NORMAL/NORMAL2-IM-0473-0001.jpeg,train,NORMAL,1.264942016,3.229790758,d47f6f858f161b0e8d2d0d9680cbc78b0b2e83a44b24b1e0ebf53a7a12e11e7d
D:/chest_xray/train/NORMAL/IM-0428-0001.jpeg,val,NORMAL,1.158753709,3.315538356,99543fbe569c1e51086f4bfe39d2e385ebc3b206c3dca50183e1e5c2b5a585d0
D:/chest_xray/train/NORMAL/IM-0240-0001.jpeg,train,NORMAL,1.138173302,3.198396466,d00b2b54ca205a4b182d58b018ca96ebd2de9ef69614c7943587e6c763eb3e5f
D:/chest_xray/train/NORMAL/IM-0583-0001.jpeg,train,NORMAL,1.261744966,3.233403988,944b6eb4a7503b0bcf3e2cb448d346c97cc7c9fb0ea5483dcf3c1c2d4b0ac730
D:/chest_xray/train/NORMAL/IM-0410-0001.jpeg,train,NORMAL,1.186909091,3.297173075,d4002af7e3d42f40ec2769753cb160f63de198254bec3e39da7c1f6c9e1683c0
D:/chest_xray/train/NORMAL/IM-0311-0001.jpeg,train,NORMAL,1.432768362,3.31978142,917a3c21e6941a5ba86acde5698695874e92394b9ef84b499f3acac7c787c90a
D:/chest_xray/train/NORMAL/IM-0648-0001.jpeg,train,NORMAL,1.254104769,3.308502615,94412fbf87951e40093f1d206cfe0df80de949fecb6a4869cb688e7c8cf48f61
D:/chest_xray/train/NORMAL/IM-0350-0001.jpeg,train,NORMAL,1.394789579,3.316743095,c0157cbbc6b51e019d2ecdbc2db0e490c3962d06d3bec3146124b1666fc6e5ef
D:/chest_xray/train/NORMAL/IM-0487-0001.jpeg,train,NORMAL,1.216974675,3.437827133,90413baee6a41a515c6b49693862f8be49d29c9bc6bfcfca9e7cc6958581c0f2
D:/chest_xray/train/NORMAL/IM-0629-0001.jpeg,train,NORMAL,1.199233716,3.182990324,95ff7e874e145f7a55251c843a92d7ab5a5d9169d7a5014291a3cff6b0438069
D:/chest_xray/train/NORMAL/IM-0549-0001-0002.jpeg,train,NORMAL,1.119437939,3.255072084,915f2ab0d6a85a47587f59da797a51fd19c030eb53c03c9296b83f093d6915f0
D:/chest_xray/train/NORMAL/NORMAL2-IM-0832-0001-0002.jpeg,train,NORMAL,1.182421227,3.344221774,90542ffece201a15da5a49ba1db0d63b425f970ed6be17da1687c387858658d6
D:/chest_xray/train/NORMAL/NORMAL2-IM-0798-0001.jpeg,train,NORMAL,1.37963844,3.215606834,915f6da0c6011a5fcd6b49e19186c3936ff390afc3203129fbf56f60103ccfe1
D:/chest_xray/train/NORMAL/NORMAL2-IM-1128-0001-0001.jpeg,val,NORMAL,1.185468451,3.3497699,8800697ec7ea5a81f85b798e3946595b19c598465af61c5adc399d6b9c71c0f5
D:/chest_xray/train/NORMAL/IM-0359-0001.jpeg,train,NORMAL,1.284591195,3.243257935,d0eafe05c71a3a4f84652cd432d2c6d76e5bb7a5cf07292122c3641361c9d69f
D:/chest_xray/train/NORMAL/IM-0327-0001.jpeg,train,NORMAL,1.199734572,3.369551761,90456baec7a41a41c96f1ded38f319e918439b6e9e0d9a7f86c5ce8189634ad3
D:/chest_xray/train/NORMAL/IM-0491-0001.jpeg,val,NORMAL,1.104506232,3.188431241,882ae4a0a7b55b56ad32783aaced0cbce9f00cb6e9f1063feb48073cfa7501c9
D:/chest_xray/train/NORMAL/NORMAL2-IM-1254-0001.jpeg,train,NORMAL,1.20660066,3.2311785,98452fafc2bf1a40496d1dae1c3b4c791a65c37e0643524fc7d15f4fc2d25691
D:/chest_xray/train/NORMAL/NORMAL2-IM-1273-0001.jpeg,train,NORMAL,1.494461229,3.228643164,d50b66b5c7113b4b853e6db63cf8c6b06cd2c4be4f90393dc72d4b0690b46926
D:/chest_xray/train/NORMAL/IM-0631-0001-0002.jpeg,train,NORMAL,1.215384615,3.199467204,917b3a94ca525a6bd87e5cb018c396925f6618ee92605e7134f176f53cbc14a6
D:/chest_xray/train/NORMAL/IM-0224-0001.jpeg,train,NORMAL,1.372183372,3.251245244,d0406ebf47505e4b4c2d49d41cc34a5b1b6d8a7ccb381e794ef01f3c1e1f871e
D:/chest_xray/train/NORMAL/NORMAL2-IM-0462-0001.jpeg,train,NORMAL,1.358064516,3.273556932,81576fa0c6845a5ecd6c4da14983cda56d16c97ac718695ac7f90e5f498587ad
D:/chest_xray/train/NORMAL/IM-0300-0001.jpeg,train,NORMAL,1.290734824,3.213982611,915a25a0c6853a5ed86e69743da365f1398330b64dea3cfac8f40d6b58f14e71
D:/chest_xray/train/NORMAL/IM-0527-0001.jpeg,train,NORMAL,1.470638298,3.242385296,91de748386171a7ec96a3da169d39c9778d28d829e394d359f294934c343cf34
D:/chest_xray/train/NORMAL/IM-0724-0001.jpeg,train,NORMAL,1.372110365,3.338665239,91fa6805c7143a5aa96c69953996c997699fb9a4c9611969d8b5cf2119699b6d
D:/chest_xray/train/NORMAL/IM-0476-0001.jpeg,train,NORMAL,1.486641221,3.20669468,d42b7ed0c7d92f0b8d342cb42cfbe4d02c83cc8fc79e0d09c7b5cf830092c797
D:/chest_xray/train/NORMAL/IM-0509-0001.jpeg,train,NORMAL,1.195402299,3.441314682,915f6f2086155a55896c4da2c897c76e532fd348d3097b41e3c172db72d296d3
D:/chest_xray/train/NORMAL/NORMAL2-IM-1379-0001.jpeg,train,NORMAL,1.084337349,3.102722646,d14221ffe6b00b40bc2369f5386bf0fd69e4384749e54f2138ff49611e0f58f8
D:/chest_xray/train/NORMAL/NORMAL2-IM-0525-0001.jpeg,train,NORMAL,1.070477248,3.535789678,d40a2fd542bd5f02492f2fbc2f6cb4ac64d4bcc3b1d69793504b93ad630eb0a4
D:/chest_xray/train/NORMAL/IM-0303-0001.jpeg,val,NORMAL,1.393987342,3.372479816,d0ad7c02c7023d2f8d340d921cdbcedb6c3d9bb4cf049934cb1ec73b9270c734
D:/chest_xray/train/NORMAL/NORMAL2-IM-0622-0001.jpeg,test,NORMAL,1.166666667,3.227081151,d0422db5c2a41b43d92769a43ce969fd19e298e7cbf61a6f82354f613869c656
D:/chest_xray/train/NORMAL/NORMAL2-IM-0582-0001.jpeg,train,NORMAL,1.247058824,3.288616339,d00b3cf5c2d02b42be2f693c3ca898f36deb3ca3486b6da93a7e693c13041a6b
D:/chest_xray/train/NORMAL/NORMAL2-IM-0555-0001-0001.jpeg,train,NORMAL,0.932003626,3.27865931,88556d2ac6fa5a61ff656b903c5b4ca91de494a2cb709e5ada7d0e39143c4e94
D:/chest_xray/train/NORMAL/NORMAL2-IM-0601-0001.jpeg,train,NORMAL,0.998428497,3.354624206,994229b7c6a91a40c8276925791a49f92de198e2caf2d87a92f75e7b92fd8616
D:/chest_xray/train/NORMAL/NORMAL2-IM-1105-0001.jpeg,train,NORMAL,1.333333333,3.44753118,9955bfbec7a41a109e4a5bed1da4d6b24dd29c4ac6bc0b58341d6b213c1cd696
D:/chest_xray/train/NORMAL/NORMAL2-IM-0746-0001.jpeg,train,NORMAL,1.144654088,3.146127274,906b2bd4ca805a4b786f58fa1acb1efbda6a1e6296f2f6903e92f49255921496
D:/chest_xray/train/NORMAL/IM-0683-0001.jpeg,train,NORMAL,1.463286713,3.474486013,90af7a84c723384b986509e538d690f19e699a6cce70df389a61c669865fb6cd
D:/chest_xray/train/NORMAL/NORMAL2-IM-0857-0001.jpeg,train,NORMAL,1.2143951,3.235332636,817e2825c6655a5fc868cba95b9b962dc6309a5ad67a621a329ec29ec39e3d8e
D:/chest_xray/train/NORMAL/IM-0180-0001.jpeg,train,NORMAL,1.294545455,3.347993166,9855edbe87b81e01c32c1e961a5b29e83c3524f81ca53c3e2d9e1ed71df83827
D:/chest_xray/train/NORMAL/NORMAL2-IM-0827-0001.jpeg,train,NORMAL,1.036523929,3.149931658,98516d2aa7bb1ea18b7d1fac0a1f0f4a7c296d690d8069758d284d9683f85daf
D:/chest_xray/train/NORMAL/IM-0272-0001.jpeg,train,NORMAL,1.36969697,3.189072275,8dd00e8f07f55974cd6261bcc187c5a243f8c269c1f943edc34a4d8ec793e4f2
D:/chest_xray/train/NORMAL/IM-0634-0001.jpeg,val,NORMAL,1.427212179,3.262355401,d1432fbd02950a035d6e4b3c181264b96fd77c4700bd6b1f4b9b43596968f3f8
D:/chest_xray/train/NORMAL/IM-0565-0001.jpeg,train,NORMAL,1.105413105,3.208862201,d4437ca8c7141e43e93e2db81a91c7369f0ec32e830c6b4fe3cf86c302ced3d3
D:/chest_xray/train/NORMAL/IM-0274-0001.jpeg,val,NORMAL,1.175983437,3.118296845,915f7fa8ce311a5e196e49b91cbec8eb4f4b9c2fc32a4f0b1228c342971697c1
D:/chest_xray/train/NORMAL/IM-0358-0001.jpeg,train,NORMAL,1.26712856,3.295406891,945f7da8a7913e528d7a0dae18b408b018f78df60e12993fcf250d3ec320cfb5
D:/chest_xray/train/NORMAL/IM-0511-0001.jpeg,train,NORMAL,1.120174008,3.23512263,955f6ca18f153b5e8d2a2cbd0cfc0ca54cb6cf93cf3fcb0c83094b4483e012bf
D:/chest_xray/train/NORMAL/IM-0419-0001.jpeg,train,NORMAL,1.391590013,3.518203032,91576fa087b51a5e0d6c4d341c9644b84c07552ecf365b6bc36dcb6c59e4e1e8
D:/chest_xray/train/NORMAL/NORMAL2-IM-0496-0001.jpeg,val,NORMAL,1.427620632,3.360805488,815e39a0c6113a57986e4af8399290fd69f730a718f4cf69bed8087c8f617879
D:/chest_xray/train/NORMAL/NORMAL2-IM-1335-0001.jpeg,train,NORMAL,1.311030741,3.369754094,915b3ff5c214185f987dc0b41c8486adc7e9b66dc2702fa3bc9fc9da87089a58
D:/chest_xray/train/NORMAL/NORMAL2-IM-0406-0001.jpeg,train,NORMAL,1.409395973,3.185414802,904b2aadca101a4bd86b58e01892db5a9e5b927c96907fb5f7df6d9710c84d96
D:/chest_xray/train/NORMAL/IM-0622-0001-0002.jpeg,val,NORMAL,1.282334385,3.205256708,915ebe81c6071a6ec52d3c97b49bc689386d84a56e533cf14787391ad790cd2d
D:/chest_xray/train/NORMAL/IM-0119-0001.jpeg,val,NORMAL,1.262203626,3.176112937,916b2fe5c7134b6b986dc9b43b82929bc3419b099270cb423a1b7093cf0bf79e
D:/chest_xray/train/NORMAL/IM-0152-0001.jpeg,test,NORMAL,1.422771403,3.24916543,d00bb2f4e7523b67ec3f2cb438e9e4d23dc374dbcfc31c1cd9300d142c348955
D:/chest_xray/train/NORMAL/NORMAL2-IM-0995-0001-0002.jpeg,train,NORMAL,0.900958466,3.31210034,d8557826c2ae5effd7445f4518500d5b286931f81de0387015f53c17b6d68fe1
D:/chest_xray/train/NORMAL/IM-0715-0001.jpeg,train,NORMAL,1.399095023,3.29748965,d0af7e90c61b196f9d745cd118dbc6d91e7a927cc7183a38238ec78a90dc920f
D:/chest_xray/train/NORMAL/IM-0616-0001.jpeg,test,NORMAL,1.260196906,3.348166966,915e6ca0afb13a570d6849ad38f64dbb691fb0cec796131ad6c1c661916c8796
D:/chest_xray/train/NORMAL/NORMAL2-IM-0669-0001.jpeg,test,NORMAL,0.975216138,3.283837998,91516dbac7aa1a41ed0469166c5a65ac4de1c5a54fbecd2ec7ae4b49c3ea4b05
D:/chest_xray/train/NORMAL/IM-0551-0001-0001.jpeg,train,NORMAL,1.451557093,3.205096643,d15e7ca0c6915a5b8c694d603cb6cc974d96349fce928e0be1e8cb5286b5e3f0
D:/chest_xray/train/NORMAL/NORMAL2-IM-0600-0001.jpeg,test,NORMAL,0.965291421,3.663457021,dc0a6ef503fe4b2a653eac5cbc3cc4903cd2c3c90fc3c4e90f49cf2c0f98cd0b
D:/chest_xray/train/NORMAL/NORMAL2-IM-1178-0001.jpeg,train,NORMAL,1.104311544,3.228404629,95457caa87b51a418d6a1ca438fa96b07875966ace3f317886396e1cb7b84697
D:/chest_xray/train/NORMAL/IM-0417-0001.jpeg,train,NORMAL,1.190666667,3.353201374,d4036ca087944f0bcd3e4cb56c9fc781cf07c36ad38df95493a57b0330d2b687
D:/chest_xray/train/NORMAL/NORMAL2-IM-0594-0001.jpeg,test,NORMAL,1.284327323,3.522348585,80572da0cea33a57c86b49e118a7c8f21e7a9ef8c6399eb98ca1cd939c1ccda6
D:/chest_xray/train/NORMAL/IM-0183-0001.jpeg,train,NORMAL,1.154567901,3.287055674,d4423cb7c7b01a51d9362b543c4b64fd6c4034b76cf13ca3c59a6f13987d4db0
D:/chest_xray/train/NORMAL/IM-0156-0001.jpeg,train,NORMAL,1.230769231,3.324698073,91157d008fa81e158f522d6a0dadcc964f9fc793c702e3d2c1a549ae69c7ede4
D:/chest_xray/train/NORMAL/IM-0482-0001.jpeg,val,NORMAL,1.217898833,3.197290703,94417cabc7b51b50cf4e0d28683484f86c91f8c787b74b1f873c4f2d9b2dc368
D:/chest_xray/train/NORMAL/NORMAL2-IM-0845-0001.jpeg,train,NORMAL,1.152749491,3.234689376,917a7e20c6143a5a8d682fa53e92864b6a5eb36cc7293b0bb3ce4f9a30cacdd8
D:/chest_xray/train/NORMAL/NORMAL2-IM-0719-0001.jpeg,train,NORMAL,1.147727273,3.221695284,d40afca087fc1b0aad303d963c7b04283c16a4b80e9f2cfac69f6d1fc7e54f12
D:/chest_xray/train/NORMAL/IM-0325-0001.jpeg,train,NORMAL,1.28109029,3.283653706,d02b6eb0c7125f0fcd3c6db179d3c3d86b909038c3b47934f9f6c3e6684ec048
D:/chest_xray/train/NORMAL/IM-0331-0001.jpeg,train,NORMAL,1.014168531,3.32896338,81532bbdc6e01a45d87f68bc3be8c6a50f46b61ec64b3419f2956d9594b4c996
D:/chest_xray/train/NORMAL/NORMAL2-IM-1142-0001-0002.jpeg,train,NORMAL,1.181605612,3.361718428,d1156ea8c7b14a51e96ae5ab69b1e493e29b3906b53acba03be1cda541e479c1
D:/chest_xray/train/NORMAL/NORMAL2-IM-0772-0001.jpeg,train,NORMAL,1.312977099,3.172459255,915b2bb0c6961a47bc2f69b4398be59369c618eec2fc8a619ca1ca789e1796a5
D:/chest_xray/train/NORMAL/NORMAL2-IM-0896-0001.jpeg,train,NORMAL,1.039615846,3.224173937,81573be8cf201a57986b496919b54dfa9e4b9e5ec67a861956b986994596b096
D:/chest_xray/train/NORMAL/IM-0571-0001.jpeg,train,NORMAL,1.208304498,3.261447413,915729a0c6a51a57c96d49a039f7c1f9594b906ec2789e69d6e14f4396b6c693
D:/chest_xray/train/NORMAL/IM-0172-0001.jpeg,test,NORMAL,0.991019546,3.254291204,d0502aaed2e95a51592a59bf1df150a518e0902b92ff962d96bd17aadf8343da
D:/chest_xray/train/NORMAL/IM-0201-0001.jpeg,train,NORMAL,1.103816794,3.360993166,d00a6f35c7311b42892fcdb63ad2c6d1c342b707c3d67f43b0f0c4f238b390b7
D:/chest_xray/train/NORMAL/NORMAL2-IM-0572-0001.jpeg,val,NORMAL,1.146788991,3.325386358,815521bec6801e45e87f49fc7941e19b4fad790f932a5a0dd97a92e1687191ed
D:/chest_xray/train/NORMAL/NORMAL2-IM-1260-0001.jpeg,test,NORMAL,1.240133779,3.254586203,916b2b95c2053a4bd86c59e1398bd1de38ca90fa92d8beb996f14e0994b4c7cb
D:/chest_xray/train/NORMAL/NORMAL2-IM-0647-0001.jpeg,train,NORMAL,1.038912909,3.197738578,814421bfc2e43b45d82f69dd3929e1e539e690c74b4a9a6bc2791e6992f44f78
D:/chest_xray/train/NORMAL/NORMAL2-IM-1307-0001.jpeg,train,NORMAL,1.187808896,3.257920537,d12b2ff4c2c00b4b9c25c9f6398292d6c78e962fc27cc7313ad0e0e3e696b897
D:/chest_xray/train/NORMAL/NORMAL2-IM-0810-0001.jpeg,val,NORMAL,1.280688038,3.459004783,91557da88e151a5489685cb59c56cf7b9b4ec72a4b59b1edc3853c5a4296b692
D:/chest_xray/train/NORMAL/IM-0511-0001-0002.jpeg,train,NORMAL,1.25083612,3.2447105,d02b2d90c653384be93c29f02cb36cbe6cabccbd4f0c0d29cb781e6293b6cd71
D:/chest_xray/train/NORMAL/IM-0612-0001-0002.jpeg,train,NORMAL,1.247659574,3.227819606,d4bf6c84c7501f0b992c4da42dd2c5cbcecbb9fc83b4cb3c317c11254966c1f4
D:/chest_xray/train/NORMAL/IM-0203-0001.jpeg,test,NORMAL,1.138095238,3.294869013,d55beef0c7144b0ac92c6db468dac0c8693fc1afcf1d693c93254816f3e09687
D:/chest_xray/train/NORMAL/NORMAL2-IM-1154-0001-0002.jpeg,train,NORMAL,1.105581708,3.2018626,805529fec6e81ac1fa0f789e395ad9a819e498c3c2c79cc2dad394e394a1e9f6
D:/chest_xray/train/NORMAL/NORMAL2-IM-0642-0001.jpeg,train,NORMAL,1.130116959,3.247394564,944b3ea0bf513f4a85be14b010da974a916787789619305287d36b5fc3c5dbd5
D:/chest_xray/train/NORMAL/NORMAL2-IM-0455-0001.jpeg,train,NORMAL,1.182096873,3.219724203,815739aac6813a47e97e79a139cf49a539c599e6cf691871c6e14c699a56c781
D:/chest_xray/train/NORMAL/IM-0215-0001.jpeg,train,NORMAL,1.377998346,3.375114126,c0423eafef901e435c2f596d1df0192700d319f394fe8d9694a19c7b9e569c89
D:/chest_xray/train/NORMAL/NORMAL2-IM-0641-0001.jpeg,train,NORMAL,1.057268722,3.234582907,9140a8bee6be1a61da664a343c4a783a6d78383a79f86d3e38f669d0385f18e5
D:/chest_xray/train/NORMAL/NORMAL2-IM-1345-0001-0002.jpeg,train,NORMAL,1.349322211,3.187493631,d45f6ea8c7155e4ecd6a4dbc6cb4c4d06c9f85be8795493cc3a4c924e166c292
D:/chest_xray/train/NORMAL/NORMAL2-IM-0390-0001.jpeg,train,NORMAL,1.024410774,3.2660558,815da124c6a87a1ff86c6b95391e69a5690fb1ad4b4e797cdbd0494b18e9494b
D:/chest_xray/train/NORMAL/IM-0445-0001.jpeg,train,NORMAL,1.16998672,3.214881953,95577ca887f13a178d7a3dbe2cdb8cb33cdfcd960c0f491e872d49168924c812
D:/chest_xray/train/NORMAL/IM-0641-0001.jpeg,train,NORMAL,1.255405405,3.298545634,d00b2d94c7363a4b6d346cf03ce3c9f54da2196dc3c0cb0c92e7cbc2bcb49cad
D:/chest_xray/train/NORMAL/IM-0437-0001-0002.jpeg,train,NORMAL,1.309027778,3.171408005,d12bffa5af140b7e892901a52dcac6d9ea5ad928c730e930f1f4e796e94ac0b0
D:/chest_xray/train/NORMAL/IM-0509-0001-0001.jpeg,train,NORMAL,1.274666667,3.210960703,d42bee8087520b2fc9ad04b428cac3ff6a5f913a821c38366dcbc697694bd6d3
D:/chest_xray/train/NORMAL/NORMAL2-IM-0855-0001.jpeg,train,NORMAL,1.172969188,3.536097557,d54b6fa1a7950a424d2e4dad6cdbc5a56ce7c5e24f81c1e033e9d0783b60d097
D:/chest_xray/train/NORMAL/IM-0740-0001.jpeg,val,NORMAL,1.434138737,3.372459215,917a3ea18f551e7a4de94da54cdac6d84e9a4a92c7b349a489e98eb40b1c9da5
D:/chest_xray/train/NORMAL/IM-0612-0001.jpeg,test,NORMAL,1.14151681,3.357682,94016fab87ff0f148d4a0d2f0cb7c4d04fd1c967c3af495fd0fd4b60183613a3
D:/chest_xray/train/NORMAL/NORMAL2-IM-0839-0001.jpeg,train,NORMAL,1.014555256,3.336894828,d85029bfc2aa5ac05e01491f39fa38ad49fd3ca590a7876b968eb55a87ad9f01
D:/chest_xray/train/NORMAL/NORMAL2-IM-0939-0001.jpeg,val,NORMAL,0.9762401,3.430675629,9957fd2287ea3ac78b652e3538560c2b387d2da1492769aa4f07497ac3874b5a
D:/chest_xray/train/NORMAL/NORMAL2-IM-0576-0001.jpeg,train,NORMAL,1.187060478,3.301295434,91556fa88eb51a110d7e4da91cb6c4a94f941c0cc7184f51d4f0c7f58dda96f3
D:/chest_xray/train/NORMAL/NORMAL2-IM-0599-0001.jpeg,train,NORMAL,1.432432432,3.170581631,91551daac2a01a51f86f85ac3cb4b4d06ed5384f86a44e3db6fe4ea5245ab4fa
D:/chest_xray/train/NORMAL/IM-0557-0001.jpeg,train,NORMAL,1.09703504,3.262084921,81432bb4c6aa5a47786d69f479ca79bb69e139e659e64b481e364a530d693856
D:/chest_xray/train/NORMAL/NORMAL2-IM-1345-0001-0001.jpeg,train,NORMAL,1.235238988,3.195190726,c04f6fb8cf141b02cd2e4fb87b94c3696395116fc2c97b4db2e44bd230d284bb
D:/chest_xray/train/NORMAL/NORMAL2-IM-1020-0001.jpeg,train,NORMAL,1.246376812,3.332206183,91572da0c6a01a57c86f69e439a6c9e539e3d8274b7a1c7aca7c4f2d9861c659
D:/chest_xray/train/NORMAL/NORMAL2-IM-1170-0001.jpeg,train,NORMAL,1.225,3.31130375,905029abe2bd1a50eb0868fa3cf869e93d60583e4b561c2f4b5c1f78f43d1f69
D:/chest_xray/train/NORMAL/IM-0270-0001.jpeg,train,NORMAL,1.213706041,3.35441055,d40065afc6b53f50ed4a6d3c3cb2cc922d00dc07cf1a9e1ecc3d8f2c987ecf0c
D:/chest_xray/train/NORMAL/NORMAL2-IM-1266-0001-0002.jpeg,train,NORMAL,1.351211073,3.216275184,915eba0586141a5a9c611aafb5a8c6a9686b96eb4e43b1adc687bd6ef7924952
D:/chest_xray/train/NORMAL/IM-0549-0001-0001.jpeg,train,NORMAL,1.257227576,3.241844487,915a3ab4e2503a43782f78f839a259e579c3186b52d01b78d67d4f631c71d4b6
D:/chest_xray/train/NORMAL/NORMAL2-IM-1088-0001.jpeg,train,NORMAL,1.342013889,3.206013804,815e2ba5c6571a5a99696986b1b6c6e5d669b4e5eee33da5b6a40707943c0343
D:/chest_xray/train/NORMAL/NORMAL2-IM-1128-0001-0002.jpeg,train,NORMAL,1.214776632,3.292943892,d01366a8c7151b0ecd2e2db189f7c7856c9ec70ecf1dc924c3853927c3e27297
D:/chest_xray/train/NORMAL/NORMAL2-IM-1041-0001.jpeg,train,NORMAL,1.073329007,3.232143788,d44b7ea087b41b438d2e2da428c886f14b13b17b873b7b3cb5ec4eb429e0c9f2
D:/chest_xray/train/NORMAL/IM-0504-0001.jpeg,val,NORMAL,1.072463768,3.235738106,91546c038615787ecd626da54b85c7924b10c749df25eb45934a79f2b3d2b6f1
D:/chest_xray/train/NORMAL/NORMAL2-IM-0537-0001.jpeg,val,NORMAL,1.314438503,3.222974151,d02d3d52e3503f4dbc3469b03cb76cbb6dab3cd349c01e84daf8cfa59014c0f2
D:/chest_xray/train/NORMAL/NORMAL2-IM-1258-0001-0001.jpeg,test,NORMAL,1.088204038,3.313552312,90423db5e6bd3e42eb2c2dbc383a6db92c153c360f07390f87254f2b1b2cc7a5
D:/chest_xray/train/NORMAL/IM-0491-0001-0002.jpeg,train,NORMAL,1.13437058,3.359409553,955e7e8007d51b5f09aa14a57ada94cb6aaea19462a8312563a3b5e26be3e56b
D:/chest_xray/train/NORMAL/IM-0400-0001.jpeg,train,NORMAL,1.336414048,3.445622774,d01b7ea187153f5f2d6c2db42cd386bb4f9e9f26c714490e80f4c3a51943b2f0
D:/chest_xray/train/NORMAL/NORMAL2-IM-0528-0001.jpeg,train,NORMAL,1.238964992,3.288392291,d4037eaae3f41b40e96aa52b68b5e4fc66f4685686cae68f68d9a4c146c5e14e
D:/chest_xray/train/NORMAL/NORMAL2-IM-0945-0001.jpeg,test,NORMAL,1.372294372,3.33805789,d44067bfc3d54b46852f4ca5e49244dbe803c5aa79b4f932eba2fa17e5a01f24
D:/chest_xray/train/NORMAL/IM-0264-0001.jpeg,test,NORMAL,1.171521036,3.231301557,91e8f097c63718689925cdb63adbc34bce4bb32cd6124d293256cf0e25cc93da
D:/chest_xray/train/NORMAL/NORMAL2-IM-0535-0001-0002.jpeg,train,NORMAL,1.382830626,3.116324143,d02bbad1e3509b2dbc34c6b058c3348fd6dadf8e960dc6fc4dbc16b4442265a5
D:/chest_xray/train/NORMAL/IM-0656-0001.jpeg,train,NORMAL,1.078136201,3.234027199,d05f7ca0e7b43a52bc6bcd2539e4ccb44bf2bcfbc3a08e3899348e70092d9256
D:/chest_xray/train/NORMAL/NORMAL2-IM-0851-0001-0001.jpeg,test,NORMAL,1.341924399,3.32362386,d400e4bdc3dd0f42ed032cc9e4dd4fd49c92c39d0903c1b769a2f9fbc2d23963
D:/chest_xray/train/NORMAL/NORMAL2-IM-1209-0001.jpeg,test,NORMAL,1.466257669,3.290014894,915f2bf5c6a65a4a7c6d4964298139c549e3596718d4db4a9e2f986d18e29e35
D:/chest_xray/train/NORMAL/NORMAL2-IM-1328-0001.jpeg,train,NORMAL,1.312424608,3.249428321,d40badd4c3d03d6bed347ca364b16d8038ed4b34383d1bf43c3c18f00f0cb6dd
D:/chest_xray/train/NORMAL/NORMAL2-IM-0482-0001.jpeg,train,NORMAL,1.135254989,3.203868169,d10ab5b5c6b03b40fd376d9238ab69b52da438b74de01c2bdbf40d299a344de8
D:/chest_xray/train/NORMAL/NORMAL2-IM-1152-0001.jpeg,train,NORMAL,1.252765957,3.254066923,91576faac7b51a05896e0da849a5c7933a8dc37c07293865c3e84ea5c9e9c7cb
D:/chest_xray/train/NORMAL/NORMAL2-IM-0497-0001.jpeg,test,NORMAL,1.016300496,3.269972403,99442fb0c6b31a41cf6f4d2c392c6cb16d2330e74f0f793d16d14d3e30f49387
D:/chest_xray/train/NORMAL/IM-0646-0001.jpeg,train,NORMAL,1.382527566,3.21529636,815f2ba086855a5fd86859e17996d78f5d1e71fad3a05a5873eb4a521074b60b
D:/chest_xray/train/NORMAL/IM-0542-0001.jpeg,val,NORMAL,1.341394026,3.258171181,d00a2fb5c6b05f4b5e2f493c19001cbd49fc1de3c0074b7e1f2d4a794b781e3d
D:/chest_xray/train/NORMAL/NORMAL2-IM-0501-0001.jpeg,test,NORMAL,1.185628743,3.22808862,d4436cb5c7b41e52897e0db478fa84b06c113c738c034d3a9bf9cb3d4968d3f4
D:/chest_xray/train/NORMAL/NORMAL2-IM-1200-0001.jpeg,train,NORMAL,1.026389669,3.233900285,91573db887f53a45897e29f838fb4da54ca790ff4f0fc93ac3c24b0992e0c242
D:/chest_xray/train/NORMAL/NORMAL2-IM-0623-0001.jpeg,val,NORMAL,1.172503243,3.335701194,9d407dbb83bd1a548b7c3caa6c1b6d697ca541e0038249cbc3e2786fcb6ec361
D:/chest_xray/train/NORMAL/IM-0268-0001.jpeg,train,NORMAL,1.194690265,3.221901661,915a3ba0e7843a5f3a794f29396138e169f939aa78be4d92392e59a54968387c
D:/chest_xray/train/NORMAL/NORMAL2-IM-1327-0001.jpeg,val,NORMAL,1.151898734,3.372557206,90152daac66a5e819e4fca7d19e019ad49f32941908f4b5edf5a5adcc7039769
D:/chest_xray/train/NORMAL/NORMAL2-IM-0568-0001.jpeg,val,NORMAL,1.058962264,3.324458939,99577faac7bb5a178e7a4b6c18784aa1694538c74f861c6a1fea0d5eb0a5a308
D:/chest_xray/train/NORMAL/IM-0524-0001.jpeg,train,NORMAL,1.21911856,3.222322157,81572ba8c6a15a47f86e69e039eb69ad79c698eeca489c6b9ae18be094a587c3
D:/chest_xray/train/NORMAL/NORMAL2-IM-0872-0001.jpeg,train,NORMAL,1.437810945,3.137051995,c00a83f5eb42cb0f487fe0b4cbd098b7f0cdda0d3ac5b2daca87368393decb08
D:/chest_xray/train/NORMAL/NORMAL2-IM-0617-0001.jpeg,train,NORMAL,1.223427332,3.362759589,d541f4afc3b91f50ed2f2db43c3266b83c12b49b6f813d0f87d02c372da6c380
D:/chest_xray/train/NORMAL/NORMAL2-IM-1055-0001.jpeg,train,NORMAL,1.580669145,3.36001635,d40176ba87941b40893e3cae2c5f24f81cb7cfd2869c3c2dcfc064be6cf4658b
D:/chest_xray/train/NORMAL/NORMAL2-IM-0841-0001.jpeg,test,NORMAL,1.057015369,3.398254249,d04a2bfdd2a05e425e3d595a1c49497d39e3182741ea3da6d7de35ed142581f8
D:/chest_xray/train/NORMAL/NORMAL2-IM-1419-0001.jpeg,train,NORMAL,1.22,3.290203091,907b7ce9c7d51b4bb82bc92109c0c0a2c2c1400392a5cf685a3f7be1edebfbf8
D:/chest_xray/train/NORMAL/NORMAL2-IM-0535-0001.jpeg,train,NORMAL,1.107307439,3.300370364,91136daac7151b42cd2c5e959253c72c330ef72d7acd34c642d338c3c6c3cfe1
D:/chest_xray/train/NORMAL/IM-0545-0001.jpeg,train,NORMAL,1.401521555,3.402647055,91fe68a1c7a11e1f987acd6b79a5e1a4c7876996a1b886b67a709961ce304f06
D:/chest_xray/train/NORMAL/NORMAL2-IM-1045-0001.jpeg,train,NORMAL,1.336457357,3.325635848,90517eaa82941b4fdc3e1cb51cd384987fcf946d870c1b1d9ffd96951848868f
D:/chest_xray/train/NORMAL/IM-0316-0001.jpeg,train,NORMAL,1.35579782,3.278318647,d043aeb5c7521b0bc87dc9b43ad2c2bec729bc3483306e16b12f46c4f33d92cd
D:/chest_xray/train/NORMAL/IM-0463-0001.jpeg,test,NORMAL,1.026166098,3.262055901,99402dabc6bd1a50eb256b14381a68f93de870a54dc238ab4bf23d2b1afe4f4b
D:/chest_xray/train/NORMAL/NORMAL2-IM-1270-0001.jpeg,train,NORMAL,1.31019979,3.207326923,81552fe8c6071ad6b862c9c33d0f95bd6353b51a6a50c753343f6b55d78130b5
D:/chest_xray/train/NORMAL/IM-0312-0001.jpeg,train,NORMAL,1.37968893,3.311919114,d42b6280c796790fc5bc6cf140f1c6c96cdec4cf861c699ac79769b5410b9e17
D:/chest_xray/train/NORMAL/IM-0166-0001.jpeg,train,NORMAL,1.147178592,3.334752311,915f74a0c6b11a57ad6a692538f26cb16cd3b4a54e16cc39cf90cd3c8eb4cd29
D:/chest_xray/train/NORMAL/NORMAL2-IM-0530-0001.jpeg,train,NORMAL,1.047938639,3.26818464,d1423bbdd6b85e435c7f4b74182a58f44de93cf743ca0d081ada0f5a961d81e9
D:/chest_xray/train/NORMAL/IM-0473-0001.jpeg,train,NORMAL,1.321458863,3.275596473,90422bbfe6807a41de2f4b3c7dc268a569917ca3c0a54968d867c3f0dd69d87d
D:/chest_xray/train/NORMAL/NORMAL2-IM-1096-0001-0001.jpeg,train,NORMAL,1.296669249,3.246557844,d14f7c84c390390fbd2c78b438f29cf1796f996c8a341864dbf0ca1f9842d2f5
D:/chest_xray/train/NORMAL/IM-0362-0001.jpeg,test,NORMAL,1.337278107,3.358727175,90522db5cf103e53dc2d49f41cb2c97a1d2b9c2dcb3c1f25da7c0f218625e67a
D:/chest_xray/train/NORMAL/NORMAL2-IM-1218-0001.jpeg,train,NORMAL,1.131924615,3.257475243,81576ba8c6a07a55787f79e079b211a159c499eedad01a5894f19eb595af82d4
D:/chest_xray/train/NORMAL/IM-0505-0001.jpeg,train,NORMAL,1.27518797,3.232413784,905f6aa1c6a13a57c86c4da54cb3cdf14d0b493ece184a388638cf39cf7a9795
D:/chest_xray/train/NORMAL/NORMAL2-IM-1122-0001.jpeg,train,NORMAL,1.15177305,3.190488243,94423abf8bd51e4a5c2f5cf41cd2c6f91ad1932dc3a41172c2f426d5a4db96d1
D:/chest_xray/train/NORMAL/NORMAL2-IM-1110-0001.jpeg,train,NORMAL,1.142342342,3.314574953,9542697ccc7c4b56cb0bc72d52b192d392cb33c19395ccb44830c72bce6d734f
D:/chest_xray/train/NORMAL/IM-0644-0001-0002.jpeg,test,NORMAL,1.302736099,3.123878513,90afba94d6025a6b947cccf1bda3b492e598b68df268e729b410e530a7b0a796
D:/chest_xray/train/NORMAL/IM-0666-0001.jpeg,train,NORMAL,1.069911504,3.189945877,915afc859ec5386e892438fb90e9482e986e5f368c69560def6953c1a61b56cb
D:/chest_xray/train/NORMAL/IM-0650-0001-0001.jpeg,train,NORMAL,1.254287845,3.2334382,904b6db5c712184ecd2c6db418d3c9e159279964cf359b6cd6540e33974bc61f
D:/chest_xray/train/NORMAL/IM-0293-0001.jpeg,test,NORMAL,1.357884797,3.231578851,915029aec6a41ad5bc4bc93d0da59ce769d3b5c2d25eca5c36a8787cd67094a5
D:/chest_xray/train/NORMAL/NORMAL2-IM-0508-0001.jpeg,train,NORMAL,1.333958724,3.343811448,d02bec91c710390fcc3d6cb038cbc6d16dcd98eccb34193cdff14f383c34cb0c
D:/chest_xray/train/NORMAL/IM-0115-0001.jpeg,train,NORMAL,1.124865447,3.231239744,817f2905ca67385a496149a11897ca759e5a9e7ac6589e1ed23e678ebabc4678
D:/chest_xray/train/NORMAL/IM-0409-0001.jpeg,train,NORMAL,1.374527112,3.340654292,90513aeec7a51a153c5bc1e94be1bd86c39e4f5a9e2b42f9c70114a7c5e6a516
D:/chest_xray/train/NORMAL/IM-0531-0001-0001.jpeg,train,NORMAL,1.390983001,3.193040879,d42b3d50c7911f2f4c3d4db07caaecb96cc26ce3c6d3cd39d13c86908d2d93c0
D:/chest_xray/train/NORMAL/NORMAL2-IM-1285-0001.jpeg,test,NORMAL,0.904564315,3.288499233,dd402dbfc7be0b506d264dbe2c09c4ad4f959b0382d7cb4a92fdc3d0cd0290f3
D:/chest_xray/train/NORMAL/NORMAL2-IM-1275-0001.jpeg,train,NORMAL,1.002881844,3.468336358,98156fba87ea1a4107774f901a5b4d7a5c7879684fa1687547a14a1751fec687
D:/chest_xray/train/NORMAL/IM-0433-0001.jpeg,train,NORMAL,1.142516398,3.187030303,c14e29b0e2907a46da2f5e3e782d54a97cb07da693d23c9611939ad23cbf9385
D:/chest_xray/train/NORMAL/IM-0497-0001-0001.jpeg,train,NORMAL,1.267522211,3.163629519,c17a6e808717415acda17ca568d2fe4b6e0d5b55fc3678b3e907841745074d8f
D:/chest_xray/train/NORMAL/NORMAL2-IM-0923-0001.jpeg,train,NORMAL,1.12415071,3.281973015,814229f5c2ed1a41d82f79cb99e3cbd6984292f71ef89ebdc6f13c608250478f
D:/chest_xray/train/NORMAL/NORMAL2-IM-0918-0001.jpeg,train,NORMAL,1.137254902,3.376967046,90103feec6b11a516c6b49ac3cb269ba2c5a182f4bde1f0d92fec3e09668ca7b
D:/chest_xray/train/NORMAL/NORMAL2-IM-1030-0001.jpeg,train,NORMAL,1.179928315,3.190183443,815b6ea5ca15585dcc3949b19c9bcb3c1b089b5cc715330ec287638f3c6d5b5e
D:/chest_xray/train/NORMAL/IM-0710-0001.jpeg,test,NORMAL,1.149909693,3.347791826,955e7c218f343c1ead602cb44cf2cda3493fc72fcf2dcb61c321da709303925b
D:/chest_xray/train/NORMAL/NORMAL2-IM-0777-0001.jpeg,train,NORMAL,1.081734186,3.264318656,c0136fb4c7ae4a41ce28493e49e2c5b04f80d58ec79e5f0ad3cb43d271f5d4b5
D:/chest_xray/train/NORMAL/IM-0581-0001.jpeg,train,NORMAL,0.933705513,3.307599934,98552f2ac6bb1af54b4a59bc1db240bd1d79900a43da1f0fd2bd87589297e781
D:/chest_xray/train/NORMAL/IM-0636-0001.jpeg,train,NORMAL,1.096213532,3.265764184,d4406caf82bd1bd08b122fb4384a742d6c343c764cb96c5b8dcb4dd0b8afcd1f
D:/chest_xray/train/NORMAL/NORMAL2-IM-1134-0001.jpeg,val,NORMAL,1.222695035,3.207474187,914e2e214e131a5f012d5895149ed7d8deda9659d691b4e083e0afcab4fae70f
D:/chest_xray/train/NORMAL/NORMAL2-IM-1282-0001.jpeg,test,NORMAL,1.13671275,3.306239606,815539bec6ac1a55b86fcc39396acdad49b43d40d1bdcf780c29c3387e693321
D:/chest_xray/train/NORMAL/IM-0228-0001.jpeg,train,NORMAL,1.368510638,3.327634713,905f64a887b45a43cd2e2daeedfac7a16817c732173e213c9725797683862785
D:/chest_xray/train/NORMAL/IM-0484-0001.jpeg,train,NORMAL,1.343443354,3.251808553,d40a3ef5c3dd6f48bd2f64bf2cf9a4f964d02c0a86b74f0e0d2dc2504d9a0c96
D:/chest_xray/train/NORMAL/NORMAL2-IM-0959-0001.jpeg,train,NORMAL,1.167701863,3.329827774,81567ea0c6951e5e1879c0e5094f11be43dd291ab0a44a52b5bef2e1edf2b66d
D:/chest_xray/train/NORMAL/IM-0746-0001.jpeg,train,NORMAL,1.359809373,3.406354138,915f6d90c6927a4fe96864a469e2e5a36d9669ebc681481809a1cfe3787c97a7
D:/chest_xray/train/NORMAL/NORMAL2-IM-0412-0001.jpeg,train,NORMAL,1.198347107,3.295946086,98006d7f87fa1ee0835d5b3cb87f45a83c25a5a54e85257a0e1708dee5ab4f15
D:/chest_xray/train/NORMAL/NORMAL2-IM-0829-0001.jpeg,test,NORMAL,1.18426501,3.262809004,85577fa04f955b1f586845a11896c6da9f9d2b4a83e493957af795a3529614d0
D:/chest_xray/train/NORMAL/IM-0605-0001.jpeg,val,NORMAL,1.461780105,3.205498328,d03b7c85c7161a5add604db438d396cbdd0891a08f156c78fbc1472ec1e7d786
D:/chest_xray/train/NORMAL/NORMAL2-IM-0867-0001.jpeg,train,NORMAL,1.342052314,3.155330613,917ae5a1c6153a5ed868ed613924a5966996b1dac783cc5bb1e59e47ed613086
D:/chest_xray/train/NORMAL/NORMAL2-IM-1147-0001.jpeg,train,NORMAL,1.170278638,3.29274417,dd406ebf82d51b42c52f1c95465d254f4e57c7db1f69c3691fc14b8181f81c13
D:/chest_xray/train/NORMAL/NORMAL2-IM-0994-0001.jpeg,test,NORMAL,0.891100263,3.450760115,d8002d9d42bf1f405a35411a1c4b4cbf6d6cbc2568f4ad23fad1e3ca3e97b2d2
D:/chest_xray/train/NORMAL/IM-0411-0001.jpeg,train,NORMAL,1.138339921,3.275988162,915e7aa0c6a55a5f59695da1118695c71e1d96f89611bc27b6adc69e24b03d87
D:/chest_xray/train/NORMAL/NORMAL2-IM-1333-0001.jpeg,train,NORMAL,0.936813187,3.268983965,91101eaed68d4a151c7a86bf1db4b782c787a54f96abe57b35ab3821e162138e
D:/chest_xray/train/NORMAL/IM-0129-0001.jpeg,val,NORMAL,1.185946872,3.32683322,91437ea0c7b11b438d2e6da91cd3c6b54b14962ec33d6b2d966c43c63bc2c7c9
D:/chest_xray/train/NORMAL/NORMAL2-IM-1155-0001.jpeg,val,NORMAL,1.224416517,3.370395776,d4556feac7b51b56c97a6dab64b7c4936813c12ec3227834c4a76826c9a6ce07
D:/chest_xray/train/NORMAL/IM-0666-0001-0002.jpeg,train,NORMAL,1.13323124,3.288467787,d5517feac7b11e518b7d2da8399487b24b4bb366c76a7a50b0f04a0431bc86a7
D:/chest_xray/train/NORMAL/IM-0719-0001.jpeg,train,NORMAL,1.067493113,3.302662871,811529aec7aa5ec1be07685f395e79eb69e13981d0d7494238becb7a1d299870
D:/chest_xray/train/NORMAL/IM-0688-0001.jpeg,train,NORMAL,1.155725191,3.267501983,904a2bb5c2b33a4ad86d696839b5d0d26dcb92cfcb4a9e3792c4cf2392f04bd2
D:/chest_xray/train/NORMAL/IM-0226-0001.jpeg,val,NORMAL,1.276135544,3.218542554,91fa6ca5c637186acd286db538d2c7a25b06933cc7213b24c34f4f0eb34b86db
D:/chest_xray/train/NORMAL/NORMAL2-IM-0569-0001.jpeg,test,NORMAL,1.486206897,3.278322864,90542daac6a11a55be4f6b2d3de5e4b169d13dc6cd87c94a187a4a1f1da91c35
D:/chest_xray/train/NORMAL/NORMAL2-IM-1047-0001.jpeg,train,NORMAL,1.294403893,3.351312794,94403eaf83f51b408b2a1dac1c5fd4fd1ed4dc72d5da5a05c77d4f070a45e1e0
D:/chest_xray/train/NORMAL/NORMAL2-IM-0583-0001.jpeg,train,NORMAL,1.116036506,3.248437576,dc40fcaf86bf1f718b160d0a284f0c3e2c3c2cf28eb248dbc78a8e1ecda6cf0d
D:/chest_xray/train/NORMAL/NORMAL2-IM-1244-0001.jpeg,train,NORMAL,1.246111619,3.247756681,954021bfe2bf0b54ed007ca77c33e4b539f0f04348e33c23d2f95a7a961c87d8
D:/chest_xray/train/NORMAL/NORMAL2-IM-0912-0001.jpeg,train,NORMAL,1.237810945,3.358825206,81552eeac2c71a43cd2d49a59cd3c78b1a4f963cc33534b796a5678ab0cbc3e1
D:/chest_xray/train/NORMAL/NORMAL2-IM-1108-0001.jpeg,val,NORMAL,1.236641221,3.264563686,815529aac2a11a47d87f59a81897d8eb5bd7986ec2e05b6b5e794e531625d4f0
D:/chest_xray/train/NORMAL/NORMAL2-IM-1236-0001.jpeg,val,NORMAL,1.198982835,3.194305125,91d2782ddeaf7ad0594b596f19b6038f091c91a886191e7397a7c612a5b8d78d
D:/chest_xray/train/NORMAL/NORMAL2-IM-1089-0001.jpeg,train,NORMAL,1.171875,3.319648064,d0407dadc7b11b429d2f4f24183ac4f16c5bb46dc60ba73f37bd4f0c921c4b16
D:/chest_xray/train/NORMAL/IM-0117-0001.jpeg,train,NORMAL,1.234375,3.286379979,c05b6ea5c7d63e43cd2d4fa46dd2c5a26d8bd82fc78dcb0e96accb2121689292
D:/chest_xray/train/NORMAL/IM-0345-0001.jpeg,test,NORMAL,1.223155929,3.236684828,d4493effef501f2a143c5cd03ecadcab1b324c00cf1c2f283c9ec75219cdd247
D:/chest_xray/train/NORMAL/IM-0459-0001.jpeg,train,NORMAL,1.18680203,3.248276063,d00b29d5c2a01b43f82569e939eb69fd19e31866c9689a47c8619fe99e5e87b1
D:/chest_xray/train/NORMAL/NORMAL2-IM-0806-0001.jpeg,train,NORMAL,1.12789828,3.220100151,d4006eaac7b50f40cd2e0dad68dfc5f04bb0e9d287b27b35b16cd2646874b4cb
D:/chest_xray/train/NORMAL/NORMAL2-IM-1269-0001.jpeg,val,NORMAL,1.257731959,3.337828459,98106dafc7a61ec1cf4f49ae8ddac5b949e5cd03c9961843c94a5a5c1e2ed71a
D:/chest_xray/train/NORMAL/IM-0619-0001.jpeg,val,NORMAL,1.155390335,3.246472171,d40b6ea087d40b4acd284db468d2c4d14f95cb6dc7854b2db1e9d3c47c6935eb
D:/chest_xray/train/NORMAL/NORMAL2-IM-1277-0001-0002.jpeg,test,NORMAL,1.225035162,3.340806487,d00029b5e2cb0b41cc2d48f51cf049e11c6bde3fcb7f1e38ce381eb09e16e7b6
D:/chest_xray/train/NORMAL/IM-0230-0001.jpeg,train,NORMAL,1.292993631,3.32550105,94572fa88e950a5f096a4da54cd64e9b582fcf2c5f2d5967c3a5496cc343c3c1
D:/chest_xray/train/NORMAL/IM-0394-0001.jpeg,train,NORMAL,1.249812453,3.352829209,90027caac6b51a508d626dba3cb78c3d4cb49936c72a4b25b76dc73c6b14b4f9
D:/chest_xray/train/NORMAL/IM-0738-0001.jpeg,train,NORMAL,1.176560122,3.357057946,915e7c01ce71185f996849f018a5c67d4f3c962cc719330db2cfe35e968730f9
D:/chest_xray/train/NORMAL/NORMAL2-IM-0948-0001.jpeg,train,NORMAL,1.084284937,3.217894134,995569aac6a05a45497f5daa587b11a5482791e6d6a3df5a97e98e1d8369c690
D:/chest_xray/train/NORMAL/NORMAL2-IM-0840-0001.jpeg,train,NORMAL,1.52,3.364895593,d0ef3d12c21f3d6b987449e2388749e74db418f4c9e99d209852cda69be71879
D:/chest_xray/train/NORMAL/NORMAL2-IM-0487-0001.jpeg,train,NORMAL,1.416475973,3.32414272,91553deaa601385fb97ab1e92985ba56caea4a432c7a4b376d33392c6e90cb29
D:/chest_xray/train/NORMAL/NORMAL2-IM-0980-0001.jpeg,val,NORMAL,1.220138203,3.300928746,d40a7eacc7951b4abd2d4d242d3284b2ced3ec7b9681cf1ebcbc4b17852449b2
D:/chest_xray/train/NORMAL/NORMAL2-IM-0975-0001.jpeg,train,NORMAL,1.132321041,3.309648696,90156deac6a11e55c949493c3d30c83b1b6d9c6fcb7e1f0a4a79421d37a8e3d6
D:/chest_xray/train/NORMAL/NORMAL2-IM-0479-0001.jpeg,val,NORMAL,1.178343949,3.254205825,917ea3e582d51a4fc5ac12949287c68db62dc26167a13c6386892f2df7a9e759
D:/chest_xray/train/NORMAL/NORMAL2-IM-0702-0001.jpeg,train,NORMAL,1.110424028,3.248655217,9157faa0c6ac5a475c7f4990184b49bc19e718e6134d1c4dd6ff1dc918bad694
D:/chest_xray/train/NORMAL/NORMAL2-IM-1117-0001.jpeg,train,NORMAL,1.158893281,3.513536145,90407abac6b05a41dc6f50a81cf2c49a3edad43847bc6c3427bd67853d7ee785
D:/chest_xray/train/NORMAL/NORMAL2-IM-1096-0001-0003.jpeg,train,NORMAL,1.217736598,3.259305223,d44a6c9087b43f1a2d7e4db42c92ccf34edd4c6f8384cf11dbf9c3c1c24b92d0
D:/chest_xray/train/NORMAL/NORMAL2-IM-1181-0001.jpeg,train,NORMAL,1.292158223,3.204287593,915e6aa4ee117a4b5d684df019f245f179d738f64ad61c5e98fcc61694a780e0
D:/chest_xray/train/NORMAL/IM-0370-0001.jpeg,test,NORMAL,1.338942308,3.404224844,8551ffe0e7a45e97da5edd68df21d92785a64b97e946c780c21f816b820dc250
D:/chest_xray/train/NORMAL/NORMAL2-IM-1142-0001.jpeg,train,NORMAL,1.162595953,3.21390861,d0432df5c7b41a51bc29483d3cb09cb14bf19e4bca5f8f489a3dc3608f5a9297
D:/chest_xray/train/NORMAL/NORMAL2-IM-0687-0001.jpeg,val,NORMAL,1.209003215,3.325155486,81576ea0c7945a11cd78c9f469b6c9bee5bc694dc76c4bfd396940e142343869
D:/chest_xray/train/NORMAL/NORMAL2-IM-1015-0001.jpeg,test,NORMAL,1.333958724,3.344794982,815fbfa5c2501a4bec7dc9a43c90c9291b6bd96f93486e79ba7d66c910389692
D:/chest_xray/train/NORMAL/IM-0584-0001.jpeg,train,NORMAL,1.264317181,3.319140695,91573be4468a1a5f187a45e85b849ebfdeb54f529e3ac2f02f01b0a547968794
D:/chest_xray/train/NORMAL/NORMAL2-IM-1412-0001.jpeg,train,NORMAL,1.467105263,3.278858008,d42b3ef5c35e0b0abc2d6090284390954bd01d63df7c5f6e1c7c9efc0f0b9271
D:/chest_xray/train/NORMAL/NORMAL2-IM-1272-0001.jpeg,test,NORMAL,1.341049383,3.25295086,d04b34d4c3103b0bdd3f6d303c23c0f66df3bcbf40f03c2df2f06dc91c2d43c2
D:/chest_xray/train/NORMAL/NORMAL2-IM-1221-0001.jpeg,test,NORMAL,1.243781095,3.354349849,d05b7ea0a7553f0bad2c25b42c52a47a6e9f2c7f86a94e3d2de986924d14e1a1
D:/chest_xray/train/NORMAL/NORMAL2-IM-0551-0001.jpeg,train,NORMAL,1.036570743,3.454145848,9d572da807bf0a17097e688d78f84ca448f6d1d2c38bd05ed74b5a5c1dc05e99
D:/chest_xray/train/NORMAL/IM-0539-0001-0001.jpeg,train,NORMAL,1.241176471,3.202491819,d14b2c94a2113a4fe93e6de038c96ca57cf6583e0f246c3bdffd5e250828cf06
D:/chest_xray/train/NORMAL/NORMAL2-IM-1023-0001.jpeg,train,NORMAL,1.213275968,3.202711063,90446baac6b11a43f96f69a438824ce96de138eeca684f4bde794f1e9c27d1e0
D:/chest_xray/train/NORMAL/IM-0592-0001.jpeg,val,NORMAL,1.128504673,3.29498522,9d577fa08f351a548d3c4da5cd01c721db6ec3685349b278f6853c5e860a16de
D:/chest_xray/train/NORMAL/NORMAL2-IM-0992-0001.jpeg,train,NORMAL,1.291743119,3.301176588,d54074afc2bf4b40df0ac9a76846b49a62d07843f0e3ef42bc2fd7c14f0398bc
D:/chest_xray/train/NORMAL/IM-0431-0001.jpeg,test,NORMAL,1.186704385,3.272865799,9855a9bec7a81ec0de654f7d5c56c6bb6a18382d4ea43c16d4a157c1305ed695
D:/chest_xray/train/NORMAL/NORMAL2-IM-0931-0001.jpeg,train,NORMAL,1.067388688,3.324432903,9800f5ff87ba5aa08b554f12285f05496c2d3de41c3e69f195ab2cf20dd2d2be
D:/chest_xray/train/NORMAL/NORMAL2-IM-0502-0001.jpeg,train,NORMAL,1.229078614,3.37940675,81576ea807b11a554b7e4f285836c5386db5ed2ec68b4a1bcbdac7934958d38c
D:/chest_xray/train/NORMAL/IM-0593-0001.jpeg,train,NORMAL,1.296324081,3.311102281,d1403dbdc6b51b44bd2e69fc3c38c0b539c2bca749da3d2dda6d09481a2dcf60
D:/chest_xray/train/NORMAL/IM-0503-0001.jpeg,train,NORMAL,1.284372331,3.293086952,905b6aa0e3567a0ae16568b7e0d3e48ae82cc138cf2979e5cfa73b96c3960f0b
D:/chest_xray/train/NORMAL/IM-0392-0001.jpeg,train,NORMAL,1.361661945,3.375063852,d1ea1ff5e410ca5b9c7cc87419429e96cbda258a90966969d7b539306434d7e3
D:/chest_xray/train/NORMAL/NORMAL2-IM-1351-0001.jpeg,train,NORMAL,1.020697168,3.254812174,9545fca087b41a53ad602cb468fc34e86c3c3963962f4b3d93cd92fc4af493d4
D:/chest_xray/train/NORMAL/NORMAL2-IM-0429-0001.jpeg,train,NORMAL,1.13174946,3.419021487,d1032fbfa7941a510d2f41bf496844614df509f343b743cac1afc3d2e0f4d0bd
D:/chest_xray/train/NORMAL/NORMAL2-IM-1227-0001.jpeg,train,NORMAL,1.188640974,3.169201965,c50bfea083d51b4a2d2c4c9418dbc4e9cb95c96d83d4cb5df1f492d26a4ab4e9
D:/chest_xray/train/NORMAL/NORMAL2-IM-0893-0001.jpeg,train,NORMAL,1.459887006,3.237582414,80556baac7801a57ed7bc5a16984d19e4fda592cc668cf71f36fc782821630db
D:/chest_xray/train/NORMAL/NORMAL2-IM-1091-0001.jpeg,train,NORMAL,1.298969072,3.315377301,91da3da586163a5a996999e5388694b67f9638ec84a02f15bc6dce6f4846b6b4
D:/chest_xray/train/NORMAL/IM-0551-0001-0002.jpeg,test,NORMAL,1.21103654,3.22483724,915a29b5e6801a43d86f4b603c2b69fd6deb78e7497a1c2b587e0d2998354b78
D:/chest_xray/train/NORMAL/NORMAL2-IM-0819-0001.jpeg,train,NORMAL,1.399844115,3.240051569,905f7ea0c7153e5a8d780d2428968cb22c9bcceb8fa9493cc7ac4f2f4970c7b6
D:/chest_xray/train/NORMAL/NORMAL2-IM-1168-0001.jpeg,train,NORMAL,1.236431691,3.216600267,917a7c85c6003a4bfd6d6db438d3b4f36ddb39ae84806d393df44f040d381ae4
D:/chest_xray/train/NORMAL/IM-0551-0001.jpeg,train,NORMAL,1.113402062,3.263821298,d8442fbac7ba1ad5cb6a49353c1269fa396138644bd618564adf4a5b787a4a5a
D:/chest_xray/train/NORMAL/NORMAL2-IM-1004-0001.jpeg,val,NORMAL,1.255147717,3.261111183,d45064abc3dc4b50cd2a6dbf38d1e0db6985b027c3af3b0eb17e63961903c3e1
D:/chest_xray/train/NORMAL/IM-0656-0001-0001.jpeg,test,NORMAL,1.115971516,3.283179927,9057eda887b81a12bb643f24385e24e8686968e76da7685e39e26cb7697ac7a0
D:/chest_xray/train/NORMAL/IM-0437-0001.jpeg,test,NORMAL,1.195928753,3.311625083,95577e208f551e1e89788c2958b4cdae8e1fcb2dc72ddb34f3c0960f6290330f
D:/chest_xray/train/NORMAL/IM-0716-0001.jpeg,test,NORMAL,1.20642978,3.314486652,c0576ca8c7b55b44cd0ee52569d7c1c7c384f906d16cf3a4f870f0f0f2c5d868
D:/chest_xray/train/NORMAL/NORMAL2-IM-0441-0001.jpeg,train,NORMAL,0.968260686,3.563411813,8d5c6ee507fa1b1747225f2f7d2c5c3c7c20f4946cb2f1d0625bb0c362caa4e8
D:/chest_xray/train/NORMAL/IM-0651-0001.jpeg,train,NORMAL,1.112648221,3.192425019,915e3aa4da141a7a18741e961e97de9716d25f50d6d14d5174795494656d1ebc
D:/chest_xray/train/NORMAL/NORMAL2-IM-0903-0001.jpeg,train,NORMAL,1.295238095,3.234840965,915e3aa48653385b986859e199efcbd7394bd2c94e513a6186530c6bb6d2ce96
D:/chest_xray/train/NORMAL/NORMAL2-IM-0394-0001.jpeg,train,NORMAL,1.388111888,3.360877913,94556eaac7941e56cd684da41c92cd923cbbcd2fcb2c192fcff443a4b0384f07
D:/chest_xray/train/NORMAL/IM-0122-0001.jpeg,train,NORMAL,1.265050821,3.17867771,d05a7aa0c6b51a5e996cedb53cd794db4edbb07c86b4ce323138c7942d069388
D:/chest_xray/train/NORMAL/IM-0607-0001.jpeg,train,NORMAL,1.354148082,3.295924701,d0af1df6c6001b0d9c2dc1f60cc3969fc7dc972d9224c360dfa732cf43c3360d
D:/chest_xray/train/NORMAL/NORMAL2-IM-1006-0001.jpeg,train,NORMAL,1.297337278,3.347135076,90417eea87b11a52b96a31bc38d4b4db1ae3986f93b41b3490b5c7b2d2d094bf
D:/chest_xray/train/NORMAL/NORMAL2-IM-0694-0001.jpeg,test,NORMAL,1.072833599,3.250281704,c102a9b5c2a21e43da6f79fa386369e939eb497f09025afa4b781e5982699e71
D:/chest_xray/train/NORMAL/IM-0650-0001-0002.jpeg,train,NORMAL,1.325958702,3.175184367,d04b29b5c2401a4fe92c69d83883c9f619a398e7cb699f69da759f619a70c65a
D:/chest_xray/train/NORMAL/IM-0369-0001.jpeg,train,NORMAL,1.36328125,3.242565865,815f3aa0fe001a5a9c687db1bc86c59a6f0a947ac6113d5a94b647967d8efcd4
D:/chest_xray/train/NORMAL/NORMAL2-IM-0983-0001-0001.jpeg,train,NORMAL,1.038631347,3.290633866,915f39e4c6213a57b86949e11892da5bce5b9679c251a713f69ec75a16187a58
D:/chest_xray/train/NORMAL/NORMAL2-IM-0386-0001.jpeg,train,NORMAL,1.238455715,3.294047476,d5403cbfe6bf1b509f064b3e1a5b653c0aec3c2414be4f962cbf0e2f4b031278
D:/chest_xray/train/NORMAL/NORMAL2-IM-1183-0001.jpeg,train,NORMAL,1.153266332,3.208905148,91522befc7280a559a4fe93e49a2c5afcbe59be5c202c25a9fc9724b02d63687
D:/chest_xray/train/NORMAL/NORMAL2-IM-1049-0001.jpeg,val,NORMAL,1.113706208,3.282699784,914a2ebfd6305b42182e08bd1dc0c4a74ff6bf52927caf48bca5e3e5ad06a487
D:/chest_xray/train/NORMAL/NORMAL2-IM-0440-0001.jpeg,train,NORMAL,1.170656371,3.344574112,80116daac6a83a15e87d6d2238f6c5a86db5b47e4a189d5adee94f509ca5cba5
D:/chest_xray/train/NORMAL/IM-0766-0001.jpeg,train,NORMAL,1.177208573,3.403138202,d9111bbf06651a4a186e69b939c1bce5e3d4bfc696e8eb48184f5865437514c7
D:/chest_xray/train/NORMAL/NORMAL2-IM-1315-0001.jpeg,test,NORMAL,1.434749035,3.248865884,d02f2950c30b392f78b469e239cbd8fd39ed987483509d259cfbcbcd1801d87a
D:/chest_xray/train/NORMAL/IM-0493-0001.jpeg,train,NORMAL,1.010281627,3.20343032,914379ae83fd3a4549660d8f18cf05e959b791f61385595687925a1d9368c71f
D:/chest_xray/train/NORMAL/NORMAL2-IM-1357-0001.jpeg,train,NORMAL,1.226993865,3.1714578,915ae80587811a7a9a432c2138e001ab2cb569e73dbe5cf2fdebdef459e1492d
D:/chest_xray/train/NORMAL/NORMAL2-IM-1278-0001.jpeg,train,NORMAL,1.191198786,3.290524676,c1406fb543804f43452d41944d82c7af4bff892fc2bc39f194f571db1496b4b7
D:/chest_xray/train/NORMAL/NORMAL2-IM-0937-0001.jpeg,train,NORMAL,1.097593583,3.207702745,c14421bfc2a53a41f82f69f83da161a52dc4b8874b7e1e61da434f499e07edcb
D:/chest_xray/train/NORMAL/IM-0660-0001-0002.jpeg,train,NORMAL,0.97985782,3.212574686,915f7ea086311a1f997a2d28298787814e1fb35b97083b5eb7837e0761c1f696
D:/chest_xray/train/NORMAL/NORMAL2-IM-0870-0001.jpeg,train,NORMAL,1.205211726,3.352402283,91554d6ac6205a55995fc92819a4c7a95f799a5ac6780e59be9dc7830a56b69e
D:/chest_xray/train/NORMAL/IM-0295-0001.jpeg,train,NORMAL,1.209794838,3.251228836,c45f6fa00f15091e4d284db7489ec30b5b87c3a6d3a779a7e3a4b2b658e1164b
D:/chest_xray/train/NORMAL/NORMAL2-IM-1104-0001.jpeg,train,NORMAL,1.157733538,3.229347687,90562ba0c6aa7a47796d69da39a269e939e518f44b5a3c744a503e7d1c74c7a5
D:/chest_xray/train/NORMAL/IM-0423-0001.jpeg,test,NORMAL,1.106955871,3.264523099,815b2ae5c6465a6ab4e14783378fc6126f4abc61ea506d32309ecbde933d9a74
D:/chest_xray/train/NORMAL/IM-0728-0001.jpeg,train,NORMAL,1.280716029,3.362764277,91542baae6a03a515e6f496c3df075db69c1396759fe5b52187e02f8185c161e
D:/chest_xray/train/NORMAL/IM-0506-0001.jpeg,train,NORMAL,1.242690058,3.308692185,90156baae6a01a05596b49ad1de4cc52195e9e5ec2be9f8d84a98bfc9587c9e3
D:/chest_xray/train/NORMAL/NORMAL2-IM-1356-0001.jpeg,test,NORMAL,1.357142857,3.20034075,915bb5f4c7941b4bbc6f80b529d7a0dfa3c7a90fe060eb40f840faf0ea508a0f
D:/chest_xray/train/NORMAL/NORMAL2-IM-1228-0001.jpeg,test,NORMAL,1.3138833,3.27379497,d40beeb4c7144b0aed2c6db468d3c4fc4b84892ec3346b3cd3f463c6b04fc6c5
D:/chest_xray/train/NORMAL/NORMAL2-IM-1050-0001.jpeg,val,NORMAL,1.017864232,3.455853139,9c0a2efd02b25f42473f4f28582f4fb06c38ebe06a32e0c3e3cb78c9b2c63a4f
D:/chest_xray/train/NORMAL/NORMAL2-IM-1149-0001.jpeg,train,NORMAL,1.14973822,3.257067279,d0401aac46f45e501e4ac87961e598a4618697be13dec57dd27d6d7c9c21ef72
D:/chest_xray/train/NORMAL/IM-0455-0001.jpeg,train,NORMAL,1.18815331,3.337506078,915438aae2bf1a50fe00492f38f2dda959d01ce0d2c35bca9aedd87f1f4096b5
D:/chest_xray/train/NORMAL/IM-0645-0001.jpeg,val,NORMAL,1.152504221,3.225478185,811f3eb8c7151f574d3e48987ce545bc48b20d2f47b57d6ade384b28382f069a
D:/chest_xray/train/NORMAL/NORMAL2-IM-0515-0001.jpeg,train,NORMAL,1.605882353,3.178457158,946f2b5483121a2dd8b41cb238c296c93e7d9a6486103e7ef7f7c638220be7e7
D:/chest_xray/train/NORMAL/NORMAL2-IM-0671-0001.jpeg,train,NORMAL,1.282987552,3.225614814,d02b6f144f025d6b1c3441909a07863dc77e966fc356a387b0efe36fb24cb245
D:/chest_xray/train/NORMAL/NORMAL2-IM-1267-0001.jpeg,train,NORMAL,1.12412178,3.329496056,81552ba8c6a85a57787f49d479c36937694138c552f81af11cf314e33d2b9cd3
D:/chest_xray/train/NORMAL/IM-0278-0001.jpeg,train,NORMAL,1.174983367,3.190918609,91426ba54e711a43592f48b118d3c7eb0bfb9a69c3781e3096bbc793158e969e
D:/chest_xray/train/NORMAL/IM-0533-0001-0002.jpeg,train,NORMAL,1.18328841,3.350530178,90422abdcb041b428d2d49f41cc3c92f1a6b9e2fca791f2c167dc7dab681f0db
D:/chest_xray/train/NORMAL/IM-0665-0001.jpeg,test,NORMAL,1.156912638,3.258656682,9841fd7fc7ae1ed48b450d6f3cdd85f91b609562c3161e0397a94a1d3c951ea0
D:/chest_xray/train/NORMAL/NORMAL2-IM-1287-0001.jpeg,train,NORMAL,1.053763441,3.279422688,915fada08ea11a57097e0d34195a4d914d758de68e364978dfad487e41a5cf0f
D:/chest_xray/train/NORMAL/NORMAL2-IM-1295-0001.jpeg,train,NORMAL,1.294027565,3.085887722,d0ab50a5c7b01e53996f6d24383c61b8ced378ee618296166df997874a5ad9e0
D:/chest_xray/train/NORMAL/NORMAL2-IM-1316-0001.jpeg,train,NORMAL,1.109321059,3.32466557,d9516daec2ad0b41cd2449af3d4868ad29e49c234bf79c27d23d8b7c9625c378
D:/chest_xray/train/NORMAL/NORMAL2-IM-0486-0001.jpeg,val,NORMAL,1.097649186,3.30879679,815585eec7a01a51e97ec1a81192c3addb55b07ad2f83b48b0bf4fd2949ed295
D:/chest_xray/train/NORMAL/IM-0405-0001.jpeg,train,NORMAL,1.20568252,3.267839964,91fa3b115e055c4a186809e1398783aa0b8f91dc835e8f2b92ff878f9f9487d7
D:/chest_xray/train/NORMAL/IM-0401-0001.jpeg,val,NORMAL,1.089820359,3.289118746,910129bec6ea1ac5fe056b1d394b690b6969396269fd39c278e74ad23a4b5af0
D:/chest_xray/train/NORMAL/IM-0256-0001.jpeg,train,NORMAL,1.438305709,3.317148348,91eb39d4c316185b987c49e1398690decd699a744a6096733a7b6cf3961a3c9b
D:/chest_xray/train/NORMAL/IM-0531-0001.jpeg,train,NORMAL,1.01625,3.261899049,9d556faa87bd1b14896e0d20c8b4c5b949bdc32e532fb16d932c3a7487877053
D:/chest_xray/train/NORMAL/NORMAL2-IM-0741-0001.jpeg,val,NORMAL,1.165413534,3.320244708,d40a6af5e3d72b406d0be03568f07c21e4fa7fe17fefd3ed4b78183c82048340
D:/chest_xray/train/NORMAL/IM-0451-0001.jpeg,train,NORMAL,1.059564719,3.264013379,995569aec2ae5a61cb065bcb580945b87da511f64fa1397f93f01a5d907e8615
D:/chest_xray/train/NORMAL/NORMAL2-IM-0550-0001.jpeg,train,NORMAL,1.053263316,3.316293807,98577ea2069d1a5f856855b590d686b9923c96bcceb5b1868787690795a5cb4b
D:/chest_xray/train/NORMAL/NORMAL2-IM-1019-0001.jpeg,train,NORMAL,1.38627451,3.357980545,d03b7ca4c7945b0bbd2ced3439d6848348913cffc7b5cf1a9834830169783cf6
D:/chest_xray/train/NORMAL/IM-0429-0001-0002.jpeg,test,NORMAL,1.346376812,3.274783402,955e7e858f151a5a8d600db54cb64fad4d86c7a94b01c36dc79b187c972c0f0f
D:/chest_xray/train/NORMAL/IM-0382-0001.jpeg,val,NORMAL,1.201632653,3.410740212,c10b2bf446b44b5a596f41e449e0b182c2d94b0d92bdc3f0c729bce7f5e365a5
D:/chest_xray/train/NORMAL/IM-0538-0001.jpeg,train,NORMAL,1.192476489,3.205170568,915f7fa086a11a47096a1d2958db55f95885d9c6de825a5fc76bce6d5a50c622
D:/chest_xray/train/NORMAL/NORMAL2-IM-1323-0001.jpeg,train,NORMAL,1.272435897,3.281506205,d1426bb5e7946a43e92f69b469f2e5f14bc1c943c3245b30d3f4c7b4391ac3c0
D:/chest_xray/train/NORMAL/NORMAL2-IM-0816-0001.jpeg,val,NORMAL,1.154711674,3.272858841,915429bfc2a01a41d92f79fb1de3c0ed19e2924bc2f91e58d6fd0f7034b886d2
D:/chest_xray/train/NORMAL/NORMAL2-IM-0409-0001.jpeg,train,NORMAL,1.177099237,3.284468115,d4003cbfc2bd1b549f02cc3f3ce9b49d86f43dc290f3cf793d2d827c0e389424
D:/chest_xray/train/NORMAL/NORMAL2-IM-1279-0001.jpeg,train,NORMAL,1.325203252,3.362299532,d04f3c94c2b41b439d26694438edc8f42de338e7c9621d2f927fc7613c2c4a7e
D:/chest_xray/train/NORMAL/NORMAL2-IM-1253-0001.jpeg,train,NORMAL,1.396330275,3.315562488,d06e4ab5c617587bf16dc3c53996d0db6b5bb03dca103b1333f769c3301230e1
D:/chest_xray/train/NORMAL/NORMAL2-IM-0818-0001-0002.jpeg,test,NORMAL,0.877220481,3.540621083,c9403ebf4fa01e45053f0cf93ca9edb2b6d7e352b60ae05857adcc1521e1da83
D:/chest_xray/train/NORMAL/NORMAL2-IM-1001-0001.jpeg,val,NORMAL,1.085885886,3.298386338,9d516dfe87fc1a50ad362dae3c1b2dad3ce184124f869a07c3a85a57c6a587e0
D:/chest_xray/train/NORMAL/NORMAL2-IM-0476-0001.jpeg,val,NORMAL,1.187733732,3.363142734,90556daac7a27a15e85b6d6979a4edac4ca5887cc6385e5ace78cf29094ac69c
D:/chest_xray/train/NORMAL/NORMAL2-IM-1005-0001.jpeg,val,NORMAL,1.093690249,3.278941611,99576fa18f353a560d2c68954de94f2749c2c3c2c2fad0f5ca5cb0d334b43c9a
D:/chest_xray/train/NORMAL/IM-0687-0001.jpeg,train,NORMAL,1.197226502,3.398867294,98017dffc3bb1ea1825503485a2f872e1f3a2d290f401cb41f750f9319f56f5b
D:/chest_xray/train/NORMAL/NORMAL2-IM-0977-0001.jpeg,train,NORMAL,1.268738574,3.31589426,d44174aa87d51f508b6e0dae6cadc6d06ca1c3d2c7834b1dc7c2cdadc9f4c5a1
D:/chest_xray/train/NORMAL/IM-0618-0001-0002.jpeg,val,NORMAL,1.105583756,3.192687753,98576faa87aa1a57876c5b14105e4e49387c4de06d7655a64d175d7acb054e78
D:/chest_xray/train/NORMAL/NORMAL2-IM-0915-0001.jpeg,train,NORMAL,1.231660232,3.27913814,90543deac7b01e11a84fc9e93d94d496cb5a9d4cc67acf78b24943e5974ab096
D:/chest_xray/train/NORMAL/NORMAL2-IM-0682-0001.jpeg,train,NORMAL,1.191689008,3.284431339,894429aac6ae4ad58e41482f197ed929497d1d62da43cb5e962de25b72f034fd
D:/chest_xray/train/NORMAL/NORMAL2-IM-0564-0001.jpeg,test,NORMAL,1.297161937,3.325341993,91577da0c7841a57986849e11865c9374917386ecf185e569eb5c7a1787ad6b5
D:/chest_xray/train/NORMAL/NORMAL2-IM-0941-0001.jpeg,val,NORMAL,1.136757839,3.575524379,91577de88ea01a55097e48ba39fa49a978a5c5a64e97c1e64697c27b362dc217
D:/chest_xray/train/NORMAL/NORMAL2-IM-1116-0001-0002.jpeg,train,NORMAL,1.101646792,3.279147144,98553faec6aa1ae09f4d4bbe185349a909f438e54be7180749ea4b569e4fc3e0
D:/chest_xray/train/NORMAL/IM-0140-0001.jpeg,train,NORMAL,0.934518998,3.476834611,d8552b26d6e75edddf5148411df6c28807d5d6a4c71a97a8e178a1e0f1f06195
D:/chest_xray/train/NORMAL/NORMAL2-IM-0954-0001.jpeg,train,NORMAL,1.04736491,3.241877701,9146b5b4c6b23a41cb6f6d04392ac4b56da7b1c74d03782dd3ff486d9070da27
D:/chest_xray/train/NORMAL/IM-0539-0001-0002.jpeg,train,NORMAL,1.276987448,3.206042602,900429aac6a01ed5da5b48683da4d9f78da33947d7ff497e90194ee9ba78123c
D:/chest_xray/train/NORMAL/NORMAL2-IM-1256-0001.jpeg,train,NORMAL,1.174061433,3.220501456,91556fe8c7b51a578b6829353cb66c893c4725ae4e12195a4fa95a58d2bccf25
D:/chest_xray/train/NORMAL/NORMAL2-IM-0635-0001.jpeg,train,NORMAL,1.308411215,3.405088722,81532fa0eb053a148d6a49a549a4c53e4b3d9b2fc72d4b6933cfc3c7b3cb30c3
D:/chest_xray/train/NORMAL/IM-0608-0001-0001.jpeg,train,NORMAL,1.400862069,3.233719672,814babf5e6841a5abc78c0f01b879497c3da9da9da756d6119a54c76c5ad9f00
D:/chest_xray/train/NORMAL/NORMAL2-IM-1294-0001-0001.jpeg,train,NORMAL,1.03073624,3.288235936,d451242bc3af1bd48b004f2f2d4ae4ad6ddcbca4cad2adaa9a956d6f3b244b24
D:/chest_xray/train/NORMAL/IM-0555-0001.jpeg,train,NORMAL,1.115176152,3.245579864,91577faa87bd1a558b6e1b2c18fe4ce91c25186e0f82584e9b684a5e5b65c3e1
D:/chest_xray/train/NORMAL/NORMAL2-IM-0573-0001.jpeg,val,NORMAL,1.081632653,3.337718815,9c51756f87aa1ad0af542f3e3c562cfb2ca5bc970e921c1784ab0d0f0d4acfa1
D:/chest_xray/train/NORMAL/NORMAL2-IM-0675-0001.jpeg,train,NORMAL,1.184103812,3.261715139,d42b3ef0e7521b2f8c3c4e9218cbc2d94f4f12bfc3320f2d1252470b16df51cb
D:/chest_xray/train/NORMAL/IM-0676-0001.jpeg,train,NORMAL,1.510344828,3.329516802,815fbe80c65a187bc8645b929b0ec3183e6ad678c7301e3fc6964b87be92cf16
D:/chest_xray/train/NORMAL/NORMAL2-IM-0407-0001.jpeg,test,NORMAL,1.235380117,3.319460149,814f2b95c6164a4fc86d49a4098bc3dfcb4f9a6d82c0af01b2d767c3a68fd2da
D:/chest_xray/train/NORMAL/NORMAL2-IM-1220-0001.jpeg,val,NORMAL,1.056953642,3.235894137,99577aaac6a05a415d7f5db8197705a91ca5907e060a9a7c97fb0e1d87a1c7a1
D:/chest_xray/train/NORMAL/NORMAL2-IM-1360-0001.jpeg,train,NORMAL,1.203252033,3.316876422,d4005fafe7d51f50af0a8d2f0ef3845bc2bc1f02802f43ad0f0bc3b0c3f4792f
D:/chest_xray/train/NORMAL/IM-0255-0001.jpeg,test,NORMAL,1.291204099,3.283036583,915e3da5c6173a5a986949e539a6d9e22dab396fd0e04a691869da745e2b9269
D:/chest_xray/train/NORMAL/IM-0523-0001-0002.jpeg,train,NORMAL,1.190540541,3.210171701,c055adbec6a85e41d6374f5e5c1a4fbd0d3550b749a61986cb961b43107d4b5a
D:/chest_xray/train/NORMAL/NORMAL2-IM-0842-0001.jpeg,val,NORMAL,1.2812983,3.325338035,d10b2cf0c6113a43fc2e68f138e1ccb559ea9c2fca184e29def9cf5a9c07c4f0
D:/chest_xray/train/NORMAL/NORMAL2-IM-1017-0001.jpeg,train,NORMAL,1.278350515,3.327157846,915128aee2a41a519c43492f1c67dca749c59cc2cbe79b6bde63c8799a691e1b
D:/chest_xray/train/NORMAL/NORMAL2-IM-0849-0001.jpeg,train,NORMAL,1.328137178,3.394030082,d4407ebdc7351f40cd2e4cbc0c90c4a8cf2f9b2fc3ad5b4cdaf4c3f41907c2c1
D:/chest_xray/train/NORMAL/NORMAL2-IM-0999-0001.jpeg,train,NORMAL,0.93054881,3.25530959,99553bb8d6aa1ec1106f4a55391269722968b1d5c16db43de6bee7399472c52a
D:/chest_xray/train/NORMAL/NORMAL2-IM-1344-0001.jpeg,train,NORMAL,1.232777375,3.341473159,90517baec7961a45d92d59e51cd3d1da185a906ec62c1e3dc6f9468596f8c792
D:/chest_xray/train/NORMAL/NORMAL2-IM-1096-0001.jpeg,test,NORMAL,1.188863807,3.255325527,915b6cb0c6b01e43cd3e4db00cbbccb54d2e8db2cf196d3ec38c4b0a93a5c787
D:/chest_xray/train/NORMAL/NORMAL2-IM-1348-0001.jpeg,train,NORMAL,1.281092739,3.238164326,914b2c85c6123a5bfd6569e238a3e4f36dbd187dc3680f29daf54f290a0ec6c2
D:/chest_xray/train/NORMAL/NORMAL2-IM-1145-0001.jpeg,train,NORMAL,1.422957601,3.308692483,915429eac7a01a57987fc86d79a439864bd2994a982dca789e7918bdcde2d6b2
D:/chest_xray/train/NORMAL/IM-0178-0001.jpeg,train,NORMAL,1.464412811,3.202455668,91556fe8e6153a57ef7879a82da06c926ccacf301e346d694f1e4bd084ba3c16
D:/chest_xray/train/NORMAL/NORMAL2-IM-1016-0001.jpeg,train,NORMAL,1.182481752,3.2160314,91402bbdc2fe1b409c2748be35b9d0b4c3e9b686c24f072d9a776da396c1b84f
D:/chest_xray/train/NORMAL/IM-0333-0001.jpeg,train,NORMAL,1.321470937,3.028196717,91f0f48bee153a58ef6b9d2d29f589129eb469d097088eb04b49b729694ee30b
D:/chest_xray/train/NORMAL/NORMAL2-IM-0559-0001.jpeg,test,NORMAL,0.945425361,3.306313368,8c5b2ee507be5a035d224d0e3e5b6d346934fcb6e2c1a0dbb0e5a6db24f98690
D:/chest_xray/train/NORMAL/NORMAL2-IM-0423-0001.jpeg,val,NORMAL,1.183833116,3.238507346,815f2ba5c2055a5bd86879c03982dbbc1bca98efd2dd9e0394a7c6d49e0ec2d6
D:/chest_xray/train/NORMAL/NORMAL2-IM-0512-0001.jpeg,test,NORMAL,1.119609439,3.396745596,9115296ac6671e819a4f497d3936c1e94be19c2fc2fe4f1a96394b69160f93e8
D:/chest_xray/train/NORMAL/IM-0729-0001.jpeg,test,NORMAL,1.316582915,3.357696354,d4002df5e3d20f48bc2448b61cf29cf14bf99e25ca3e8b3c9e34da78c7c8964d
D:/chest_xray/train/NORMAL/NORMAL2-IM-0909-0001.jpeg,train,NORMAL,1.022572178,3.303733565,984029afd6a01a45d86f69f8396269f91964906d4f66962bc6699e69d66fcf42
D:/chest_xray/train/NORMAL/NORMAL2-IM-1035-0001.jpeg,train,NORMAL,1.253112033,3.185091325,915eada1c6853a5ecb6869a138bb6c91398f99a64d1e19784d297d789ad4ce25
D:/chest_xray/train/NORMAL/NORMAL2-IM-1151-0001.jpeg,train,NORMAL,1.116405718,3.285984952,815f74a8c7051a57cf6a6d2d31f0cdd37cade1d684ae60d8cfaa94bd41a18d28
D:/chest_xray/train/NORMAL/NORMAL2-IM-1040-0001.jpeg,val,NORMAL,1.385909569,3.348980758,915a3920cea21e5b3a7b986909a519b658b64ebb3829dafdcf79ce3481694b43
D:/chest_xray/train/NORMAL/NORMAL2-IM-0506-0001.jpeg,train,NORMAL,1.259471051,3.255693615,91573baade805e575c7e59f0198351af19ce986e4a5018619cfd1d07942bc5f6
D:/chest_xray/train/NORMAL/IM-0176-0001.jpeg,val,NORMAL,1.078998073,3.28936467,88157faa07bf1e170a781f2a38240f614b455bc54f965ade43da42b7f0f2d269
D:/chest_xray/train/NORMAL/NORMAL2-IM-1306-0001.jpeg,test,NORMAL,1.098108747,3.262892065,915f6f288fbd3a178f6809af48b24cbb487f472f4b94c1e246d161e1c7294a53
D:/chest_xray/train/NORMAL/NORMAL2-IM-0876-0001.jpeg,train,NORMAL,1.578770008,3.246728714,915e7c81e601385e396a6de138b52cf26cf33cbc0c204f3d7b5bc2a5483ced2d
D:/chest_xray/train/NORMAL/NORMAL2-IM-0895-0001.jpeg,test,NORMAL,1.384169884,3.26473055,d0082bf5c3d01b4bbc2fe8b63c8a909f4fc9388fd264cb2c9a34c8681e1fb2df
D:/chest_xray/train/NORMAL/IM-0652-0001-0002.jpeg,test,NORMAL,1.222312045,3.236903397,90423bf5c250184bb96e58f49ad2c6db9ed49e78c63c3ed2b61ec6966d0a943c
D:/chest_xray/train/NORMAL/NORMAL2-IM-0955-0001.jpeg,train,NORMAL,1.335849057,3.199944706,d42f2c50c7123d2fccb04cd21ce9cfbc0d3c833ccb04bb33d3c2210f334df3cf
D:/chest_xray/train/NORMAL/IM-0582-0001.jpeg,train,NORMAL,1.115089514,3.327247187,c002a995c2a40b43cb376fc07d696dfc694a38e35926382792e33c6fb0e59b7d
D:/chest_xray/train/NORMAL/NORMAL2-IM-0832-0001-0001.jpeg,train,NORMAL,1.376053963,3.429781093,d06a2fb5ce051a5f5c6d49b01d93d43f4b691f6cc6784778167dd2150758129e
D:/chest_xray/train/NORMAL/IM-0464-0001.jpeg,val,NORMAL,1.308203991,3.233238591,91afa456c6d1396fec746d3538b4ced22d97b0c74da538f04b434c349a608e2f
D:/chest_xray/train/NORMAL/NORMAL2-IM-1062-0001.jpeg,train,NORMAL,1.270232231,3.562348922,910f6ad046e21b4e0b362b3b3d2d2d342cb6b4f6658234dba6cb754b30fec307
D:/chest_xray/train/NORMAL/NORMAL2-IM-0449-0001.jpeg,train,NORMAL,1.267522211,3.209331807,915eab2186011a5abd6949a5b586c6b2a7ea96a96b703d617de7c34a9699ce4a
D:/chest_xray/train/NORMAL/IM-0221-0001.jpeg,train,NORMAL,1.218918919,3.174310134,915f7ea1c6011b5eb92c67b13f9bc6874f02322fc2c16f033097c7cacc1f90f1
D:/chest_xray/train/NORMAL/IM-0395-0001.jpeg,test,NORMAL,1.167058824,3.265505763,81556f20cf255a17c96acbad3bb5c3db434f334e43c93a4330c764c23cd272da
D:/chest_xray/train/NORMAL/IM-0757-0001.jpeg,train,NORMAL,1.182320442,3.340283555,d400f6aac7f71bc1ef4a8f2c2d378d391e14697c96c24d15272596834b5b87e4
D:/chest_xray/train/NORMAL/IM-0561-0001.jpeg,train,NORMAL,1.106469689,3.210707345,90406aafd6e45a47592f59f81dc351ed1de490a78eda943894ad8d2b94b3c7d2
D:/chest_xray/train/NORMAL/NORMAL2-IM-1142-0001-0001.jpeg,train,NORMAL,1.112343967,3.328282402,d44868fdc3d40b42e92f69b468d8e0f86cf4f0fbc097c91bc0bd6b2c630cd3b4
D:/chest_xray/train/NORMAL/IM-0273-0001.jpeg,train,NORMAL,1.392497713,3.368072937,91176faa86ab1a17cd6a5da049d6c78258b6c712531a187fc7e5796dc345c1e1
D:/chest_xray/train/NORMAL/NORMAL2-IM-0485-0001.jpeg,train,NORMAL,1.238938053,3.167191236,d408cfb0e3d1190be8258c90f8ca92d93a4e6b189e9069d2e7b3d35bd1da9e37
D:/chest_xray/train/NORMAL/IM-0579-0001.jpeg,train,NORMAL,1.435989257,3.208264903,915f5ea4c6151a5ec968a5b83cd296e322863036c6391928387cc7b57b49fcfb
D:/chest_xray/train/NORMAL/IM-0494-0001.jpeg,test,NORMAL,1.299539171,3.254337034,91403baec6841a51982f78bd39c6b0bd39c3986bc0ee0f483c784e753d2fa7f2
D:/chest_xray/train/NORMAL/IM-0602-0001.jpeg,train,NORMAL,1.271186441,3.311952589,9157bea087b51a1f09781ded18f496b05e93961ac63c1a3d87a54b2ee5a4c5e5
D:/chest_xray/train/NORMAL/NORMAL2-IM-0919-0001.jpeg,train,NORMAL,1.211505922,3.191467392,d15f2cb5c6a01b409c2f6b70386b697d3ded38e649d23c134adf9fc21809c65a
D:/chest_xray/train/NORMAL/NORMAL2-IM-0836-0001.jpeg,train,NORMAL,1.105507631,3.253452681,d00a3df5c3b41b489c2d49b41de09c3549c89c2fd25fcf2d9635c7748769927a
D:/chest_xray/train/NORMAL/IM-0244-0001.jpeg,train,NORMAL,1.322265625,3.139971479,c5ab6f000f4a496d4da5ef9279cbe1e96974f964e2f17963b0e9028b2849b0d9
D:/chest_xray/train/NORMAL/NORMAL2-IM-1156-0001.jpeg,train,NORMAL,1.386759582,3.218792899,d00b3ff4c6001f0b9c3fc9f41c82c2d36fe736a7c3742f243ef7c76112039a52
D:/chest_xray/train/NORMAL/NORMAL2-IM-1261-0001.jpeg,train,NORMAL,1.21884058,3.365814372,90552dbec6ac1ac1c90f68bc1961cda169c59946c37f1b489a7a4a7d1f69d279
D:/chest_xray/train/NORMAL/IM-0501-0001.jpeg,val,NORMAL,0.981627297,3.232326038,90153aaad6805a879c5f51fc3dc0a56aa7adb466c639ad3a0c2bcb1f4b8e5a87
D:/chest_xray/train/NORMAL/NORMAL2-IM-1198-0001.jpeg,train,NORMAL,0.99077222,3.316957766,904a29f4e6a83a43f82d69e839e349e5494a183e4b5e1e1e9adc4fc99e94ebd2
D:/chest_xray/train/NORMAL/NORMAL2-IM-0929-0001.jpeg,test,NORMAL,1.171481254,3.262531816,91576c80c6a13a57cd6869b81deb4ca7395ec692cf5ad3f0c791d129d613c616
D:/chest_xray/train/NORMAL/IM-0711-0001.jpeg,train,NORMAL,1.222052067,3.373021151,915f2de1c6415a5fb87de9f81e81de01db46964bc27912513e83f29297823e96
D:/chest_xray/train/NORMAL/NORMAL2-IM-1205-0001.jpeg,train,NORMAL,1.335047129,3.285089144,c05514aac7b41b01ed7649af38cac4b56fe27c97c34a0e0d3d79cb2595294bf2
D:/chest_xray/train/NORMAL/NORMAL2-IM-0464-0001.jpeg,test,NORMAL,1.369028007,3.222183806,815f7c8086855a1ece7a9f21286585b03c9769f6878a6c9eef6996e9685ac60f
D:/chest_xray/train/NORMAL/NORMAL2-IM-0894-0001.jpeg,train,NORMAL,1.307302965,3.345120189,d00129d5c2903b4bfc3d48b43de098a369fe1ce9987fcb789f25987483619e37
D:/chest_xray/train/NORMAL/NORMAL2-IM-1204-0001.jpeg,val,NORMAL,1.143678161,3.367067106,915e39a5c6651a4ef96ec9213882c9a59bc7386f92c5ce6b9a7996610c52b637
D:/chest_xray/train/NORMAL/NORMAL2-IM-1174-0001.jpeg,test,NORMAL,1.126723572,3.233923098,945f7fa08f150f5a8d2a0da50c96c3c8cb0fc1a4c38269a563c4a3e77beb335e
D:/chest_xray/train/NORMAL/IM-0448-0001.jpeg,train,NORMAL,1.527756059,3.195547848,91ff3495c61e1b6a9c74699538c7c2926d9eb0fec2103d2fb1f02c24392dc7e2
D:/chest_xray/train/NORMAL/NORMAL2-IM-0949-0001.jpeg,train,NORMAL,1.167375887,3.239030455,9815397ec6aa5a80da43597b19f059c219d598c5d0ff1ec494dad6fd940b85e3
D:/chest_xray/train/NORMAL/IM-0275-0001.jpeg,train,NORMAL,1.169905956,3.130613703,91ff3ad5d246384a90b41691968686b43c3084b14d253d2dc1ac7f4eb9efd7d3
D:/chest_xray/train/NORMAL/NORMAL2-IM-1232-0001.jpeg,train,NORMAL,1.404530744,3.165060716,d019f6aae6811a5e6c2e0dac7485cd92c6878d1a8f79affb69f486972d86c340
D:/chest_xray/train/NORMAL/NORMAL2-IM-0822-0001.jpeg,train,NORMAL,1.303216975,3.159367992,917a6805ce157a5e896879b119a94fa539e696e0ce593269ca56b60df5e1695a
D:/chest_xray/train/NORMAL/NORMAL2-IM-1334-0001.jpeg,train,NORMAL,1.101822079,3.285056966,d9402cb1c2bd3b60cf327de9786b6cb4787290f05852925a5e5a1a4fd7961e1e
D:/chest_xray/train/NORMAL/NORMAL2-IM-0463-0001.jpeg,train,NORMAL,1.468331847,3.385510206,d04b3ea5c71e5a4b8d7049a41cd69cb80d189f2dc73d4b04ff2de3eb52146c3c
D:/chest_xray/train/NORMAL/IM-0671-0001.jpeg,train,NORMAL,1.395833333,3.274639176,d00b7ea0c6905b0a9d2f4db43ccbb4d94ed1392ed6b5cf1a192cd7b46d2f0382
D:/chest_xray/train/NORMAL/NORMAL2-IM-1385-0001.jpeg,test,NORMAL,1.192592593,3.225592617,c0a097dbc3e50d25b49f60ebb7e0e122af7eac5ba04fad92bb07a596ba60a828
D:/chest_xray/train/NORMAL/NORMAL2-IM-0580-0001.jpeg,val,NORMAL,1.085642317,3.386275533,905039eec6ca1ac19a43497b19f298e05ad51e47d61fd67e3c3a34b1a5f03cb5
D:/chest_xray/train/NORMAL/IM-0234-0001.jpeg,train,NORMAL,1.441860465,3.307668321,d1fa7ca58613393abd204cd11cc79cf0cf301b3c9f24cf0d064f92d6e70d934b
D:/chest_xray/train/NORMAL/NORMAL2-IM-1266-0001.jpeg,train,NORMAL,1.261032162,3.214544039,c4416caec7b54b41cf064fae680be5ed6ca5e9c60d83691bcbcb1a3c492c4f2d
D:/chest_xray/train/NORMAL/NORMAL2-IM-1338-0001.jpeg,val,NORMAL,1.16322314,3.282198893,d00b2dd4c2b53b42eb276f30782961ec6de078e768a36c3ff8de5e11382c5a38
D:/chest_xray/train/NORMAL/IM-0691-0001.jpeg,train,NORMAL,1.437849944,3.306667605,d40054abe2b51ad4db4e9b023823c97bbcad68f5c7e0e492e7f0e4d0e496ed1a
D:/chest_xray/train/NORMAL/IM-0539-0001.jpeg,train,NORMAL,1.16802168,3.231127999,c1402abfcae81a405d2a58bf1dfa18e592c29ef6d65b963d1650443f96ed6d52
D:/chest_xray/train/NORMAL/IM-0650-0001.jpeg,train,NORMAL,1.397756687,3.19701402,d4077ea087d51f1acb6a0da56cb6c6d2a6cbe3e8c364e0a4c1e5596d99f01e16
D:/chest_xray/train/NORMAL/NORMAL2-IM-0657-0001.jpeg,val,NORMAL,1.176833977,3.357572057,90573ea0d6801a5f5c7f01e51981c5b95fdf197a82394843787a5e5c1d07d5ee
D:/chest_xray/train/NORMAL/NORMAL2-IM-1288-0001.jpeg,train,NORMAL,1.153266332,3.240668002,815b6fa0e6843a57e97e6da878f345a56cb1cc3a4fbc683cc7280e18c234c7ad
D:/chest_xray/train/NORMAL/IM-0193-0001.jpeg,train,NORMAL,1.150543789,3.29669784,815e6aa0c6a17a5f586979a039e645a53de694fc47103c38d6b5350fb1ee671c
D:/chest_xray/train/NORMAL/NORMAL2-IM-0880-0001.jpeg,val,NORMAL,1.351658768,3.299101994,81fa4fa0c756185ec16e47869292c7e373e796f0469138f6d785cb5a9034c7a5
D:/chest_xray/train/NORMAL/IM-0545-0001-0002.jpeg,train,NORMAL,1.29075183,3.22645655,815f2b05c2815a4f986f49e839cb98ff4bc29a4a96508641b6d3e6f3e6d27696
D:/chest_xray/train/NORMAL/NORMAL2-IM-0911-0001.jpeg,train,NORMAL,1.214786832,3.535178249,991179ff47b61e411a6e47244a5a186948e92d6178e79df1690795b76ad38d0e
D:/chest_xray/train/NORMAL/IM-0664-0001.jpeg,val,NORMAL,1.257641921,3.234688126,d16f2dd4c2140b4f987f69b479a398e74dc2992f98e4c9619a7488714b679276
D:/chest_xray/train/NORMAL/NORMAL2-IM-0596-0001.jpeg,val,NORMAL,1.138508371,3.263906242,90043daac6b81a51bc47c83e3cfed0b5cbd49486c27ecf68922d4f6997af42c5
D:/chest_xray/train/NORMAL/IM-0656-0001-0002.jpeg,train,NORMAL,1.250192456,3.238299753,95fa7e058714396e8d213db469e886b43994c70c9e3d69c5866d1a78cfa49e78
D:/chest_xray/train/NORMAL/IM-0125-0001.jpeg,val,NORMAL,1.422222222,3.315154694,905f7ca0e7153e5aad680fa538f624f22ca72def4f87694a08c34f85c97c4863
D:/chest_xray/train/NORMAL/IM-0435-0001-0001.jpeg,train,NORMAL,1.250620347,3.106736665,900f74e086a05b55ab2a953229b995603cb568f2d756aaaaf54dae4af4ddeb84
D:/chest_xray/train/NORMAL/NORMAL2-IM-1197-0001.jpeg,val,NORMAL,1.192878338,3.228417194,d00174aa86b53a50a96e2b2a397ee4f82cd124f44e966d4bc7d26e97e5adc7c0
D:/chest_xray/train/NORMAL/IM-0440-0001.jpeg,train,NORMAL,1.154371585,3.240686869,915efc0187b03a5f8d202c352cd24c976916c71e4f1fedadcf256964c725c965
D:/chest_xray/train/NORMAL/NORMAL2-IM-0885-0001.jpeg,train,NORMAL,1.408888889,3.228984444,915b7c8086871a4bbc684db039e3a4b3cf8f9d2ac612cb19b1e9c3d7c7a2b09b
D:/chest_xray/train/NORMAL/IM-0516-0001.jpeg,train,NORMAL,1.524974516,3.378723893,91eb3dc0c3161b5b987dcc70997394d68dc2ee0db29cc968c63ccb3c61f0963c
D:/chest_xray/train/NORMAL/IM-0523-0001-0003.jpeg,train,NORMAL,1.395029991,3.440979638,915529eac2e51a50984b482d19e73d83c9cb9a4bda4bca7a9ef15c7385fb0ed0
D:/chest_xray/train/NORMAL/IM-0205-0001.jpeg,train,NORMAL,1.445581395,3.377249734,d0adfe0487022d1fad2d8eb429e186b56edaa6c9c68d6e98a1e1ef9369b221a3
D:/chest_xray/train/NORMAL/IM-0552-0001.jpeg,train,NORMAL,1.185459026,3.280246844,955f6ea40fd5091b452a5c9f4c58f49878d6c3a348a56860df1e7f0c8fc11eda
D:/chest_xray/train/NORMAL/IM-0277-0001.jpeg,test,NORMAL,1.195539033,3.18412128,d00b6eb5e7946f40bd2bedb46db0349a68f06d801892cb69cf349b3c6934932f
D:/chest_xray/train/NORMAL/NORMAL2-IM-0522-0001.jpeg,train,NORMAL,1.160852713,3.344982564,cd006eeb83f50b04c52b4dad6cf5c5d068d1f1d1d58d785d81222836e9f0fe1f
D:/chest_xray/train/NORMAL/IM-0354-0001.jpeg,train,NORMAL,1.559837728,3.309566857,91e8788786167a18b869ce663966e1e3ce0669da81dfce986cc892db8cd9f929
D:/chest_xray/train/NORMAL/NORMAL2-IM-1160-0001.jpeg,val,NORMAL,0.898968186,3.516899102,cd556cb006bf1a07453a4f81786a44a56eb0f7c2ef40b4daa79bbc5a30f4ad34
D:/chest_xray/train/NORMAL/NORMAL2-IM-0389-0001.jpeg,train,NORMAL,1.306338028,3.350255991,d4406ffe83bd0ad50b4e092e1c278c162da16ca5e5ba6cbe681fe5836871693f
D:/chest_xray/train/NORMAL/IM-0162-0001.jpeg,test,NORMAL,1.232167832,3.295757234,905539aac2a01e85da5f5b781940d97a59f1196f52d41a5ade7dc6d19c69d2d4
D:/chest_xray/train/NORMAL/NORMAL2-IM-1247-0001.jpeg,train,NORMAL,1.233364574,3.466845901,91556baac6a11e57f87b49a93da6d2965e5291084a509c7b12f58f1f96b5e710
D:/chest_xray/train/NORMAL/IM-0219-0001.jpeg,train,NORMAL,1.251572327,3.274819265,d1002bf5c2b45b401e2f687f58e958b569a539a3534741423be72b5f57e51b43
D:/chest_xray/train/PNEUMONIA/person1180_virus_2010.jpeg,train,PNEUMONIA,1.438202247,3.002376462,88aa37f0e210184fc32d3b0db57f275b3d6b56d2698558d56943b53aad4aa30d
D:/chest_xray/train/PNEUMONIA/person1230_virus_2081.jpeg,test,PNEUMONIA,1.401574803,3.239051458,d000aff5c24a1b4ae83569d23c83c3da39eb1a4fc3e91e7ca2be95a1386bd692
D:/chest_xray/train/PNEUMONIA/person1513_virus_2632.jpeg,train,PNEUMONIA,1.139072848,3.306871989,915a2bb8e6a05a43fa2b5bba7dda496919e4182f4ba7184fc09e4b0f596bcb48
D:/chest_xray/train/PNEUMONIA/person124_virus_238.jpeg,train,PNEUMONIA,1.063694268,3.158083963,d02b297f7ad45bc25f435e0b5a7f3829282938a538a639e330c33a433a5737d5
D:/chest_xray/train/PNEUMONIA/person588_bacteria_2422.jpeg,train,PNEUMONIA,1.707317073,2.762895591,94ae6bf4e3d21e0b92691f68092d43142f3d0a7d2f2938be6bca3c2d68f06d2b
D:/chest_xray/train/PNEUMONIA/person466_virus_960.jpeg,train,PNEUMONIA,1.511854951,3.029296297,91573ba2e527c6b57c9c96d8cad85a5930914ad2ce423c3778f1b568a47a3c1b
D:/chest_xray/train/PNEUMONIA/person1590_bacteria_4175.jpeg,train,PNEUMONIA,1.054852321,2.969984809,c855efa887be920582495e15b87e4a3d287a58694b4d71ed6be5692f92a5618e
D:/chest_xray/train/PNEUMONIA/person399_bacteria_1805.jpeg,train,PNEUMONIA,1.507042254,2.725681535,d00d6b7d0540132f9ba41b16993b5a95fc1b6c916c1b2e916f9327e16fd207cb
D:/chest_xray/train/PNEUMONIA/person59_bacteria_279.jpeg,train,PNEUMONIA,1.721311475,2.678752128,905e6da8ef95bed68a6b1a0b862a1e1a876a1a3da1690a1c3952c737ba7c89e7
D:/chest_xray/train/PNEUMONIA/person57_bacteria_270.jpeg,train,PNEUMONIA,1.375,2.91135648,98556bbef6a41e14e21f186bbc424d683d61e6a52d4369434b4738f3eaf53a82
D:/chest_xray/train/PNEUMONIA/person600_bacteria_2456.jpeg,val,PNEUMONIA,1.654320988,2.850064165,d0af2fd05f00502f48302ea24bcf2fe5afaf7be21f08410f1f155b1d1bc51b3c
D:/chest_xray/train/PNEUMONIA/person1527_virus_2661.jpeg,test,PNEUMONIA,1.458333333,3.130940371,915a3a80c6171a5ab868cfa57896b1b4d29768d6b394ce54bc7192f56e1e94e5
D:/chest_xray/train/PNEUMONIA/person1418_bacteria_3636.jpeg,train,PNEUMONIA,1.222222222,3.071504473,91780e10065b1ae84b95fbdae284e555b18e841615de1abe5fff1aaa4ad55aa5
D:/chest_xray/train/PNEUMONIA/person622_bacteria_2494.jpeg,test,PNEUMONIA,1.322796935,3.255570559,906b3d046614185a3c6d49a03d96c2966f4b963c6b68c7293ac7e38f32def2db
D:/chest_xray/train/PNEUMONIA/person1361_bacteria_3476.jpeg,train,PNEUMONIA,1.347826087,3.080740807,902a2e1447571f7f4e2c4f903ea54bd52f8a28ba4f591e3d4b784f3c683c4f05
D:/chest_xray/train/PNEUMONIA/person494_virus_1000.jpeg,train,PNEUMONIA,1.647058824,2.985380869,915e23bdc2841e47d62d4abeb4b347b13da3d1be93ca1a8fc34a18854d784f0b
D:/chest_xray/train/PNEUMONIA/person97_virus_180.jpeg,val,PNEUMONIA,1.345454545,2.825470837,91bb2db5c4145a5b936d4e6c31b007926d2947944c1e90d2cf1eccf5d78aeaba
D:/chest_xray/train/PNEUMONIA/person1689_bacteria_4472.jpeg,train,PNEUMONIA,1.620253165,2.763823044,d4ff6af4e3507b0be12d3d02e11a0d80b41006403c2567e46f03f1f3bf077edf
D:/chest_xray/train/PNEUMONIA/person437_bacteria_1884.jpeg,test,PNEUMONIA,1.487804878,2.687316262,94536faa06175a6845ad7815e77acfa948e1c7a2dbc1c141d2945afad22f5a72
D:/chest_xray/train/PNEUMONIA/person74_bacteria_361.jpeg,train,PNEUMONIA,1.336206897,3.232956592,99552faed6805e5f507d58e1592958f11c5341e71d5a141e0d42bd1e61d69f6b
D:/chest_xray/train/PNEUMONIA/person1338_bacteria_3397.jpeg,test,PNEUMONIA,1.404580153,2.970917305,91fe7aa5c6953c1ae85a2d6939adc4b738b320d2c60b24b84793c72fe3d0c70e
D:/chest_xray/train/PNEUMONIA/person114_virus_217.jpeg,test,PNEUMONIA,1.625,3.139279894,917ae4a0b6003a5aed60387fa5bd289f21ef089fb1c206b47d69d7437861bc79
D:/chest_xray/train/PNEUMONIA/person300_bacteria_1421.jpeg,train,PNEUMONIA,1.5,2.817347972,dcea7fd56a821a0b537d3f6010b04d733cb669f0be1f835a25833cd625071696
D:/chest_xray/train/PNEUMONIA/person1197_virus_2039.jpeg,train,PNEUMONIA,1.797153025,2.702905476,d40f2e54a3da3b49976dc7b4392395f38fd3994d93c11f8114f0e14f652c14e2
D:/chest_xray/train/PNEUMONIA/person1585_bacteria_4151.jpeg,train,PNEUMONIA,1.653465347,3.114157379,d1fa7e8587d61a1f0b699f253934e9023c3578ca64a42e276981ef4af493e1d1
D:/chest_xray/train/PNEUMONIA/person412_bacteria_1827.jpeg,train,PNEUMONIA,1.615384615,3.163181131,c0bf6a50ef1b692d6c344e976c87cad5cb244934cba14b0a7a28d3a7738b63ac
D:/chest_xray/train/PNEUMONIA/person318_bacteria_1474.jpeg,val,PNEUMONIA,1.321148825,3.221898563,95576deab7a99e1593543a46c27a38d260793ca969746d9638b1a4b13caf0e92
D:/chest_xray/train/PNEUMONIA/person1519_virus_2646.jpeg,test,PNEUMONIA,1.544554455,2.975143041,d17f66a187955a5ac52a783eb568663c3960b4976d4ab5866c522de3c29ced28
D:/chest_xray/train/PNEUMONIA/person332_virus_685.jpeg,test,PNEUMONIA,1.777777778,2.969601142,d14a35bec3f01f42f61dcf50be01ca58c7e07a59eda51f40782dcb703c076876
D:/chest_xray/train/PNEUMONIA/person579_bacteria_2381.jpeg,train,PNEUMONIA,1.450704225,2.722940236,d42e3ef08350192f183496b24aabc2a962c5ead7fc7cb76ac1e892eeb4b60978
D:/chest_xray/train/PNEUMONIA/person888_virus_1538.jpeg,train,PNEUMONIA,1.673076923,2.979892703,90fd64d0870b982dc5363c1ee7d93c4fa0c3860b80c98e0fb8dfc79e8c383bcf
D:/chest_xray/train/PNEUMONIA/person1906_bacteria_4803.jpeg,train,PNEUMONIA,1.847058824,2.997611177,d40224bfc6d5db52b52d4f42871f5a79b56e4bd4f06c3c253d22e1ea692134b4
D:/chest_xray/train/PNEUMONIA/person266_bacteria_1245.jpeg,train,PNEUMONIA,1.588235294,2.922247927,802b3fd552025a0b52784be11ed569fe3df43f9e6da412824d29d2bc69786d2d
D:/chest_xray/train/PNEUMONIA/person1490_virus_2596.jpeg,train,PNEUMONIA,1.319662244,3.128919313,8057e5eac6a01a17967e4a30b052dbe16dcfb1a56d0ebcbcb7948c38b0d23e5a
D:/chest_xray/train/PNEUMONIA/person1010_bacteria_2941.jpeg,test,PNEUMONIA,0.970760234,3.132112127,91553ba0788a1c97129a1bdc59c75bd65bca4bce47e873e9e310e239e3908739
D:/chest_xray/train/PNEUMONIA/person535_bacteria_2255.jpeg,train,PNEUMONIA,1.250160772,3.362139967,957e78a0e7853e17fe523e5a396a1f69396129e14c8738d2cc873cda18e3ce02
D:/chest_xray/train/PNEUMONIA/person321_bacteria_1487.jpeg,val,PNEUMONIA,1.415841584,2.946588711,c0fd6fc02f0b2f3d45b07d1a64d1e6c17cc9c7c7470e10608683e9a7eba2e936
D:/chest_xray/train/PNEUMONIA/person1585_bacteria_4155.jpeg,train,PNEUMONIA,1.5,3.172497826,d1503bbee7a41ac1ba4cc23d3f407c2f46b13c6058a50f873942d0f4c7bc1faf
D:/chest_xray/train/PNEUMONIA/person1502_bacteria_3928.jpeg,test,PNEUMONIA,1.515463918,3.041125854,c4bd3fd2b04b396c38b093f06fc13cb6c2d249923c9298d26dc73cd68b5a4d0f
D:/chest_xray/train/PNEUMONIA/person300_bacteria_1422.jpeg,train,PNEUMONIA,1.326388889,3.156562228,95a968562e3a0a781dadcfa66d92c692ee5ae808caecce68f061c8438d2fcfb6
D:/chest_xray/train/PNEUMONIA/person1851_bacteria_4722.jpeg,train,PNEUMONIA,1.391752577,3.087083018,95502abfe3f41e40de0f4a7e5fa8e0394ff83e30d25f9383b28583fc3e04c01e
D:/chest_xray/train/PNEUMONIA/person1289_bacteria_3252.jpeg,train,PNEUMONIA,1.52173913,2.770146304,904a3bf5c6101a6a88f50be03c85c94637a8939ce7fdbedcedef96e01c2b84a2
D:/chest_xray/train/PNEUMONIA/person1409_virus_2413.jpeg,test,PNEUMONIA,1.464285714,3.058314447,9054a1afe3bf1ad0de09ca7a9e38c25abca97c0187fc3c2fad4a4bc4b42b9694
D:/chest_xray/train/PNEUMONIA/person1453_virus_2485.jpeg,train,PNEUMONIA,1.661764706,2.810398809,d00a75aae7951a53933c4b0cbd3c4bd1ed2db0f46d2568bc25c32e9725da60b5
D:/chest_xray/train/PNEUMONIA/person349_bacteria_1605.jpeg,val,PNEUMONIA,1.451612903,2.781228023,90422ebde7f0bec2c34f9f1c7b44e4b06ad83caf69f094b45e1ac1e0469e1d38
D:/chest_xray/train/PNEUMONIA/person1303_virus_2243.jpeg,train,PNEUMONIA,1.28057554,3.37994934,dd55a4afe2f51e40ea242f06b21c6d6d3ca569fc3ca541f22ca338d3692938d6
D:/chest_xray/train/PNEUMONIA/person267_bacteria_1252.jpeg,val,PNEUMONIA,1.460674157,3.184074517,94156dfbe7ba3e81821d3a5cad7a0fb83c6142f52d051c3d2d355a5263de1e06
D:/chest_xray/train/PNEUMONIA/person1595_bacteria_4183.jpeg,val,PNEUMONIA,1.77,2.984488765,d0efe690c75a192fc5303d12b4e96ec9386fd2c5694f90e1cf18382dc3c26d3c
D:/chest_xray/train/PNEUMONIA/person1346_bacteria_3430.jpeg,train,PNEUMONIA,1.333333333,3.061492058,d0ab6c00cf920e6bc3a52996c5ba458739cf839b796791e3792439e4cf1479e4
D:/chest_xray/train/PNEUMONIA/person66_bacteria_325.jpeg,train,PNEUMONIA,1.614285714,2.999668195,90452bfaefa03e87d61f5ad23f4a4a290d254a35e5631eb5c2f0968707d2d2e3
D:/chest_xray/train/PNEUMONIA/person590_virus_1138.jpeg,val,PNEUMONIA,1.581395349,3.287099193,95eae69507545b6a97287baa7b053ea16b0706016e824f09d6c56f4cfee54a1e
D:/chest_xray/train/PNEUMONIA/person53_bacteria_253.jpeg,train,PNEUMONIA,1.198113208,2.976612112,94026fbdef401e4b473f0db845a34b939d86c2d28f29c3094f095b6d5bea552e
D:/chest_xray/train/PNEUMONIA/person961_bacteria_2886.jpeg,train,PNEUMONIA,1.319148936,2.890849831,d40228bfe3be43405703c30f676d0e10c60a4b695f61ed69ed753e786f03e8ab
D:/chest_xray/train/PNEUMONIA/person343_bacteria_1584.jpeg,val,PNEUMONIA,1.264136328,3.234645638,98452daae6b81e45c65d1ac60a0e4bf81c7154f91da5147a4a353cefe5ac787e
D:/chest_xray/train/PNEUMONIA/person1340_virus_2312.jpeg,train,PNEUMONIA,1.446031746,2.956984652,90553dffe5a85f84b417c29a1a90d60bcbdabe06d63d47483a0fc2f8d780341f
D:/chest_xray/train/PNEUMONIA/person1099_virus_1819.jpeg,train,PNEUMONIA,1.505952381,2.658455752,800079ffe3ea6fa13d05f5d44e973a17a1de0ea23807b5d24f856a1691e8378d
D:/chest_xray/train/PNEUMONIA/person1465_virus_2530.jpeg,val,PNEUMONIA,1.8,3.024839522,c4af6cfc65d0fc42db4bdb6bd3255f36c29a4a1f930f1b2190681b281a0f9b68
D:/chest_xray/train/PNEUMONIA/person935_virus_1597.jpeg,train,PNEUMONIA,1.769230769,3.376485174,917aefa1ee97fa5ad6287a5ac6395c1278805a82d0a44639505e47855cbcdef5
D:/chest_xray/train/PNEUMONIA/person1411_bacteria_3610.jpeg,val,PNEUMONIA,1.285714286,3.134607952,95007faaa7b50e10086b2d2e2d3e24fb3cf1e0d77e9a5a1fc1af490f40fe45a2
D:/chest_xray/train/PNEUMONIA/person148_virus_298.jpeg,train,PNEUMONIA,1.391304348,3.142174596,d10a2db5e6903a42e92d6b703ca969bd3caf68ff090e18b76968181f4bf535e0
D:/chest_xray/train/PNEUMONIA/person657_virus_1240.jpeg,train,PNEUMONIA,1.771929825,3.119384678,d0af7ad4e7ca1f09f5241d1228280400282904702a0f7079be977dfef7e5fe7f
D:/chest_xray/train/PNEUMONIA/person723_virus_1342.jpeg,train,PNEUMONIA,1.467768595,3.151948011,95d26807e6143a5a9e4b4e6739c4c7e639d031e484b538fa31c63cb738783f87
D:/chest_xray/train/PNEUMONIA/person536_virus_1064.jpeg,train,PNEUMONIA,1.55017301,2.922599447,81552baac405461f3e5e94e84150bfdb7d0bc57a05c33d656d67c6a41b807f2f
D:/chest_xray/train/PNEUMONIA/person438_virus_889.jpeg,train,PNEUMONIA,1.666666667,3.005607837,d1fbe2b5c7123a6fc525292c90906d1b31de4bc3b069d34bcf6d9318cc29b896
D:/chest_xray/train/PNEUMONIA/person1507_bacteria_3944.jpeg,train,PNEUMONIA,1.401360544,2.927728151,d4022efd02e31b4247354f4544b81cba1c7c4bc13ccb4bc83b6fc3df6949785f
D:/chest_xray/train/PNEUMONIA/person1123_virus_1848.jpeg,train,PNEUMONIA,1.398148148,3.248494672,d02b3ff4ef001a4bba2d496038a3108748891c81bac64d699ef85beadffd1e7a
D:/chest_xray/train/PNEUMONIA/person1073_virus_1776.jpeg,train,PNEUMONIA,1.565217391,2.897188602,95a13dd6e65a7b79b475ca4328649242492634d29148e594b2d86d9597dfb979
D:/chest_xray/train/PNEUMONIA/person1414_bacteria_3628.jpeg,val,PNEUMONIA,1.4375,3.003315392,d4af2fd0a3c20b2d8b2403b66906c3bc49f03cf3c6db456954dac4da7de51659
D:/chest_xray/train/PNEUMONIA/person25_bacteria_115.jpeg,train,PNEUMONIA,1.299065421,2.872358535,d57fbff5eb001e02dc2f5b685d2448f54d8041bf4dc35db570522d85823c694b
D:/chest_xray/train/PNEUMONIA/person1177_virus_2000.jpeg,train,PNEUMONIA,1.789473684,2.768010597,91bf7d524ebf7f28bae5cfa2aa8571caebcfdf181a508d29183830c1129590b8
D:/chest_xray/train/PNEUMONIA/person1323_bacteria_3363.jpeg,train,PNEUMONIA,1.300578035,3.032999831,c4557faa03ff5b004f3c4fa74f3f4d2c4f144d324fb44b0a0d4a0fc31f430af8
D:/chest_xray/train/PNEUMONIA/person833_virus_1469.jpeg,test,PNEUMONIA,1.404255319,3.23283744,c14a29b5c2403a43ec3f68fd38a149a539e39a6fcb781e61fa711e789607c3e3
D:/chest_xray/train/PNEUMONIA/person959_bacteria_2884.jpeg,train,PNEUMONIA,1.155279503,3.860681208,d4af6ed42f502f2a0f23182105351cbe44fe44fe65ca77c765d967c964585e09
D:/chest_xray/train/PNEUMONIA/person1343_bacteria_3419.jpeg,train,PNEUMONIA,1.707865169,2.89993801,d00a30bdc7909f52b96fcb6c2d34b47b6c783d6864b19f423c963b4365e133c2
D:/chest_xray/train/PNEUMONIA/person1259_virus_2139.jpeg,train,PNEUMONIA,1.735294118,3.1306078,917ee5a9e697fe5fe6697a7ef7e87a97b8e36a0d3868c70a3846b0a1290c0000
D:/chest_xray/train/PNEUMONIA/person1489_virus_2594.jpeg,train,PNEUMONIA,1.410969196,3.179027228,91576da8e7953e01aa4a6b2c3db665b069412c684986396a78f96f1f3dad45b4
D:/chest_xray/train/PNEUMONIA/person41_bacteria_209.jpeg,val,PNEUMONIA,1.450704225,2.868326791,99406deae7a03e01d43f1f5ab443022b142b4177050b40fd8f6f7c2dafea7e2d
D:/chest_xray/train/PNEUMONIA/person743_bacteria_2646.jpeg,train,PNEUMONIA,1.294736842,2.656609851,c4283bd5e7421f0b482f4bfc3da092df65db9d4374d24daa920a496d1634597d
D:/chest_xray/train/PNEUMONIA/person448_bacteria_1935.jpeg,train,PNEUMONIA,1.349514563,2.890265093,88ab2aa5e6943a4a3454ca792cc0dcb56d428cb038ea4d9d93766dddd356cf8d
D:/chest_xray/train/PNEUMONIA/person1343_virus_2316.jpeg,train,PNEUMONIA,1.40952381,3.080984443,944679e8c7b01a90e87e0b25283e90b44a5719efd787cf0e7dadd960ef0c9334
D:/chest_xray/train/PNEUMONIA/person99_virus_183.jpeg,train,PNEUMONIA,1.603174603,3.108923018,944b60b586f51e0ac306bf24797e9709382d6b65ae5230f06f972c3c2187ef9e
D:/chest_xray/train/PNEUMONIA/person354_bacteria_1634.jpeg,train,PNEUMONIA,1.487179487,2.721454732,88ab3385d3521a6fd27f4d281a6d47e1349fc27a358112f8e5ab789f93c816c6
D:/chest_xray/train/PNEUMONIA/person160_virus_316.jpeg,train,PNEUMONIA,1.371428571,3.205813625,d00a6d94ef103f02ad2c4db63cbe4cbd2cb71cf78bb2183d82b48f0bb2f0c7b0
D:/chest_xray/train/PNEUMONIA/person1265_virus_2156.jpeg,test,PNEUMONIA,1.566666667,3.044565639,d46a6bf7ef001b0ffa3d49a06892d4a24bd0794bd3e4cf289f3c93f01e59121c
D:/chest_xray/train/PNEUMONIA/person567_virus_1107.jpeg,val,PNEUMONIA,1.579710145,3.162511314,95f86c85f6147a5a8d283d2c8de93cfdefce8e3c2e5886182c94870c3c70ce4f
D:/chest_xray/train/PNEUMONIA/person360_bacteria_1647.jpeg,test,PNEUMONIA,1.182795699,2.832064423,d14a2ab5e2d05f40d6074e7f3c79683d3db838806da31e02e9fe1ed6580f41fa
D:/chest_xray/train/PNEUMONIA/person337_bacteria_1557.jpeg,val,PNEUMONIA,1.584415584,2.7897059,942b2fd5e7433d3dc57c5d1ad4e04f0b182950c3580ec083820f82bf8b6faf7f
D:/chest_xray/train/PNEUMONIA/person475_bacteria_2022.jpeg,train,PNEUMONIA,1.46875,2.944892723,d47f7fd54f0a187a5d655df64da06d1a3c70cf483e78cf5a040881c385a780f5
D:/chest_xray/train/PNEUMONIA/person1663_bacteria_4412.jpeg,train,PNEUMONIA,1.336134454,3.233838469,c4082ef5bed24b4f9f254b344561d7d14d64849648d268a9f6d2658a6e96f75a
D:/chest_xray/train/PNEUMONIA/person419_virus_859.jpeg,test,PNEUMONIA,1.023622047,2.845866611,d4a9295e43d54f6a0e24482108723cfb3dfab5b43dacb5adb1ad3d2c4d16461e
D:/chest_xray/train/PNEUMONIA/person1065_bacteria_2999.jpeg,train,PNEUMONIA,1.388888889,2.69557405,95002bbfebf03ec0de0bca5f1e61c229672c3e08c73c37b91e03c4f434b49e3d
D:/chest_xray/train/PNEUMONIA/person26_bacteria_124.jpeg,train,PNEUMONIA,1.302752294,2.769321514,cafa6a828503fd7f8ca040926d526ea87fff6d4c9600fba095f097ff21eaa108
D:/chest_xray/train/PNEUMONIA/person257_virus_538.jpeg,train,PNEUMONIA,1.428571429,3.271755754,90022abfd2825a4bde6f59d05b875ac718c7d2c6b4f0bc45e84334f06c737e71
D:/chest_xray/train/PNEUMONIA/person1481_bacteria_3868.jpeg,train,PNEUMONIA,1.362903226,3.301849886,d0436fafa7941ed2b14b1b691e49433c694061690f607c5ae5f86d3e68f262fa
D:/chest_xray/train/PNEUMONIA/person567_bacteria_2353.jpeg,val,PNEUMONIA,1.607594937,2.63471964,ddff3f94e3121e3fd2785f60986349221c2fc36936a578692587307ce1ac161c
D:/chest_xray/train/PNEUMONIA/person389_bacteria_1780.jpeg,train,PNEUMONIA,1.466101695,3.432017716,940b7ea46bd02f1aa71f3a19b4ad394034e56b5a3cf927433ca12f074f0f3d49
D:/chest_xray/train/PNEUMONIA/person62_bacteria_301.jpeg,val,PNEUMONIA,1.1875,3.104613489,94046bbae7a03ec0f2434a4b3d6a4d352d7268bd2ce138ff22dfa1eb20f23ad2
D:/chest_xray/train/PNEUMONIA/person629_bacteria_2506.jpeg,train,PNEUMONIA,1.75,2.752194199,d2d33fc8d5051a3e9aa03ed396cb95c395f2d1a26822481768705a7b167f9ada
D:/chest_xray/train/PNEUMONIA/person431_bacteria_1872.jpeg,val,PNEUMONIA,1.459602649,2.979390413,942b6aa0ebc0aa03eb0fab2a983e43b61cbe44be5f427d50ff00bd12a1f2a59f
D:/chest_xray/train/PNEUMONIA/person1494_virus_2601.jpeg,train,PNEUMONIA,1.363636364,3.565990445,940a7ae16bcf5a421e505a7d3d3f383c38381d2151b513f41e5c187d5bc71bcb
D:/chest_xray/train/PNEUMONIA/person312_virus_635.jpeg,train,PNEUMONIA,1.404761905,3.085623629,900a29f5e2802a43f82d6aed39e369a769f3396f687b495a3c1e686979683a5c
D:/chest_xray/train/PNEUMONIA/person1016_virus_1704.jpeg,test,PNEUMONIA,1.415254237,3.042626172,d40274bdc2f51b40c70c2f05f77f6fc43c77c3d0080e80f02c163cbfe3c3b2de
D:/chest_xray/train/PNEUMONIA/person336_bacteria_1552.jpeg,train,PNEUMONIA,1.384615385,2.888892665,80bfabd0af4a0d6d85147d12e7ba3eabe2c9670561d547076ae0eb42b97c4153
D:/chest_xray/train/PNEUMONIA/person1701_bacteria_4504.jpeg,train,PNEUMONIA,1.62962963,2.897140935,944f7aa1c3d03f03e12cdf247ffeeff53c3930e00483241078eb9f07b1f0b0e8
D:/chest_xray/train/PNEUMONIA/person1381_bacteria_3516.jpeg,train,PNEUMONIA,1.246153846,3.466837529,d00a2ff55ea0594e392819a21de396ff8bdb9e4b0e3c05b420b428f8a3ef13cf
D:/chest_xray/train/PNEUMONIA/person1368_virus_2354.jpeg,test,PNEUMONIA,1.396551724,3.469295352,d0023cabe6b59b40bf42892e0bda0c3b08fd1cd69c3fc05b3d433cb67db83f06
D:/chest_xray/train/PNEUMONIA/person1490_bacteria_3891.jpeg,train,PNEUMONIA,1.517241379,2.8473478,d0bff294c3c2db4bdb214f16ed3896906d2c99e46d92bcb0686b1f856958e4a1
D:/chest_xray/train/PNEUMONIA/person1810_bacteria_4664.jpeg,train,PNEUMONIA,1.404761905,3.134276059,905000aae7a55fd6e73e4eb03c2846287d0095211e80b02f1f0f7d5ed3e7ffcf
D:/chest_xray/train/PNEUMONIA/person1267_virus_2160.jpeg,train,PNEUMONIA,1.588888889,3.014325326,90abaff4e7521f4bf0244b20382bc2d86d2938f64dc392bd5a4a9687d3c25b6d
D:/chest_xray/train/PNEUMONIA/person1491_virus_2597.jpeg,val,PNEUMONIA,1.54368932,3.417256891,90556bade7853a56ab4b4b7d396063b762d261c3c2d5b0e2b0da9e4bb0e1d294
D:/chest_xray/train/PNEUMONIA/person700_bacteria_2599.jpeg,test,PNEUMONIA,1.391494002,3.106017181,d47b74a0b7857b5e873c2935e5203e8169f5a6c268c2e5c39edd69cb80251f86
D:/chest_xray/train/PNEUMONIA/person531_bacteria_2241.jpeg,train,PNEUMONIA,1.49382716,2.93917875,882a6d7547a03e95c2971ed2f0439e513c0dc3c17e0ae3c27f0378796f833e1f
D:/chest_xray/train/PNEUMONIA/person1674_bacteria_4437.jpeg,train,PNEUMONIA,1.239316239,3.188441668,95a93b85c737987ab1e197c7784bf1e2c692cc32f082d3124862f1a7cb476d61
D:/chest_xray/train/PNEUMONIA/person1731_bacteria_4563.jpeg,val,PNEUMONIA,1.681818182,3.105798518,d42b7ff5e3d20f49512d43b44c1234b46ec02c2966d06f413ce94fc07f4d3df4
D:/chest_xray/train/PNEUMONIA/person1315_bacteria_3322.jpeg,train,PNEUMONIA,1.494845361,3.133948459,d0af6eb4e7023e0ff12c2d302c39ced029cfb0c64f0b9438db8b9d25f1e0cf38
D:/chest_xray/train/PNEUMONIA/person1907_bacteria_4806.jpeg,train,PNEUMONIA,1.5,2.934905491,d0bb3fd06602020f387fb4edb17035803c90b0422c88b344384ff96fbfe4fb7f
D:/chest_xray/train/PNEUMONIA/person314_bacteria_1462.jpeg,test,PNEUMONIA,1.188747731,3.255335616,91da3fe5e2859697385ed278312199b5a1b59bd139adc2944a1a798c4ab96da9
D:/chest_xray/train/PNEUMONIA/person135_virus_270.jpeg,val,PNEUMONIA,1.746478873,2.927105275,d00a35afc7940f52bc0b4b753d40d2b5ef423085f1fee783b69e44e14e0fb0b8
D:/chest_xray/train/PNEUMONIA/person156_virus_308.jpeg,train,PNEUMONIA,1.58,3.067020895,d40a7ca887f55b42cb521b024b4e97a93a4f3960e7b5694be1f03e96781fa5e0
D:/chest_xray/train/PNEUMONIA/person1188_virus_2024.jpeg,train,PNEUMONIA,1.190839695,3.061244902,9440a0afe3ff1f40eb353f40f00f4fc5bc3749f19405c37e1e01187d87c2da1f
D:/chest_xray/train/PNEUMONIA/person1460_bacteria_3801.jpeg,train,PNEUMONIA,1.513043478,3.235075263,d0bd2ff0c7871d0f3c304be03ee31ef347920ca32cf3cf72fc27fa72e4808024
D:/chest_xray/train/PNEUMONIA/person326_bacteria_1503.jpeg,train,PNEUMONIA,1.255639098,3.082889017,d02b2bf6fa815e0f5c7059c01a53483e595e394739e5bed20f2e05c23d5529ed
D:/chest_xray/train/PNEUMONIA/person395_bacteria_1794.jpeg,train,PNEUMONIA,1.326086957,3.124011646,914429aad7fc168456164e1f1e38d6b0596b5de178e13a5a5695c1aa1c7f9af2
D:/chest_xray/train/PNEUMONIA/person1372_bacteria_3503.jpeg,train,PNEUMONIA,1.19047619,3.014078406,817c7e8206051f7d5f7f5dea7aa968e2f0ae593cf960f082eb4ae14b81a34942
D:/chest_xray/train/PNEUMONIA/person753_bacteria_2656.jpeg,train,PNEUMONIA,1.546511628,3.137435262,90b53d12907d11f0bdafedbcdcaa486b70aa74eab4aab400a100e15feb4fab17
D:/chest_xray/train/PNEUMONIA/person1509_virus_2621.jpeg,test,PNEUMONIA,1.239520958,3.177108776,d0af2df0e3420a4fb86d68f538c190d30bc398e7925f8f5d925b825b2e39165b
D:/chest_xray/train/PNEUMONIA/person26_bacteria_127.jpeg,train,PNEUMONIA,1.506849315,2.890711969,90556ffeef851e05945a5a4a1b694969382888a84af4f9ea4f8f1f5a86af1a1e
D:/chest_xray/train/PNEUMONIA/person1084_bacteria_3024.jpeg,train,PNEUMONIA,1.412371134,3.252987334,902a2ea1efd51e101a7a0a691965cdb06df268fa6ff25e34cebe4f121894ce1e
D:/chest_xray/train/PNEUMONIA/person420_bacteria_1847.jpeg,test,PNEUMONIA,1.368421053,2.716786411,88bf2aa4e155354fc17f831a39bac1769692695a968a697b70f8a5a51c5b25aa
D:/chest_xray/train/PNEUMONIA/person567_bacteria_2354.jpeg,test,PNEUMONIA,1.402439024,3.043681756,91526daae2851e1e96f81a41bc674bda3e1b6ef86f4178ed69689e3cc9708704
D:/chest_xray/train/PNEUMONIA/person1155_virus_1934.jpeg,train,PNEUMONIA,1.687010955,3.01607304,d44bf7e0c7d53b4bc72d0b14853a4e1131ebc6d7295b92c14a43b1e44f4f1969
D:/chest_xray/train/PNEUMONIA/person1024_bacteria_2955.jpeg,val,PNEUMONIA,1.613636364,2.92189688,90ed3d00c5091d2f97bc0b2c39b406b06d7572d06d82baebe3c7557d10ff03ad
D:/chest_xray/train/PNEUMONIA/person24_bacteria_109.jpeg,train,PNEUMONIA,1.495412844,3.088515066,90aa2aa1aa400a5f416d59657cb06aa268eb75e97dd669cb6e9028bc4fad5f0f
D:/chest_xray/train/PNEUMONIA/person440_virus_893.jpeg,train,PNEUMONIA,1.39047619,2.801218788,9caa6ea8a3d73a0a8b2cb7a438d685723d1d68f7065b308569e1863b3ec9c7c5
D:/chest_xray/train/PNEUMONIA/person298_virus_617.jpeg,train,PNEUMONIA,1.15,3.081629793,940b6bf54fc01e46487b0c2168d74de018e361fc2f9e735fe38c3a0f5b4a571a
D:/chest_xray/train/PNEUMONIA/person925_bacteria_2850.jpeg,train,PNEUMONIA,1.223214286,2.832145589,c0a537ded30a1e23927d21f43cd2b9d9b5d1b94bb59e1b603884c34a0d2564ff
D:/chest_xray/train/PNEUMONIA/person911_virus_1567.jpeg,train,PNEUMONIA,1.505154639,2.964937536,d02f6ab5c7811e0b9f6bcb6d3d24d09648d23c0b40cf870216953d6d1f8f7bd2
D:/chest_xray/train/PNEUMONIA/person1200_virus_2042.jpeg,train,PNEUMONIA,1.340136054,2.715889606,90aa2f956a00184e106c0bf03d8f6ef73daa38a72fd63d47f1603d48bc7c6de1
D:/chest_xray/train/PNEUMONIA/person1158_virus_1940.jpeg,train,PNEUMONIA,1.651162791,2.887050057,98aa6ec0ef431c7f472d1870c4d25cd3d4f94e1b44ba1e92083acf346d3acf36
D:/chest_xray/train/PNEUMONIA/person476_bacteria_2026.jpeg,train,PNEUMONIA,1.531151003,3.249717674,d40be6b487505b0b8d2c3d2dc4ed6c96a8cbc681984fe7c53e3d3b69da383870
D:/chest_xray/train/PNEUMONIA/person423_bacteria_1855.jpeg,train,PNEUMONIA,1.494505495,2.744608798,98eb3bd4c3021a0b983f5b543c35d0d23cc234f342d298c3fae1eba77865cbe2
D:/chest_xray/train/PNEUMONIA/person393_virus_784.jpeg,val,PNEUMONIA,1.346774194,3.187227879,d0157daee7a51e55a97e0fae093e45a10817c5e20e97497a8784583da3e54b67
D:/chest_xray/train/PNEUMONIA/person1521_virus_2649.jpeg,test,PNEUMONIA,1.319672131,3.292330312,815b2fd4c2801e4a987d69f938a741ff03bd197f83bd16dbaa39c7c03a0df084
D:/chest_xray/train/PNEUMONIA/person703_bacteria_2602.jpeg,train,PNEUMONIA,1.355263158,3.010712562,94ff2ad441405f0f523f4f0bab5aabc06f0378613a81ec29a5e9a5ca557a55d5
D:/chest_xray/train/PNEUMONIA/person963_virus_1636.jpeg,train,PNEUMONIA,1.389705882,2.814533754,9444380af06f41fb3d2be5a8c5adb7b4740f92b5a3c0c1bdd2f4f201e03d34fc
D:/chest_xray/train/PNEUMONIA/person528_virus_1049.jpeg,train,PNEUMONIA,1.431372549,3.120828099,856a1ff4e2c41f4bec7dc8713ce7e8f629a0381ec93c9e90d878c7f81a414879
D:/chest_xray/train/PNEUMONIA/person563_bacteria_2338.jpeg,train,PNEUMONIA,1.743902439,2.714712148,99ab3fb4e6021a0bd0687d4038c7eac53c87cceac6325874e5a5982e6cb6cf37
D:/chest_xray/train/PNEUMONIA/person608_bacteria_2472.jpeg,train,PNEUMONIA,1.563829787,2.697288381,91fa3b85c2165e7a5860490f380fda9cbb9098d4c25056f354fac6f27eb26af2
D:/chest_xray/train/PNEUMONIA/person937_virus_1599.jpeg,train,PNEUMONIA,1.411214953,2.93024673,d0bd3bc2f70b5b2d58344ad23a89b2fd39c23c4f90c85d027cb6da606ca5ba56
D:/chest_xray/train/PNEUMONIA/person7_bacteria_29.jpeg,train,PNEUMONIA,1.45631068,3.18559612,c0aa6ae935543f4a252950b5f0fac18a691be4bee7bc692a6eaa6e362d242f25
D:/chest_xray/train/PNEUMONIA/person764_bacteria_2668.jpeg,train,PNEUMONIA,1.380434783,2.667272868,90c26fa5c6161e6ac7694d81cd87c7944dd6c7b2cf12c7b1c3d2c5a1c3a5c3c6
D:/chest_xray/train/PNEUMONIA/person437_bacteria_1888.jpeg,train,PNEUMONIA,1.415841584,2.994039689,c4bb6eb0a30a2c2fc8b446926cdbc6ed4e84ccb6d780de1ecdb0b69229f4a387
D:/chest_xray/train/PNEUMONIA/person1139_bacteria_3082.jpeg,train,PNEUMONIA,1.371794872,2.746163865,d02a2aafab400b4b9c7f537d1f6ad52d4be055035aab4b429a8f41c93e8a569f
D:/chest_xray/train/PNEUMONIA/person477_bacteria_2030.jpeg,train,PNEUMONIA,1.25203252,3.262056254,d00a2bff63b41e825e5a5d6b1c61487949a8199c8197c3c2dd83d8be5787d1be
D:/chest_xray/train/PNEUMONIA/person74_bacteria_362.jpeg,train,PNEUMONIA,1.474137931,2.944227829,d14a2ff5ee103e5b492d59f41df640a749f6145741d711e5143f427514e9c43d
D:/chest_xray/train/PNEUMONIA/person1297_bacteria_3260.jpeg,val,PNEUMONIA,1.618421053,2.714244234,94ff6ae12b43280b87281e2ecbaa5aaa586a552a5c3e4da75d363d631d571d51
D:/chest_xray/train/PNEUMONIA/person277_bacteria_1306.jpeg,train,PNEUMONIA,1.696969697,2.803932351,945160bae3849f42c36f0f05d0300f8df2694f8cfc3c1ff1b4854b78b5a55f56
D:/chest_xray/train/PNEUMONIA/person61_bacteria_292.jpeg,train,PNEUMONIA,1.301075269,3.000585022,cc0a3eb5e3f21b4a972f5b043d2ab6946d59547054d0554356d355c374da54f3
D:/chest_xray/train/PNEUMONIA/person426_bacteria_1861.jpeg,test,PNEUMONIA,1.122580645,3.017818066,d0a529fafad05e4958bf14f214d216c79e96a6a62eb6a792aef0ae16a5879508
D:/chest_xray/train/PNEUMONIA/person56_bacteria_268.jpeg,train,PNEUMONIA,1.407407407,2.753473906,857e7a81b6574b3a8869188349a297928e17c372960ada38cf299e544fb6dfae
D:/chest_xray/train/PNEUMONIA/person23_bacteria_99.jpeg,train,PNEUMONIA,1.411764706,2.800626681,d0af3fd4e2013c0f90bc41781ce5d96da6b41d96f59e97de3dc9c340cb404c5c
D:/chest_xray/train/PNEUMONIA/person24_bacteria_110.jpeg,train,PNEUMONIA,1.552941176,3.238019014,990269eaa6a01697c2521f10e61e1a96c15a1e15d0501d2bfe513ef9fad7e7eb
D:/chest_xray/train/PNEUMONIA/person581_virus_1125.jpeg,train,PNEUMONIA,1.427631579,3.249971807,d4406ffde7ba3b52ab2d4bbc3cb560953c8134422ad234b72c0b0d43b8cf570f
D:/chest_xray/train/PNEUMONIA/person1848_bacteria_4719.jpeg,train,PNEUMONIA,1.656565657,3.021738828,905a0ffdc7a11a56bc6fe97d39cace1fe9c039c6da1683689a58c61eb5c12841
D:/chest_xray/train/PNEUMONIA/person1715_bacteria_4532.jpeg,train,PNEUMONIA,1.235772358,3.071905598,d4026faba7d51b42892b0b253c2b05bd4f5c25ac43c60d4b10f54f4b5efcd6d6
D:/chest_xray/train/PNEUMONIA/person145_virus_295.jpeg,test,PNEUMONIA,1.753623188,2.799510244,915ab5f5c3941f5afe3d4f70bca5c970b784385297e5b84a30e49a42e12f1ad0
D:/chest_xray/train/PNEUMONIA/person1576_bacteria_4127.jpeg,train,PNEUMONIA,1.372881356,3.22536046,d50a2bfffbf01b4096451a551e294e3d5d581d1d15241d258da78de19d6bb1d2
D:/chest_xray/train/PNEUMONIA/person1366_bacteria_3490.jpeg,train,PNEUMONIA,1.220430108,3.125468357,81f8fa050c001e7a5f6f59255fa45ff05f7d5e1e5e905da04c2645a645a7f4a4
D:/chest_xray/train/PNEUMONIA/person22_bacteria_74.jpeg,train,PNEUMONIA,1.272727273,2.979863555,95ff6ff0ef141e06c67c4f753d6ce5b43d90fcc06fc0fd846f80fd0248008381
D:/chest_xray/train/PNEUMONIA/person744_virus_1367.jpeg,train,PNEUMONIA,1.529927007,2.988768518,8010b6aae7d51f50434e192f7c24a5ba6e916d5396af695296ea4a903d6b92fd
D:/chest_xray/train/PNEUMONIA/person61_bacteria_288.jpeg,train,PNEUMONIA,1.367323291,3.127797573,901f65a8e6a512d5c64a784ea52c7c94a5e94cb5a5e2c696a1d296bfad43d28f
D:/chest_xray/train/PNEUMONIA/person359_virus_738.jpeg,train,PNEUMONIA,1.302158273,3.203874518,d45aeea087d50a5f812808b521fa05af48f685db4efd4bcf963e48e5870f1c71
D:/chest_xray/train/PNEUMONIA/person274_bacteria_1290.jpeg,train,PNEUMONIA,1.488084731,3.185780478,915b2ba5e2163a5fe86979a539e7698f38ee58bc79c218a5095a198790e5096f
D:/chest_xray/train/PNEUMONIA/person1449_bacteria_3743.jpeg,train,PNEUMONIA,1.165714286,3.474638322,91ec3a84c2112d4f3d7dc5713db135fa4de23dcb39dac5ca7f8b20684c301c39
D:/chest_xray/train/PNEUMONIA/person277_virus_571.jpeg,train,PNEUMONIA,1.201617562,3.203359119,8055bbaad6a81e05962d5eb59da3d4a99d0190a5d9e49ca498f6ce949ea9dce9
D:/chest_xray/train/PNEUMONIA/person41_bacteria_206.jpeg,train,PNEUMONIA,1.3,2.731172191,90823afff7501e0b903f1bf03c0250a70ec29dafdff7df6fe5a54da1ac288002
D:/chest_xray/train/PNEUMONIA/person1344_virus_2320.jpeg,train,PNEUMONIA,1.5,2.896001019,d0a807f5e7820f4bb43fc9783d25f816e9f81e8138db65a599c238d6d9a48f06
D:/chest_xray/train/PNEUMONIA/person739_bacteria_2642.jpeg,train,PNEUMONIA,1.382978723,3.005344884,d02b6fd40f420a2d0a842a43c7dd5f47d50ad70af36ad4a368e2e28bfa5ab6a7
D:/chest_xray/train/PNEUMONIA/person94_virus_176.jpeg,train,PNEUMONIA,1.349220898,3.162003036,901565eac7a11e55c84a397fccba2cd3e8ebcc97985accb1ad5ac6b29c701ca1
D:/chest_xray/train/PNEUMONIA/person987_bacteria_2914.jpeg,train,PNEUMONIA,1.329787234,2.860429745,d5402bb5d7fb2f50ae08a81e38e429a2a0a71ea33a8e3ace3efcb318279c3c79
D:/chest_xray/train/PNEUMONIA/person630_bacteria_2515.jpeg,val,PNEUMONIA,1.138613861,2.868905962,d42a3ff5f3905e02140f543c3720b421257e34362c46276e37d6754e376eb74e
D:/chest_xray/train/PNEUMONIA/person972_virus_1646.jpeg,val,PNEUMONIA,1.619047619,3.132487319,917a6901e7853e568e534b49ba6dc211281010c128053169eb5e5fdf39f3fffe
D:/chest_xray/train/PNEUMONIA/person426_bacteria_1863.jpeg,train,PNEUMONIA,1.278688525,3.273685952,95576baa63801e05125f1a4b69692da52cb541d77dc770b470943e1e6bf83e1b
D:/chest_xray/train/PNEUMONIA/person585_bacteria_2412.jpeg,train,PNEUMONIA,1.510416667,2.952058443,d0aa2dffebd01f425b0e4b3c3fa56c7664bc0dc02ca520bf39e33cd350bc1485
D:/chest_xray/train/PNEUMONIA/person1040_bacteria_2974.jpeg,val,PNEUMONIA,1.405172414,3.10031294,95286f04ef164a7a43e04b874faec7da1f62c1e17b61c0e52b61c87c39f0cb4b
D:/chest_xray/train/PNEUMONIA/person441_bacteria_1914.jpeg,test,PNEUMONIA,1.519480519,2.655445318,d0eb3a10bc5a187d9785293e92b40ed2d145d68dd2849283aa8fb2de557f55b6
D:/chest_xray/train/PNEUMONIA/person698_virus_1294.jpeg,train,PNEUMONIA,1.475247525,2.987143338,80552faadf805e4f567d5a393dab49c53fd6095619d61872c36a12f04ae990f5
D:/chest_xray/train/PNEUMONIA/person989_virus_1667.jpeg,train,PNEUMONIA,1.761904762,3.021797897,915e7ba5e7153a52806b4b613df6eff63893308249043d2979d63f8738b14b61
D:/chest_xray/train/PNEUMONIA/person413_bacteria_1830.jpeg,train,PNEUMONIA,1.294117647,2.892946096,cc4a3bb5e7101a42746bd33e7c60d1b746d04dae90e74de73c60c7855f78960c
D:/chest_xray/train/PNEUMONIA/person875_bacteria_2798.jpeg,train,PNEUMONIA,1.589041096,2.75168217,c42abef083412d0f85bd4d9254f84bcb7cb9c2c06ca5d2f4cbafe0f483d50d55
D:/chest_xray/train/PNEUMONIA/person1214_bacteria_3166.jpeg,train,PNEUMONIA,1.636036036,3.211124336,d40a66b5c3d43b42c72f1b07b1676be43c6ac6e1384bb0f63c0f3969c3c03c6d
D:/chest_xray/train/PNEUMONIA/person351_bacteria_1619.jpeg,train,PNEUMONIA,1.364583333,2.669902781,80af2ed0a7d11f4b836d0b28193493b4492890a47974b1bca3f7387ed7f46de6
D:/chest_xray/train/PNEUMONIA/person596_virus_1149.jpeg,train,PNEUMONIA,1.371212121,3.113651039,d40afeade7b51f40a94a0b243a4ba5be3e4d2c3616a63c1b087a16873de963ea
D:/chest_xray/train/PNEUMONIA/person445_virus_918.jpeg,train,PNEUMONIA,1.752136752,3.067511591,915f6bb8e7809ec7d07c4a50dc3a5a387d0ed61d0f581c3d1606d52d57851f2e
D:/chest_xray/train/PNEUMONIA/person896_bacteria_2821.jpeg,train,PNEUMONIA,1.367816092,2.830753622,8155abaaf6023e9fc2f81ed014574a56392d43943f09c3bc0b1fb1ad8e5abc2f
D:/chest_xray/train/PNEUMONIA/person895_bacteria_2820.jpeg,val,PNEUMONIA,1.344086022,3.056559562,d4086efda3d62f400f2b03a43d303c3867d06ec064fc6fc17e0bd6d267d07c1f
D:/chest_xray/train/PNEUMONIA/person1122_virus_1847.jpeg,train,PNEUMONIA,1.537735849,3.293203171,c0577fa8fa855a4b5b2c5a5b0d29485419a349e51c5a4ad5396a1af53a7a1ef9
D:/chest_xray/train/PNEUMONIA/person1244_virus_2111.jpeg,test,PNEUMONIA,1.529411765,3.071542796,d42b7ea0a7d63b0b89699789395c836c1a9e68f0c7a1329e6df287b4385a65e1
D:/chest_xray/train/PNEUMONIA/person1003_virus_1685.jpeg,train,PNEUMONIA,1.636363636,3.006318046,d4516cbbe7f51ed0fa4b83246b07832f0e08387c0eac690f9be86e6932fa1e58
D:/chest_xray/train/PNEUMONIA/person629_bacteria_2509.jpeg,train,PNEUMONIA,1.361445783,3.119749139,912a3fb56a50187f517917c23d879d3e25a2b885b095b2036d2b477b1e7a1ef0
D:/chest_xray/train/PNEUMONIA/person1315_virus_2270.jpeg,val,PNEUMONIA,1.387096774,3.159056845,90556fa80615185809695da55c7f472b5b8ec75a87cb18630f6b4b7649f649f6
D:/chest_xray/train/PNEUMONIA/person1392_bacteria_3538.jpeg,val,PNEUMONIA,1.480769231,3.097185394,917a7fa5e6143a5a8e694f6f192f41962d9607fe479a05eac7e1c7d213900685
D:/chest_xray/train/PNEUMONIA/person475_bacteria_2025.jpeg,train,PNEUMONIA,1.542076503,3.315569558,d00bf4b5e7d01f4b832d1b2cb0b44f9030fb21c32c6bb3c16e1f90f907879e7c
D:/chest_xray/train/PNEUMONIA/person1288_bacteria_3251.jpeg,train,PNEUMONIA,1.78313253,2.957216206,d0eaee81af4a017d0534582ac7aa1ce24dfe1ce3cfaa3eaac38f0c1143c70fbd
D:/chest_xray/train/PNEUMONIA/person1005_virus_1688.jpeg,train,PNEUMONIA,1.535353535,2.963193327,d15ab5b5c2c01b6fe9356c903c1be6953d0a30954b49908dcbc69f2578fec78c
D:/chest_xray/train/PNEUMONIA/person442_virus_900.jpeg,val,PNEUMONIA,1.355555556,2.706439241,d0577bc04fc20e032c2a2ffd7d3c7d303c107c7a70db241b3499269f26d33ec3
D:/chest_xray/train/PNEUMONIA/person755_bacteria_2659.jpeg,train,PNEUMONIA,1.393258427,2.925536973,d0aa2fd50d021a3f4ef44f0b7d0f4dd02d55c49d4f2ebc3c8bb44d2ec32c4947
D:/chest_xray/train/PNEUMONIA/person655_bacteria_2547.jpeg,test,PNEUMONIA,1.431818182,2.830562343,94aa3d42566b1ee89ef28f1f9d3f83baa7bf1755c75067002e14e6b462846294
D:/chest_xray/train/PNEUMONIA/person126_virus_255.jpeg,val,PNEUMONIA,0.988826816,3.368150738,c905bffe56a81a45147f49e81dcb487d0d6518770d7c387e69780e1baa53a5a1
D:/chest_xray/train/PNEUMONIA/person16_bacteria_53.jpeg,train,PNEUMONIA,1.42303969,3.103589414,c40574ea92f55bd5935acb89691b932d4b16b4be93516d2f92b69b222cb491f0
D:/chest_xray/train/PNEUMONIA/person364_virus_743.jpeg,train,PNEUMONIA,1.559139785,3.158033879,d42b7ef4e3da0b4b8f352b903ca387982d2830f0e54b681ae0d0ec3f3871ebcd
D:/chest_xray/train/PNEUMONIA/person382_bacteria_1745.jpeg,train,PNEUMONIA,1.462962963,2.744146182,c1ef3d8462955a5a106849693da53d96698e35b4fb5cc358da5a786b428f5a4b
D:/chest_xray/train/PNEUMONIA/person898_bacteria_2823.jpeg,train,PNEUMONIA,1.753846154,3.058222788,80aaead5f3404d2f84be48fa00a9429349bd12b54bf70ab5cb506f50bf52fdf2
D:/chest_xray/train/PNEUMONIA/person1145_virus_1906.jpeg,test,PNEUMONIA,1.352380952,2.855292837,8ab52bd2d5009a5fbe3d15722ca19c95d4c3afa1a54da57aad70d550ff38aa10
D:/chest_xray/train/PNEUMONIA/person1004_bacteria_2935.jpeg,train,PNEUMONIA,1.450980392,2.641892483,c0ab6a85a1020f4b457d43f46f37e7b6270515ea47824faae0bbe2976e8760f4
D:/chest_xray/train/PNEUMONIA/person1088_virus_1800.jpeg,train,PNEUMONIA,1.198156682,3.006873432,d0402aafc7f64a477d2e6992794b596569e25b5b7a79594a4a1e587138615d16
D:/chest_xray/train/PNEUMONIA/person501_bacteria_2112.jpeg,test,PNEUMONIA,1.283018868,3.241153181,997e7ea1af50161f41292c3554b4a39374fb6b8d6e8b14550aaf155f0b851f4a
D:/chest_xray/train/PNEUMONIA/person1718_bacteria_4540.jpeg,train,PNEUMONIA,1.433121019,3.325284326,80aa2ed507da020a0f7d0fbe1fb61ef44f964d327cb04f936c98ecb2e593e980
D:/chest_xray/train/PNEUMONIA/person775_bacteria_2679.jpeg,val,PNEUMONIA,1.67032967,2.67812216,99ea7c15c61a18689ae54e1179b594d76dc2308248c24fbb1afccfebcf2d9a60
D:/chest_xray/train/PNEUMONIA/person550_bacteria_2309.jpeg,train,PNEUMONIA,1.440245148,3.142938738,91eb34b4c3d01b63c276292b907d6f183cf149d23d8fdad28da190decf0a9696
D:/chest_xray/train/PNEUMONIA/person750_bacteria_2653.jpeg,train,PNEUMONIA,1.536585366,2.88542506,91ab2f95e610507a50684be9fba5ca96af14ab14eb55ad15ab45aa4dba69c169
D:/chest_xray/train/PNEUMONIA/person381_bacteria_1731.jpeg,train,PNEUMONIA,1.483516484,2.997319699,d4952ffaed216c1ec27849a164cbc3c94d96d3744df16cbac9689926d968648d
D:/chest_xray/train/PNEUMONIA/person1593_virus_2767.jpeg,val,PNEUMONIA,1.547368421,3.238309615,d04b65b5e6901a4be53c2f60b5e34fd23ccbc69e4d0a90fac7813d29ca780f0f
D:/chest_xray/train/PNEUMONIA/person279_bacteria_1316.jpeg,train,PNEUMONIA,1.384251969,3.40013028,99117bab06071e6c1af818535e693843e11fe3bb2594ef983db4ca50987bca73
D:/chest_xray/train/PNEUMONIA/person1927_bacteria_4837.jpeg,train,PNEUMONIA,1.626262626,3.342760269,904565ffc7911a56836a0b6dd825c4307850f5b84b15751e47957b47f5a94f17
D:/chest_xray/train/PNEUMONIA/person610_virus_1177.jpeg,train,PNEUMONIA,1.304347826,3.007302559,940a29f5e3d01e42ea0d6b247cb6e5f23dc3fdcfcbe3390f68e02828780f43e1
D:/chest_xray/train/PNEUMONIA/person73_bacteria_359.jpeg,train,PNEUMONIA,1.419642857,2.997669979,957a6a0123840a5e0d7a592d3dff4ef16da254a257965d3e1eb40f4d4d545d54
D:/chest_xray/train/PNEUMONIA/person491_bacteria_2081.jpeg,train,PNEUMONIA,1.494117647,3.09768577,94fe7febae971a588b2a392d4bb43c3a58c2ad2069a22b92b4f22ad52d69869c
D:/chest_xray/train/PNEUMONIA/person965_bacteria_2890.jpeg,train,PNEUMONIA,1.163461538,2.83454817,d40a2abde3d51f42530b4b421f40434d1f6b50b84f487cb569f93f5078fc6df0
D:/chest_xray/train/PNEUMONIA/person782_bacteria_2686.jpeg,val,PNEUMONIA,1.146853147,2.855179779,d00a3fd4c6c01e4a083d00f00fa0b2d72df5961eef3897adbd6d35e8966355a7
D:/chest_xray/train/PNEUMONIA/person1222_virus_2071.jpeg,train,PNEUMONIA,1.769230769,2.943734346,c40f3eb4c7d41b431b4b97b41b4f19b293294b9a792c96956d24da68c1f24b3e
D:/chest_xray/train/PNEUMONIA/person41_bacteria_210.jpeg,train,PNEUMONIA,1.654320988,2.648430339,8aabaac2c2010a3dcbfc0d69fc376f01b8050bed1b7d53ff574fd25ad201921a
D:/chest_xray/train/PNEUMONIA/person663_bacteria_2555.jpeg,train,PNEUMONIA,1.43881335,3.319546045,940361aac2919e45d34e3b6aa1686fb434e16ad230cf12e5bc3b3cdb6b4b3cb9
D:/chest_xray/train/PNEUMONIA/person1812_bacteria_4667.jpeg,train,PNEUMONIA,1.742857143,3.180784771,d5282a95e3fb1f699707590f1e355a04d2044780e3c2f0f73f66f52d1d7c1f08
D:/chest_xray/train/PNEUMONIA/person555_bacteria_2325.jpeg,train,PNEUMONIA,1.611111111,2.691554037,902a2fa4e7001e0ada7c4b501d6745b64f961cb74bde9f0eca1e87849c37e96d
D:/chest_xray/train/PNEUMONIA/person356_virus_733.jpeg,train,PNEUMONIA,1.421052632,3.137629634,d00aa5b5c3d01f4aec3e6dd8b4b26dd23c82c0e74da9dc7acf057d244978cf05
D:/chest_xray/train/PNEUMONIA/person683_bacteria_2578.jpeg,val,PNEUMONIA,1.419354839,2.921847465,c1aa3f1042574a2f7c7ee0783081186361f2b30a387ea0d3935b347d97f577b5
D:/chest_xray/train/PNEUMONIA/person315_bacteria_1465.jpeg,train,PNEUMONIA,1.463414634,2.772968704,c42a2fb5da921e1b9a6c4b6595a74ad2f5b85490d42096921e2a92bf2bcf2b7d
D:/chest_xray/train/PNEUMONIA/person1616_bacteria_4251.jpeg,train,PNEUMONIA,1.448275862,3.135878323,9450e52ec7b11a40e30c3e56b47a4f18b1b46b82b4e71fc1b43a5ad6ed05d97e
D:/chest_xray/train/PNEUMONIA/person493_bacteria_2086.jpeg,val,PNEUMONIA,1.720930233,2.839798908,80aaae858f550b5f85250d16c5ca449b694ba7874b49b6d36f9fb5c36bc34cb0
D:/chest_xray/train/PNEUMONIA/person278_virus_572.jpeg,train,PNEUMONIA,1.392307692,3.166182175,90af6f58ef403c23c235384ec1393ca04eb62ce32ef505e17a78deaf6f8b28e0
D:/chest_xray/train/PNEUMONIA/person732_bacteria_2634.jpeg,test,PNEUMONIA,1.338582677,3.403459117,d12a2bfdf2805e0b5c3d50751861182609e31ce70af62fbf1e9703d63db5b296
D:/chest_xray/train/PNEUMONIA/person70_bacteria_344.jpeg,train,PNEUMONIA,1.836065574,2.791964745,90aa6b806e02142a0ae8382b63ad3da771d661c770c763c17c9f61f99e9f38fb
D:/chest_xray/train/PNEUMONIA/person434_virus_884.jpeg,train,PNEUMONIA,1.208806818,2.952006779,80157bffe7f05fa0be17c2781ed1f857c7f03e50583242b038027a8742e17caf
D:/chest_xray/train/PNEUMONIA/person392_bacteria_1783.jpeg,val,PNEUMONIA,1.553191489,2.773128445,90ad3e10ca1a1af803c0179ff6b447d2352541713da15cf505f91575e359bf9d
D:/chest_xray/train/PNEUMONIA/person985_bacteria_2912.jpeg,val,PNEUMONIA,1.467391304,2.90409067,940a2ffde7d41f4ad12f4f749d10c3800d0310bf4bd69da7c3d21e8230be2f8f
D:/chest_xray/train/PNEUMONIA/person487_bacteria_2055.jpeg,train,PNEUMONIA,1.36,2.930279543,817f6aa17a825e5e5158185d082f5b4a1d6d43dc1fc3087a059e1dbf4bd25fa5
D:/chest_xray/train/PNEUMONIA/person477_bacteria_2028.jpeg,train,PNEUMONIA,1.398230088,3.089339572,d00b2bdc63803e035a5b1d691c29cc6a1c607cf3a7f17c1741e34bf0b4b7b3e9
D:/chest_xray/train/PNEUMONIA/person1411_bacteria_3593.jpeg,train,PNEUMONIA,1.286486486,3.106328092,d0bf3dcae3d04f011f25c3270b26083e68ba2c53287b40f10af32c7f29f33dd7
D:/chest_xray/train/PNEUMONIA/person707_virus_1305.jpeg,val,PNEUMONIA,1.454242928,3.110123871,91e93c92c647394c3964e9e179839c8fce2b192f906fce610d25187bcd71a25f
D:/chest_xray/train/PNEUMONIA/person651_bacteria_2543.jpeg,test,PNEUMONIA,1.614285714,2.749259093,997f6fa0a615185a93697b55c56d4eb6528a56825861d2b14c7996ab4b6b86e9
D:/chest_xray/train/PNEUMONIA/person593_bacteria_2435.jpeg,train,PNEUMONIA,1.203703704,2.75700151,90576fa1e7951a56c7685b254976473078b1e1ec3da478f2cf03385e53c7161a
D:/chest_xray/train/PNEUMONIA/person1219_virus_2067.jpeg,train,PNEUMONIA,1.677083333,3.201534843,d00a34b5e3d11f4ae72c4f3496304bd03e0361e2e7c2b4be6d43f287e1da9787
D:/chest_xray/train/PNEUMONIA/person1041_bacteria_2975.jpeg,val,PNEUMONIA,1.373626374,3.163071584,d4036ea9e7f53ec5835a0b013b2f4b241e01285225086870af6cfe78fad6ef3f
D:/chest_xray/train/PNEUMONIA/person411_bacteria_1826.jpeg,val,PNEUMONIA,1.427438541,3.268235578,904e2ab5d2c25f4f4c3558c01c414bdf1dcac2da09c81af8cb5a1cb5db7cddb5
D:/chest_xray/train/PNEUMONIA/person259_bacteria_1220.jpeg,train,PNEUMONIA,1.557377049,2.720450706,d00529bee7f67f42de5f427d1f40de0d4b5e1f0a5aa90b5a1a1e0f0d0785416d
D:/chest_xray/train/PNEUMONIA/person563_bacteria_2337.jpeg,train,PNEUMONIA,1.393258427,2.818578752,900a2fbde7d01e421c0b527c3df07c21e5391d006c0ea5be3ca5b86f47f91db7
D:/chest_xray/train/PNEUMONIA/person508_bacteria_2144.jpeg,train,PNEUMONIA,1.599544937,3.237760544,91552deec7a11e97985a48703d2f49adc974bd3dc9ac872a181c4878fb296b39
D:/chest_xray/train/PNEUMONIA/person853_bacteria_2774.jpeg,train,PNEUMONIA,1.661971831,2.822295047,901f2fa9ef051e15145a52d0d56bc2bed7ae3a852f94079ce0bce0ba02a71fa7
D:/chest_xray/train/PNEUMONIA/person1053_bacteria_2987.jpeg,train,PNEUMONIA,1.459770115,3.311820376,caaa2ed5b7d01b2901a509b601b20dae30fc6ffc7ef5e3d06d02f2d0ed057e0c
D:/chest_xray/train/PNEUMONIA/person406_bacteria_1819.jpeg,test,PNEUMONIA,1.258992806,2.937237562,99da688186851a5fc76a39bd6d6016b979e4c6e3399686c22ebd1b58870e31fc
D:/chest_xray/train/PNEUMONIA/person1298_bacteria_3261.jpeg,train,PNEUMONIA,1.684931507,2.63964419,d42a2ff4ef5502af00284f4d596d4a742f2b51e15df8578e41e20c1a49cf49ff
D:/chest_xray/train/PNEUMONIA/person332_bacteria_1534.jpeg,train,PNEUMONIA,1.431818182,2.922590931,d8bf6ff7e7423f0dd63c5d787c7045c27c8254db55d3185591c02b04a294aa1d
D:/chest_xray/train/PNEUMONIA/person748_virus_1373.jpeg,train,PNEUMONIA,1.631578947,2.9025409,c8f92dc0f50b1c2dd3e44f0e983ccb543b3d92f04b0a9c3e574a5d2cc34e8b2f
D:/chest_xray/train/PNEUMONIA/person1354_bacteria_3448.jpeg,train,PNEUMONIA,1.401709402,3.050772587,d00bf494c7d21b4b87242f0492fb4e5b38ef82d74c2f10d3cf07f079db0ad691
D:/chest_xray/train/PNEUMONIA/person962_virus_1635.jpeg,train,PNEUMONIA,1.568965517,3.000043066,94ef6a95c3d21a0f812834a57cf3efa73c9f60cb06093058a521f6bd79e3b4b0
D:/chest_xray/train/PNEUMONIA/person1241_virus_2106.jpeg,train,PNEUMONIA,1.670886076,3.090967088,91ea35b5c6941e4ed47c4b50bc4bc2516c6bd0e5ed687c2dcb536c21b0c66de1
D:/chest_xray/train/PNEUMONIA/person672_virus_1261.jpeg,train,PNEUMONIA,1.614678899,2.989075935,815fb5a0c6011a5ee0347853f5bd6f87bc96c38e1882c194bd2ff6f2ed2c3886
D:/chest_xray/train/PNEUMONIA/person1639_bacteria_4344.jpeg,train,PNEUMONIA,1.813953488,3.158268845,91e9f4174f1e1bed8f7239255a916c7032086c0ab28aef0bf2d6cf1cb682538f
D:/chest_xray/train/PNEUMONIA/person537_virus_1067.jpeg,test,PNEUMONIA,1.494623656,2.909506586,94fbc0ab87171b5a85295835a1d2068b68c78789485891e3d6b5b97ad6b779f2
D:/chest_xray/train/PNEUMONIA/person1548_virus_2689.jpeg,train,PNEUMONIA,1.320610687,3.062054561,c0ad2fd0e7021f6fec3c6db42c9902d24f0f80b6c343cd3dd2504f07fda17bc2
D:/chest_xray/train/PNEUMONIA/person30_bacteria_149.jpeg,train,PNEUMONIA,1.436619718,2.811552553,99442d6ae7a89e04c21e1afafa010e19101f09c3190f4bdf952779f59f476d3f
D:/chest_xray/train/PNEUMONIA/person1015_virus_1702.jpeg,train,PNEUMONIA,1.05,3.513520475,c0846f5e300b912511b7759274bb76e976af7205703f720672b7709271b2fd92
D:/chest_xray/train/PNEUMONIA/person1062_bacteria_2996.jpeg,test,PNEUMONIA,1.19,3.088893383,91422dbcc6941e50dc7a4b781d68c8300df2bda6cbde97050b5e874f1e4f1f4b
D:/chest_xray/train/PNEUMONIA/person585_bacteria_2416.jpeg,train,PNEUMONIA,1.735632184,2.897619795,d00aeef5e3d0934bc12f1927e0346e12f0f26d42f4a769e8be9fe1e1ce144368
D:/chest_xray/train/PNEUMONIA/person299_bacteria_1414.jpeg,test,PNEUMONIA,1.703125,2.828124054,d5fffff4ef801a0d82345b6d3cf60f422c0c12d54f25137c454b2d1254fa6986
D:/chest_xray/train/PNEUMONIA/person1301_virus_2241.jpeg,train,PNEUMONIA,1.382022472,2.990802,905a3ba0e3843a56da6f5c6439e194f25ed3b0f35af11eba78ac9e207c2586a5
D:/chest_xray/train/PNEUMONIA/person351_bacteria_1622.jpeg,test,PNEUMONIA,1.265957447,2.697055038,994e23b5e7a01e87c6591e58b0f46a539c3369c33c21f352270d38722dafb2be
D:/chest_xray/train/PNEUMONIA/person1348_virus_2326.jpeg,train,PNEUMONIA,1.479338843,3.034120453,d02a2bf5ffd0564b5e0dd22d5b6c1e28463c47923c9734b705eb1483949f45b3
D:/chest_xray/train/PNEUMONIA/person24_bacteria_111.jpeg,train,PNEUMONIA,1.224299065,2.967822881,95506aabe2b51fc05b405d2d5d2548f84838f42c7cf46a3c6b4b5ed25a5e5fc2
D:/chest_xray/train/PNEUMONIA/person737_bacteria_2640.jpeg,train,PNEUMONIA,1.594202899,2.862077558,81553eaaee1f747ab44a3a81ea41cf4bce8d2a82aa8a4acb57c356aa0eaf0eab
D:/chest_xray/train/PNEUMONIA/person1445_bacteria_3734.jpeg,test,PNEUMONIA,1.005181347,3.341559153,d80539ba57bed6d51e5b195b29ee01f427c0a6c5a707adc62c9788f0c0f189e3
D:/chest_xray/train/PNEUMONIA/person255_bacteria_1160.jpeg,val,PNEUMONIA,1.608695652,2.717876426,d14038a1e4951fd2165fc37f4f48182fde3f4f4a120d7bfccf29081e7f584251
D:/chest_xray/train/PNEUMONIA/person1917_bacteria_4823.jpeg,train,PNEUMONIA,1.588785047,3.019573864,d5402fffc2901b42ab2d4bd4860060d028024083abebbe4be3c3f5f4fc3f7dfe
D:/chest_xray/train/PNEUMONIA/person341_virus_699.jpeg,test,PNEUMONIA,1.244274809,3.359734615,d40a29f5e3502b40ec2568ac2ca949fa3cefc0ff49f71c75ca7c1c36e8e16968
D:/chest_xray/train/PNEUMONIA/person336_bacteria_1553.jpeg,val,PNEUMONIA,1.472527473,2.915605558,c8f635cde3093e6fcb3c2e34ba1061343e0878e166ca9b4960ce930b78f973e9
D:/chest_xray/train/PNEUMONIA/person945_bacteria_2870.jpeg,train,PNEUMONIA,1.475609756,2.758091091,81aa7f95500750fe4bd05fef6aaa2b503a80088015002adf16d51553bff75fff
D:/chest_xray/train/PNEUMONIA/person37_bacteria_189.jpeg,val,PNEUMONIA,1.672768879,3.200329674,945f71a8a7805a57e94b3d0f68343ce37dc7c1863483ca53dfcf90f009283e3d
D:/chest_xray/train/PNEUMONIA/person653_bacteria_2545.jpeg,train,PNEUMONIA,1.448979592,2.725550446,c0fa7e816d471f3e5fbdcf3739926de087890ada0fe907cd075c0d4a96180878
D:/chest_xray/train/PNEUMONIA/person1097_virus_1817.jpeg,train,PNEUMONIA,1.533333333,2.979090938,905f74a8c7951a52c7021f26f57ade39687197074870e1e3ef1e69e1b49e4929
D:/chest_xray/train/PNEUMONIA/person3_bacteria_11.jpeg,val,PNEUMONIA,1.260504202,2.949113978,94006eab02f10b5201ef1fa5ea1c1f047c3647fe1cb743f03c301ff0dfe13cfc
D:/chest_xray/train/PNEUMONIA/person1056_virus_1755.jpeg,train,PNEUMONIA,1.533783784,3.136485433,d42fb5d0e3d13f0deb343de3e8b26c2138b64d093834492d0a0f41f02d3d5f7e
D:/chest_xray/train/PNEUMONIA/person788_virus_1419.jpeg,train,PNEUMONIA,1.320626276,3.207037917,d441ecbf86b51b40ad3a3cdacc780cb0c8368f3e5c3d8f2c4f0c69f04fa1691f
D:/chest_xray/train/PNEUMONIA/person1432_bacteria_3699.jpeg,train,PNEUMONIA,1.544303797,2.994204598,d40abcb7e6f41bc0b34bcfcd3d0fb3b44f492d343ada4d061e3ca9da0c108cb4
D:/chest_xray/train/PNEUMONIA/person1599_bacteria_4201.jpeg,test,PNEUMONIA,1.319444444,3.271705105,d0bf3cc04540ab3d5c3a55f228555cb7aafb7dc300b7ab805d06fbe5d3c35420
D:/chest_xray/train/PNEUMONIA/person383_bacteria_1748.jpeg,train,PNEUMONIA,1.341463415,3.069936153,c12a2fb5f2903a5ad36869e01d0542966daad6be69de1427c15f474f1e1663cb
D:/chest_xray/train/PNEUMONIA/person705_virus_1303.jpeg,train,PNEUMONIA,1.245098039,3.259240279,94402beee3fe1fe0d605c6951e1652171f7a5a5f876b1f2838790f290c2be1e1
D:/chest_xray/train/PNEUMONIA/person1453_bacteria_3771.jpeg,val,PNEUMONIA,1.634615385,3.403221897,d02862f5d2c21f03e92f01b528f380b92c5b94bfc3c37d0bd2f43c647d6fc3c4
D:/chest_xray/train/PNEUMONIA/person802_bacteria_2708.jpeg,train,PNEUMONIA,1.297631308,3.283020763,915563fac7e01e85c43f1e743870cb50387b71c30a03f19ec78f593c11d4cf8f
D:/chest_xray/train/PNEUMONIA/person1266_virus_2158.jpeg,val,PNEUMONIA,1.373831776,3.203922496,d8002fd243480f29aab620fe3cf9a15ba5ff16dfa36f35cae803e8b43c107c2d
D:/chest_xray/train/PNEUMONIA/person100_virus_184.jpeg,test,PNEUMONIA,1.393939394,2.936641441,915f7faae7f19641da569f243b1abe396b493c0969dc4b413921487829874ed2
D:/chest_xray/train/PNEUMONIA/person339_bacteria_1574.jpeg,train,PNEUMONIA,1.594276094,3.319522869,d110ffee63a03e12ca5e5f48587d163d4c15906947953cea2da74e4ac5b59647
D:/chest_xray/train/PNEUMONIA/person1320_bacteria_3346.jpeg,test,PNEUMONIA,1.324503311,3.070963306,942a2bd54740152b5ead4ab02ed86ac8c2cd4d3de1fecbaa6838c1f5c21768ff
D:/chest_xray/train/PNEUMONIA/person370_bacteria_1691.jpeg,test,PNEUMONIA,1.192982456,2.89608232,906a2bf5e2801e5ad07a187019a5c1af1d8e91ce96d09ed3ebc3fe21fc61f585
D:/chest_xray/train/PNEUMONIA/person1883_bacteria_4769.jpeg,test,PNEUMONIA,1.220512821,3.566725375,81557ba04c075cd27842494f692f39bc5df48e9a39d894e286531cf115eccfe7
D:/chest_xray/train/PNEUMONIA/person971_bacteria_2896.jpeg,train,PNEUMONIA,1.147239264,2.893925117,90aa6a802fd4055f050a1faa1fab0f0f1d060f2e6e3e7da96f1e2d68af0fea58
D:/chest_xray/train/PNEUMONIA/person1680_bacteria_4455.jpeg,test,PNEUMONIA,1.808823529,2.923544353,917a3fa8e6951a5ebc68cbe13b4b90fdcb493d2bf0f4c94a388641e8a5241a9e
D:/chest_xray/train/PNEUMONIA/person435_bacteria_1879.jpeg,test,PNEUMONIA,1.72,2.707092302,957a2f807a075a4a472d1866478b78cf65eb78aa51a64b12c5a74f2730f1ed17
D:/chest_xray/train/PNEUMONIA/person380_virus_763.jpeg,train,PNEUMONIA,1.666666667,3.066349437,d02936fff3da0b6995270d04b00940142c001412e1e83c43f6fafdbff3efe7ad
D:/chest_xray/train/PNEUMONIA/person1702_bacteria_4509.jpeg,train,PNEUMONIA,1.641975309,3.051166387,d4a429dae3c95f04db0f6d341e12d92b069a1e00a418061abd5b6fdb7a7d52fd
D:/chest_xray/train/PNEUMONIA/person1528_virus_2662.jpeg,train,PNEUMONIA,1.60952381,3.026786403,91fa42a0c6955a5ec16c283fa0bb06b5385e818f4f1fd168d6877968ff69c61c
D:/chest_xray/train/PNEUMONIA/person1507_bacteria_3946.jpeg,test,PNEUMONIA,1.204081633,3.462176066,c0552fba37aa42950f5b4e3f5a3c1c3c592d797dd0a5682db52d35853d0b0587
D:/chest_xray/train/PNEUMONIA/person377_bacteria_1718.jpeg,train,PNEUMONIA,1.594594595,2.889772245,85fa7e85e616386801694b252d321241680b02a54e9a692cb2d7696defdffbdf
D:/chest_xray/train/PNEUMONIA/person62_bacteria_298.jpeg,train,PNEUMONIA,1.447257384,3.211582953,940068bbedf5ba8082810a439b4f4f21d96c4b3f0c3f39b56e3f49e97b07cd38
D:/chest_xray/train/PNEUMONIA/person534_bacteria_2252.jpeg,train,PNEUMONIA,1.542553191,2.895164974,90af3dd4e3d0974bdb2f4a3c6f28425869e83a50697845522dd22d7d6d3c69e1
D:/chest_xray/train/PNEUMONIA/person55_bacteria_265.jpeg,train,PNEUMONIA,1.450570342,3.138574463,c14535fef5aa4f81e61f4e1fb65a68613f0060b11d0906a5a1e5a50fda979f5a
D:/chest_xray/train/PNEUMONIA/person145_virus_294.jpeg,test,PNEUMONIA,1.506666667,2.857562381,91573deae7a45e96be5ac6794f61be3dce318f0138a4c8a525a21a96c4b287a1
D:/chest_xray/train/PNEUMONIA/person313_bacteria_1460.jpeg,train,PNEUMONIA,1.470198675,2.945390366,91176deae7a13e95965e4a54b86e4a708e50d3ac6f4b34e5cbc2c62f39c1850b
D:/chest_xray/train/PNEUMONIA/person1390_bacteria_3535.jpeg,train,PNEUMONIA,1.808219178,2.968029652,c1f93080c7161e4bed2dcf25392ec6a14f4b35a5d3c26d2e9292eda73c166da2
D:/chest_xray/train/PNEUMONIA/person280_virus_577.jpeg,train,PNEUMONIA,1.22,3.341294241,81522bacd6a05e45d47f485e1c2b410d5964180f638e1ade4aded7fe5b5a4b5e
D:/chest_xray/train/PNEUMONIA/person43_bacteria_216.jpeg,train,PNEUMONIA,1.655913978,2.692563073,91ff3ff5c2125a4adc6848f03c87283f85a51ace9b4ad3581b4af2dce788f00d
D:/chest_xray/train/PNEUMONIA/person1628_bacteria_4298.jpeg,train,PNEUMONIA,1.347107438,3.192123824,d4bc7c4027430b2f1f2e4db63ff26c933861d2d17dd238ba64c097982e6c1db4
D:/chest_xray/train/PNEUMONIA/person385_virus_770.jpeg,train,PNEUMONIA,1.404494382,3.096167379,d040afbfe2bf1f51c72f4b561c29489c1da05c354d6a1e174bda1d323c0f0f3c
D:/chest_xray/train/PNEUMONIA/person1637_bacteria_4339.jpeg,train,PNEUMONIA,1.260416667,3.044415081,914fa194c6900a4fc2262a00a039ce117c29f3c66d3ff1f5df1f7cbce387693c
D:/chest_xray/train/PNEUMONIA/person445_virus_912.jpeg,val,PNEUMONIA,1.452991453,3.258436634,d4007cbfa3bf1fb5b3461b4a3b2f2d3e3ca02f441eb03c1607c20e9d2f0f968a
D:/chest_xray/train/PNEUMONIA/person139_virus_283.jpeg,train,PNEUMONIA,1.481203008,3.156886049,d40a7cb4a3d61b0be32dbf24a9fe071c387c4bd2ac3f21c1a8583c3c2f07e3e8
D:/chest_xray/train/PNEUMONIA/person33_bacteria_173.jpeg,train,PNEUMONIA,1.72,2.941578803,d0bb3e90e7023e59b6fc4b141c1ec6312f0bbe3dcb553d3f4216052f1827827e
D:/chest_xray/train/PNEUMONIA/person1008_bacteria_2939.jpeg,val,PNEUMONIA,1.565656566,2.992141264,95e86a050b5e4fe95fac59aac1b269c4c13cd160d360f07fe3d553cd50c555d2
D:/chest_xray/train/PNEUMONIA/person338_bacteria_1567.jpeg,train,PNEUMONIA,1.280991736,2.999689506,85fa6e85c7164a5ac52d4a8548cbc7aa78cac5e2d5967d1aa71d3c5b15971714
D:/chest_xray/train/PNEUMONIA/person1216_virus_2062.jpeg,train,PNEUMONIA,1.381818182,3.137507444,d00a7eadc6f41b509b0a813f399f803f42b52876f4f147da7c5af4b46d007978
D:/chest_xray/train/PNEUMONIA/person1168_virus_1966.jpeg,train,PNEUMONIA,1.445783133,2.847521725,d4002bbdc3c21e0bd53c1fc0d4b54beab4a3c2d3b585c21417a59a7d0f5f17ae
D:/chest_xray/train/PNEUMONIA/person277_bacteria_1305.jpeg,train,PNEUMONIA,1.779069767,2.693324247,978a6a3c8e780aeb8b4f1a6d694a871e7952e71bec5521dbbff03ad2858118c2
D:/chest_xray/train/PNEUMONIA/person1429_bacteria_3688.jpeg,train,PNEUMONIA,1.117647059,3.201643166,c1403df4e2eb4b613e3f69793c69687d3d60785369e21a524a7a96d65a4b40f8
D:/chest_xray/train/PNEUMONIA/person1038_virus_1733.jpeg,train,PNEUMONIA,1.474137931,3.246206617,d0afb3d0ea403e25d2bd5ca0d4975581102541691c0d4d7c3f213e59ef96bf3f
D:/chest_xray/train/PNEUMONIA/person71_bacteria_347.jpeg,train,PNEUMONIA,1.29,2.893182853,8aaf2a808d051c3d0abc1ad11d45cb5a9fe9da5bd73bbefed7589e003c183690
D:/chest_xray/train/PNEUMONIA/person1368_virus_2353.jpeg,train,PNEUMONIA,1.259541985,3.239596179,940b7ee083551b02432a1fa04cde4ebc18be4bea5f393b4b87e91a7b0e4f0fa3
D:/chest_xray/train/PNEUMONIA/person1343_bacteria_3413.jpeg,train,PNEUMONIA,1.601851852,3.02376304,91eafac1ef16152d4564572f4be91bc13bcf4b840e200a218671597175d37dfa
D:/chest_xray/train/PNEUMONIA/person1599_virus_2775.jpeg,test,PNEUMONIA,1.279279279,3.180080109,94436ca1e3843a42a52e698f3cbf04f3298790ef4f8fb46f6de17964fc684f00
D:/chest_xray/train/PNEUMONIA/person1333_bacteria_3384.jpeg,train,PNEUMONIA,1.670212766,2.949364109,d06a3fd4e702d70f4c2d1a346afa19b344d949d350c7d8fb7a7a4c302c3d4c59
D:/chest_xray/train/PNEUMONIA/person734_bacteria_2637.jpeg,train,PNEUMONIA,1.559020045,3.311799534,d4156ee803855a52c56e19bc41f21cbe78f285863eba2f431f1f6bc36b0e0fa1
D:/chest_xray/train/PNEUMONIA/person552_virus_1092.jpeg,train,PNEUMONIA,1.645454545,3.105674952,d02b37f5c3d01f4bec2649c2900b41c40803901563293437f3f0fd2ffff2eff1
D:/chest_xray/train/PNEUMONIA/person719_bacteria_2621.jpeg,val,PNEUMONIA,1.280898876,3.205453487,941f4fa8af950f5a8d49497dc1f469f6e3d2dd72e3e05a346174585648f44215
D:/chest_xray/train/PNEUMONIA/person574_bacteria_2372.jpeg,train,PNEUMONIA,1.454545455,2.687372667,c1ab3c85b6c44b4b942adb5ac7019259683dbe305a2a5d2a7eead92e6925fa55
D:/chest_xray/train/PNEUMONIA/person624_bacteria_2497.jpeg,train,PNEUMONIA,1.605790646,3.250073282,d148bfb482d30f4bc6384f3992714be239e74967258432de6db43a5e616c92d3
D:/chest_xray/train/PNEUMONIA/person1031_bacteria_2964.jpeg,test,PNEUMONIA,1.517647059,3.074658585,d4006bffebb5078282171b583b4b436d3b6c52741d6ad3ffc384707c6968481f
D:/chest_xray/train/PNEUMONIA/person385_bacteria_1766.jpeg,train,PNEUMONIA,1.814285714,3.005104854,942a2bfde3a03f82ea0e073ebe10c2699f69cb49cb6d3870d2d2969a92db1e1a
D:/chest_xray/train/PNEUMONIA/person267_virus_552.jpeg,val,PNEUMONIA,1.822916667,3.00590043,91fa6fa1e7573a5ab06c6b14fc106eb13c4ab0e06f0a3c387ad2b14eb6d06b1a
D:/chest_xray/train/PNEUMONIA/person366_bacteria_1664.jpeg,train,PNEUMONIA,1.525641026,2.814540286,d0243fdae3c01905949c50c816c99235b13596d3e59bd5beed36adb6899e2597
D:/chest_xray/train/PNEUMONIA/person319_bacteria_1479.jpeg,test,PNEUMONIA,1.487179487,2.808146404,94556afbaa951a0a83693b452c304c927cdb54d9754bd7bc575a54fc425e071d
D:/chest_xray/train/PNEUMONIA/person835_virus_1472.jpeg,val,PNEUMONIA,1.464788732,3.157940159,91fa6aa8a2051816216b7d295d575d1b7cdb4d836b1c6f8f2dcb6c986d0a65c8
D:/chest_xray/train/PNEUMONIA/person1332_virus_2300.jpeg,val,PNEUMONIA,1.714285714,3.252995679,900a6db5e7903e52e2690b6cbb3c43d138c761e56bc2b0f6a6927d87e3c06f0b
D:/chest_xray/train/PNEUMONIA/person733_bacteria_2635.jpeg,train,PNEUMONIA,1.310344828,3.221623216,c1023bbfd2c05f40d40b4a7f3ebd43fd6dea1ac54bf21a865a4a43c01adb434f
D:/chest_xray/train/PNEUMONIA/person603_virus_1164.jpeg,test,PNEUMONIA,1.576086957,3.009915545,d40225afc3d43f0adf7d4b64bd244b743d224af6e5a0381ecf4397a5e0da8705
D:/chest_xray/train/PNEUMONIA/person70_bacteria_345.jpeg,val,PNEUMONIA,1.638888889,2.880739269,90af2bf5eb029e0dc27d1f44d9254bd43c0240db15cbd2dfa7ca9e17a1f88345
D:/chest_xray/train/PNEUMONIA/person993_virus_1671.jpeg,train,PNEUMONIA,1.720930233,2.998647887,d02bffe0e7d61b5b816f8b25392493380b801c2200b40da739ef92fa1f2f3e7e
D:/chest_xray/train/PNEUMONIA/person1075_bacteria_3015.jpeg,val,PNEUMONIA,1.333859511,3.140862521,915a3d55e615385abce1b5813d96b39c3395329712cb17eb1c6b0d6a0f470d71
D:/chest_xray/train/PNEUMONIA/person325_bacteria_1498.jpeg,val,PNEUMONIA,1.482352941,3.213465829,d00a2bfdfb805686d21f44583e09405915291d2ba5e53c7c69ef658f69caede6
D:/chest_xray/train/PNEUMONIA/person503_bacteria_2126.jpeg,val,PNEUMONIA,1.342105263,3.155092604,90576ba8e2953a53c86978e5c9a578c7691a92fc1a4bc2691a719f3996d0cf1e
D:/chest_xray/train/PNEUMONIA/person582_bacteria_2404.jpeg,train,PNEUMONIA,1.221428571,3.485127932,880a2fff76801e5335286bf01de14965158e1a56c75c971e1e5e179c3f5b2d52
D:/chest_xray/train/PNEUMONIA/person583_bacteria_2406.jpeg,train,PNEUMONIA,1.272287491,3.050190248,90eb7407c781384b96383d2939e66cf23cf334b22c33b5bc4e183dad4f0f3c61
D:/chest_xray/train/PNEUMONIA/person1271_virus_2164.jpeg,train,PNEUMONIA,1.064516129,3.309482298,d0033eaba7bd2f513f43b52d4b2d396434ed29e12dc120e148d32c5b34bd6c5b
D:/chest_xray/train/PNEUMONIA/person61_bacteria_294.jpeg,val,PNEUMONIA,1.620253165,3.001098949,c02aeea8e7d03a5397055b4b93a31b16b16f1b04396c9b2d9e681a7e0f6f5685
D:/chest_xray/train/PNEUMONIA/person1411_bacteria_3602.jpeg,train,PNEUMONIA,1.237804878,3.193568432,d5446abf6aa0010055155d3f5df748a21dc208e30feb1fe32be9177d2b7505e5
D:/chest_xray/train/PNEUMONIA/person605_virus_1166.jpeg,train,PNEUMONIA,1.237037037,3.259265981,d00174ab96bd1a04ed2e3d2a287b853838b5805b1e0b285686ad7c1fe7cb3eff
D:/chest_xray/train/PNEUMONIA/person27_bacteria_138.jpeg,val,PNEUMONIA,1.576506955,2.82136352,80aa6bfae2813e17c35e1e59c8699ea57cb6879034b0b83f1fcb5892c3c29c97
D:/chest_xray/train/PNEUMONIA/person498_bacteria_2100.jpeg,train,PNEUMONIA,1.247100803,3.382509021,91572ba0c2855a175c7a59e85da45d9659c71dc7c1df5b421e71d9685b435871
D:/chest_xray/train/PNEUMONIA/person838_virus_1476.jpeg,train,PNEUMONIA,1.506024096,2.721475718,d4517ebb47851e52c36b5b4b100a4fd13c4b70b525cb03f50cf33ca768d625ea
D:/chest_xray/train/PNEUMONIA/person1406_bacteria_3574.jpeg,train,PNEUMONIA,1.582524272,3.309671791,d0bd3f5075431f2ff63e7db0fcf1fae97ca3f0d2e8a2f83ae009e012f008c004
D:/chest_xray/train/PNEUMONIA/person1724_bacteria_4549.jpeg,train,PNEUMONIA,1.576086957,3.1427076,dcca6efde3d41b43c32f4f257906c7187828f4b44da0382da6e16e0334da6bca
D:/chest_xray/train/PNEUMONIA/person1666_bacteria_4416.jpeg,val,PNEUMONIA,1.753846154,3.135886408,d4ea7e81e7103c4a8d2428943cdbcedb3cef9efc0e381c2986891c389cb3cf1e
D:/chest_xray/train/PNEUMONIA/person1597_bacteria_4188.jpeg,train,PNEUMONIA,1.208333333,3.251723495,957afe81a7d5175f416d1d243cfa0ce30cf604ca0e9b0dfa0e9f0c3e030f1e1e
D:/chest_xray/train/PNEUMONIA/person441_bacteria_1903.jpeg,val,PNEUMONIA,1.380952381,2.905123677,c5ee3fd5d652185b98608b616da7dcb4cfb07e9519f5df400428bb08012fbed0
D:/chest_xray/train/PNEUMONIA/person470_bacteria_1998.jpeg,train,PNEUMONIA,1.392857143,2.802263717,d95b3e84e7561a4bc16a1f3130f0c72178d361c37ed771d393866cb036700f9a
D:/chest_xray/train/PNEUMONIA/person881_virus_1531.jpeg,train,PNEUMONIA,1.536842105,2.985989642,d0ad36fac3d00f279e1eed293cb4c87a6d803a4bc9e5a7c3384fc5a4870c386d
D:/chest_xray/train/PNEUMONIA/person40_bacteria_203.jpeg,test,PNEUMONIA,1.23015873,3.116725183,915e2ba8ea805e5a5e7a4beb1ca34a120d281be6c56a97d04f5ac7bfc9e30873
D:/chest_xray/train/PNEUMONIA/person1452_virus_2484.jpeg,train,PNEUMONIA,1.670588235,2.854920434,91eaea87ee1e9a7b87415f751140dea15a6073acb6bc69a12614cc6129ad6afa
D:/chest_xray/train/PNEUMONIA/person1270_virus_2163.jpeg,train,PNEUMONIA,1.391304348,3.232000231,905a39b4e6841a52b24fcf780a7b84ff0b7f14fc0bf42c07b0f0e307af0fb8d0
D:/chest_xray/train/PNEUMONIA/person278_bacteria_1313.jpeg,test,PNEUMONIA,1.756410256,2.923847461,90aa2ba0eb023e0eee3a4a583d2bca7dbd6d5e15c5685d87496a45ad0c7ac7a9
D:/chest_xray/train/PNEUMONIA/person1721_bacteria_4546.jpeg,val,PNEUMONIA,1.421568627,3.194973254,d4146ebdaf555d5a5c790c654cd46cd26c8b4e8f801df715d313911fb3871942
D:/chest_xray/train/PNEUMONIA/person894_bacteria_2819.jpeg,train,PNEUMONIA,1.609913793,2.698252567,9815394ae1ff3dfac0380bfee87287ea3f0068f01af0383f91e0c70f987c6b68
D:/chest_xray/train/PNEUMONIA/person939_bacteria_2864.jpeg,test,PNEUMONIA,1.340909091,2.695254826,d0a929f7ebd21f40de0d4b5f1f3c4f084f711c3d4c1c0d705c0fc6bf0ea1283d
D:/chest_xray/train/PNEUMONIA/person604_bacteria_2462.jpeg,train,PNEUMONIA,1.676056338,3.045963144,d54228adf2fe1fc0d2074a5e1e7a725b173d4a47c3821ef8795812c40f5ac3cf
D:/chest_xray/train/PNEUMONIA/person402_bacteria_1812.jpeg,train,PNEUMONIA,1.534246575,2.65117232,9aaa3ffaef413f17df3edba81c12da183a829a8992d594d784d590de454c041e
D:/chest_xray/train/PNEUMONIA/person497_virus_1005.jpeg,train,PNEUMONIA,1.234899329,3.087829967,91422bbdc2901a47e02d4a62642b6fd9796bebfe797a78fe4b8338684a581e0b
D:/chest_xray/train/PNEUMONIA/person469_bacteria_1994.jpeg,train,PNEUMONIA,1.354773869,3.36416864,90002affeae45fd0c4030a77382fc0bd3d70f9f45fc2989ec3cb1e70586d4f0e
D:/chest_xray/train/PNEUMONIA/person419_virus_857.jpeg,train,PNEUMONIA,0.991701245,3.214325585,d1402abf07ba7b44782469a858e95cf151d017d8928a529e57ded65fca5e4b47
D:/chest_xray/train/PNEUMONIA/person301_bacteria_1429.jpeg,train,PNEUMONIA,1.615975422,3.122071014,9455617fb7955e17c54b5a29976a5e28b8691eb5c15747a0685495ab48f38b4a
D:/chest_xray/train/PNEUMONIA/person677_virus_1268.jpeg,train,PNEUMONIA,1.810126582,2.82698814,c0fc6f42d70f1f2d8db40d92189980d00c0338cb4e033c3d3e686f3ebe3c7ffa
D:/chest_xray/train/PNEUMONIA/person441_virus_896.jpeg,train,PNEUMONIA,1.504504505,2.986248213,94fc6e95c55a5978c5a7c49aca9bca2dd934d1576057689ac03bd23f93271407
D:/chest_xray/train/PNEUMONIA/person759_virus_1387.jpeg,train,PNEUMONIA,1.705128205,2.778283335,c0f86ec0a70b093c83b66937e5b16949b4c143c0f1edd3cbd0fcd7c54174935d
D:/chest_xray/train/PNEUMONIA/person929_virus_1589.jpeg,train,PNEUMONIA,1.114634146,2.979307482,9c452fffe7bb1ec15a5a696a3da344961c431c0d470d1f5a4b5a4b7c3c2c6350
D:/chest_xray/train/PNEUMONIA/person1571_bacteria_4108.jpeg,train,PNEUMONIA,1.456896552,3.165586269,91eaafd4e615ba5ab078e1a330a7813fa1bd104fe07b831a3c50e731ff107d25
D:/chest_xray/train/PNEUMONIA/person890_bacteria_2814.jpeg,train,PNEUMONIA,1.671052632,2.905890225,ceea6168c1a56e9eea586c601c037fcf3fb79bd207de0b0a08ab0025157517fd
D:/chest_xray/train/PNEUMONIA/person1176_bacteria_3123.jpeg,train,PNEUMONIA,1.242990654,2.78422599,d4006aff5ffa575543474a495e294f9e59ff591d0b2018305b305f78533643d2
D:/chest_xray/train/PNEUMONIA/person383_bacteria_1751.jpeg,test,PNEUMONIA,1.299212598,2.990081242,c4aa3ed4b3503a0a812d51b46db297ac7ed06830c2d10ed51e7bd2ef4f9a9b2d
D:/chest_xray/train/PNEUMONIA/person608_bacteria_2473.jpeg,train,PNEUMONIA,1.773809524,2.783032135,90aa2aa8278f1b2ac1751c3469f20fa326d14649e67de6d0c7699679c65b963f
D:/chest_xray/train/PNEUMONIA/person1720_bacteria_4545.jpeg,train,PNEUMONIA,1.777777778,2.948744116,d0fff4a1c6955a5ac5293a06f1781e3579709685695ec7a1785eb5a14e16e168
D:/chest_xray/train/PNEUMONIA/person1596_bacteria_4184.jpeg,train,PNEUMONIA,1.385620915,3.365779636,d14aed84a7ff3a4bef243afe86b06c1020f44c1438294f1f38f369b42d3f1ac5
D:/chest_xray/train/PNEUMONIA/person490_bacteria_2069.jpeg,train,PNEUMONIA,1.499474238,3.120131757,d02e2de4c7801e569b4b4a6bb12dcb543d6f79d38d02948febc2960f685a87c3
D:/chest_xray/train/PNEUMONIA/person372_bacteria_1706.jpeg,train,PNEUMONIA,1.488095238,2.715248431,9dff3aa0c7001e6a94a91be1b9ae96975d5ab4eace4a9438c638472714bc0e37
D:/chest_xray/train/PNEUMONIA/person544_virus_1075.jpeg,train,PNEUMONIA,1.327272727,3.219998981,902babf4e3c0bf41c43d5d60140b41da3d07f0d74b855c1f51f8570f5adee9a4
D:/chest_xray/train/PNEUMONIA/person1932_bacteria_4843.jpeg,train,PNEUMONIA,1.540540541,2.977215131,95e93d56e25e4b48586d78e579e37fcf5cbe4892018b109e09386b398bbc292c
D:/chest_xray/train/PNEUMONIA/person1682_bacteria_4459.jpeg,train,PNEUMONIA,1.505376344,2.948809148,91fb7835c713384bbd652d273986c1806c0938e4c244493318e4cf7e3cf779f7
D:/chest_xray/train/PNEUMONIA/person30_bacteria_156.jpeg,test,PNEUMONIA,1.670731707,2.795656003,caefaae0ab8938358394299791d366d93c7d77d26d6cd69a4e385414c91e2836
D:/chest_xray/train/PNEUMONIA/person1269_bacteria_3229.jpeg,train,PNEUMONIA,1.276923077,2.998244418,d43e6ea107d4404a4d2878b7ec12f818e9dd747d6097e01a722fe20fb2633e7e
D:/chest_xray/train/PNEUMONIA/person73_bacteria_356.jpeg,train,PNEUMONIA,1.471264368,2.889190119,c9452faa54b25ed457055ad51c024ab10d303c2d2b50f4bdb5fcad29e8fd2f6a
D:/chest_xray/train/PNEUMONIA/person621_virus_1194.jpeg,val,PNEUMONIA,1.286178862,2.925768168,94451cfb68aae1f963f43fa13ea4b496c690e79232923842b0dae2f6d60f0f0f
D:/chest_xray/train/PNEUMONIA/person348_bacteria_1603.jpeg,train,PNEUMONIA,1.232142857,2.863190079,d14a3bbdc6f21e42d22f113c18a4c1e211e79a4bc3791a1ad539b5b13c39ee3e
D:/chest_xray/train/PNEUMONIA/person537_bacteria_2262.jpeg,train,PNEUMONIA,1.446428571,3.043910783,917a6bd06a05580f4078096a29ef4ffd3da62bda2f8e1bdc078f0a4b01ab1ebe
D:/chest_xray/train/PNEUMONIA/person1399_virus_2402.jpeg,test,PNEUMONIA,1.434210526,2.908786656,d40aaef5a3d11b4f833f0bf0182882d0282290d36cc39849c5d7ff4bb4fedb7a
D:/chest_xray/train/PNEUMONIA/person486_bacteria_2053.jpeg,train,PNEUMONIA,1.230038023,3.353444482,91553baae6817e07de7f5bf039c1d82b11bd1c87d29e1a9c1e1ad3901e805e1d
D:/chest_xray/train/PNEUMONIA/person1328_virus_2293.jpeg,train,PNEUMONIA,1.572916667,2.832871084,c0adbf50f7405a2f502a4b7a1e174a5545f41aca61af47de1bed65824fca69a4
D:/chest_xray/train/PNEUMONIA/person934_virus_1595.jpeg,val,PNEUMONIA,1.675510204,2.740695186,900b7caae6b4e3d53a4be73d4ba6386b90e25387394bd3e0c3d0385a94be9652
D:/chest_xray/train/PNEUMONIA/person1361_bacteria_3477.jpeg,train,PNEUMONIA,1.568421053,2.839707359,d00235b5e3d41f42ce2d4b743c2062f83de07cb7e5d23c87c97b9f813876cd28
D:/chest_xray/train/PNEUMONIA/person1313_bacteria_3320.jpeg,train,PNEUMONIA,1.731182796,3.012148395,915e2fe0e6153a5ef87e69b4398668b66186388e4b6cc72d79634a618e0f296b
D:/chest_xray/train/PNEUMONIA/person712_bacteria_2613.jpeg,train,PNEUMONIA,1.204081633,2.779664137,95507ba8c7003e05701cc6f83ee1f0cb8ce85ce571e25c01503763e73fbd3bad
D:/chest_xray/train/PNEUMONIA/person968_virus_1642.jpeg,val,PNEUMONIA,1.504761905,3.207158418,9002bffd4790125b0e491f7d1c6618a347d45da31ef44df11e170e970fa71e17
D:/chest_xray/train/PNEUMONIA/person1275_bacteria_3237.jpeg,train,PNEUMONIA,1.43373494,2.927698664,91ab3ff5d680140f9c7dade83181a15fb39d395ce7ddaf49ed68cd4a0c048054
D:/chest_xray/train/PNEUMONIA/person579_bacteria_2384.jpeg,train,PNEUMONIA,1.666666667,2.736949611,d0ff6f94c7160a2a83210b262aaa86b57bb7f9a2ef826b9443b465b4496b01fd
D:/chest_xray/train/PNEUMONIA/person606_bacteria_2469.jpeg,train,PNEUMONIA,1.371900826,3.016745326,d8cf3fd4c7513b4bc93cc6703daed2944d011c1743c65d535975474b0f1790d1
D:/chest_xray/train/PNEUMONIA/person570_bacteria_2365.jpeg,train,PNEUMONIA,1.699363057,3.173628931,90506fa8e7843a1ec6781e51406b1ee5786f45cc7216e5eef797509e8780969f
D:/chest_xray/train/PNEUMONIA/person507_bacteria_2139.jpeg,train,PNEUMONIA,1.460526316,3.11371038,d0a929d4e3c03f03c90fcf2c3e02c31a4f0b6821c7a15f076dff65e13c3fa47a
D:/chest_xray/train/PNEUMONIA/person467_bacteria_1988.jpeg,train,PNEUMONIA,1.421568627,2.835525646,94fa6e8107061f3a45295cb645f055974957c7150bd6832b2aaaabaaaf9759d5
D:/chest_xray/train/PNEUMONIA/person699_bacteria_2598.jpeg,train,PNEUMONIA,1.518518519,2.67428322,8aa9aa8067822a0b9a7dc73c2b2c45b44f366f3414d06f253cdbabc565d4acfd
D:/chest_xray/train/PNEUMONIA/person1597_bacteria_4189.jpeg,val,PNEUMONIA,1.027027027,3.343104684,d02b2fd4d2005a6b582048f918a918a70bea1e6f8a7f2f693e388f782f3c3df6
D:/chest_xray/train/PNEUMONIA/person1471_bacteria_3831.jpeg,train,PNEUMONIA,1.582278481,2.808427955,c50ab0bfd2f01f40d2176f4abc3c4bc8bc254b70e5a5787aed05969749e0b497
D:/chest_xray/train/PNEUMONIA/person945_virus_1616.jpeg,val,PNEUMONIA,1.744680851,3.018475189,d02b7ef5c7d07f4af76d4f2c392481b4cb16b13881620836b1e1e13c0f1f996b
D:/chest_xray/train/PNEUMONIA/person844_virus_1487.jpeg,test,PNEUMONIA,1.510773131,3.150342897,d40a76b1c7401b4afd6f4fb02c92e4dbcbf3b4ae83b04d48b4fc6ed2281332d1
D:/chest_xray/train/PNEUMONIA/person586_bacteria_2418.jpeg,train,PNEUMONIA,1.506493506,2.801424966,ccb73fc0f3425a2f182067f710016cffb1662d93fd7f41883b4c793e82c83724
D:/chest_xray/train/PNEUMONIA/person415_virus_847.jpeg,val,PNEUMONIA,1.454545455,2.841374981,d15f7fa0c6003a4ac92cd5b039dad0c39bc118fecf755f7959344c341c1f03f2
D:/chest_xray/train/PNEUMONIA/person371_bacteria_1702.jpeg,train,PNEUMONIA,1.765625,2.841846631,905a2afdeb807f03f4af6bd23e8b605f35e13825e14b87852858c0ed87c41e5f
D:/chest_xray/train/PNEUMONIA/person1357_virus_2338.jpeg,train,PNEUMONIA,1.301470588,3.308005024,90036aa4e2573b47e92c78a128ef69e7386f12f73a1e968d2b4b38f4b6834b1a
D:/chest_xray/train/PNEUMONIA/person853_bacteria_2775.jpeg,train,PNEUMONIA,1.769230769,2.916706232,c1452badefa0ae96bc3eca52ab4ab24b7a6b12bd5b5a722b52e11a293a1d4a49
D:/chest_xray/train/PNEUMONIA/person942_virus_1611.jpeg,train,PNEUMONIA,1.421428571,3.109353237,d400f5ffb3f55b40e71e3f55b90b47d4284185c1284290d0ac8f3d4be2d27d6f
D:/chest_xray/train/PNEUMONIA/person55_bacteria_260.jpeg,train,PNEUMONIA,1.471544715,3.04954498,84bf3ed0ab524b0f4b3c1c2449e214b22cda48f200d3489e4fa9fee9e8fabebc
D:/chest_xray/train/PNEUMONIA/person4_bacteria_14.jpeg,train,PNEUMONIA,1.743243243,2.899776307,9002e2afefd43e9ec7eb3a0de03d39e0c2350c60f0bc4e3171c74bd6e1ea0e96
D:/chest_xray/train/PNEUMONIA/person1409_bacteria_3583.jpeg,train,PNEUMONIA,1.34591195,3.266052303,d00221d5e2d03f40e23f3ec47da361c23de361ef69cb309361ed69075bf44d69
D:/chest_xray/train/PNEUMONIA/person346_virus_708.jpeg,train,PNEUMONIA,1.77173913,2.954171825,c00f74b0c2d14b4ad73e6b0a933d4f203d2dc3d26d24ba7a6f4392f26df02c37
D:/chest_xray/train/PNEUMONIA/person1502_bacteria_3925.jpeg,train,PNEUMONIA,1.485436893,3.032772426,c0fd2f40970b172f1d3683b20b9b6cb9e3f0c341794f60e9c60d3e0d4e4dc793
D:/chest_xray/train/PNEUMONIA/person726_bacteria_2628.jpeg,train,PNEUMONIA,1.6,2.99023723,d00a2affabd46f41e2954b956c1745b45f2ad6ad5aac0aaf12bc85aa857a155a
D:/chest_xray/train/PNEUMONIA/person891_virus_1541.jpeg,train,PNEUMONIA,1.658227848,2.953934593,91ffeab5a7173b4b852c1d04a1380a1429758297491e83a95e1e1badc795ef7c
D:/chest_xray/train/PNEUMONIA/person1803_bacteria_4651.jpeg,train,PNEUMONIA,1.571428571,2.982031961,902efa85ef541c5a0169462d5c2dff802d5105e1418f78baeb87eb8739e553c7
D:/chest_xray/train/PNEUMONIA/person1172_virus_1977.jpeg,train,PNEUMONIA,1.150289017,3.07224166,945a6bb5e3c41a42d82f61b83c91d5f11bc2916fd3c7934b822dcb5c9a69ca78
D:/chest_xray/train/PNEUMONIA/person522_bacteria_2210.jpeg,val,PNEUMONIA,1.567307692,3.296214821,d42a6ea087d60b4b81251d978bfb8e073c36e78be792c5341a2e23c2a7f02fae
D:/chest_xray/train/PNEUMONIA/person458_bacteria_1950.jpeg,test,PNEUMONIA,1.411111111,2.77464622,d0f72f42e9013e7f4b3c0da4a8b72df038d269d23cd329f3af0639604f241a5e
D:/chest_xray/train/PNEUMONIA/person612_bacteria_2478.jpeg,train,PNEUMONIA,1.782051282,2.9753891,95f86ec7c70a1b68892d1cb479908c38c3e7c717ec83a08a18791c7f8f3cce9b
D:/chest_xray/train/PNEUMONIA/person317_virus_643.jpeg,train,PNEUMONIA,1.6625,3.073113835,915fbfb5fe005e4ad465416335a76d7fafb73b1ab3289308310a951495291535
D:/chest_xray/train/PNEUMONIA/person413_bacteria_1833.jpeg,train,PNEUMONIA,1.221311475,3.030543206,91577da8a5a11a9792de1a5b385b16b96a5aa5ca688369c76b8768704ea13c3f
D:/chest_xray/train/PNEUMONIA/person1592_virus_2766.jpeg,train,PNEUMONIA,1.389473684,3.268520694,8055e1bf87a85a45cf433c1ec3da3d0d79e01c8779f0a59f5807b5c1c87adb05
D:/chest_xray/train/PNEUMONIA/person540_bacteria_2271.jpeg,val,PNEUMONIA,1.279279279,2.980566296,dcab6fd493481b23c32f3a4ac69a1ad02cb58795bcf1c7ac0b4749e15ac44b4f
D:/chest_xray/train/PNEUMONIA/person481_bacteria_2042.jpeg,train,PNEUMONIA,1.283531409,3.400916848,dc512fbf02a11a414d0e59ae1c3446bd0c70d0fa1fed3d0fc79f2d4b30c74bc3
D:/chest_xray/train/PNEUMONIA/person612_virus_1179.jpeg,train,PNEUMONIA,1.198795181,3.077938023,d00a6bf5faa05a4a5d6d487c5db0588249fa1e654a5b83bc1e5a499e17f43d69
D:/chest_xray/train/PNEUMONIA/person1024_virus_1716.jpeg,train,PNEUMONIA,1.578431373,2.981783614,d02b72a1c7947a4ac72d3d2dc1a68e34787286874c5a658e9e2539699e3c9e5f
D:/chest_xray/train/PNEUMONIA/person1029_bacteria_2961.jpeg,train,PNEUMONIA,1.609756098,3.002114935,90ef3d80e5505e0a903f4b6a3a7c42bd4a7d1af44b603cb07be0ed69be6aa54a
D:/chest_xray/train/PNEUMONIA/person1044_virus_1740.jpeg,test,PNEUMONIA,1.367647059,3.101844852,904b3dd4e7901a4bc2342f007839c7b57f55f5f65e93290b83832879385acf9e
D:/chest_xray/train/PNEUMONIA/person445_bacteria_1929.jpeg,train,PNEUMONIA,1.493150685,2.719766349,94fabea19f051c7cc5381c1ae4da0e8a796cc7a44c12b2a11e162de5fe3f3d58
D:/chest_xray/train/PNEUMONIA/person913_virus_1570.jpeg,train,PNEUMONIA,1.654761905,2.961685097,d07f65a8c6953a1ec37a3d3eb46a4f013d2dc787ac126187ef0638f087078e78
D:/chest_xray/train/PNEUMONIA/person1508_bacteria_3949.jpeg,val,PNEUMONIA,1.325301205,3.136479298,906e3bf0e9012d57682f683838a138e769a739e738f709fc2a6f187f0a381e1e
D:/chest_xray/train/PNEUMONIA/person39_bacteria_200.jpeg,test,PNEUMONIA,1.479166667,2.865238329,90293fd5d60a187d1ca88aaa3f9f9ebcc7289a006a6ac3873ccfa8afe28f4aa5
D:/chest_xray/train/PNEUMONIA/person348_virus_711.jpeg,test,PNEUMONIA,1.305343511,3.217509197,c00b29d5c2801b4ad82f497a3dad68fc2be138d72bcb9f079a7b4b469a1f98e8
D:/chest_xray/train/PNEUMONIA/person1474_bacteria_3837.jpeg,train,PNEUMONIA,1.579710145,2.990205321,d40a72a9e3d05f02e14acf28780de5a87a07e8c38783781f9fc0ce9ff870bd2b
D:/chest_xray/train/PNEUMONIA/person1069_virus_1772.jpeg,val,PNEUMONIA,1.777777778,2.923912778,d42b60d5e3d21b4be52c3f24c3788f00796087806b4ba1f03e172d69e787fe5e
D:/chest_xray/train/PNEUMONIA/person1086_virus_1798.jpeg,train,PNEUMONIA,1.549450549,3.060459509,91ea3f95c617787ed8e549a170b65192103c309cc3099a70b90d8e5f9af737c7
D:/chest_xray/train/PNEUMONIA/person1220_bacteria_3173.jpeg,val,PNEUMONIA,1.340659341,2.679031969,deaebff06040172f5f7ed0b22efa1d3520d537d12d07b69f291544155259468a
D:/chest_xray/train/PNEUMONIA/person74_bacteria_363.jpeg,train,PNEUMONIA,1.641293014,3.254770691,91552baae6a05e17d65a5fd115694be339e36ab6538569b44b94398a6a564b4a
D:/chest_xray/train/PNEUMONIA/person264_virus_547.jpeg,train,PNEUMONIA,1.67032967,3.107532058,d00a62fdc7903a02e12f3d27fc7a6f403c61e4e36e5eb4adc7c1f87886891e1c
D:/chest_xray/train/PNEUMONIA/person1670_bacteria_4429.jpeg,train,PNEUMONIA,1.319672131,3.173680678,d4002bffe3fe0b421d0259555d595cad48f41c20689369e33eb07b7d5f4a1f15
D:/chest_xray/train/PNEUMONIA/person132_virus_266.jpeg,val,PNEUMONIA,1.484126984,3.118594768,d0bfff42a7490d2d01b401975d1f57e047cb04eb07ef4e5f0ff446d4086c03cd
D:/chest_xray/train/PNEUMONIA/person620_virus_1192.jpeg,train,PNEUMONIA,1.638888889,3.120970949,d4022ffdb3d67f0aaa3d59542c2040900c20101269b61e2debda7dbd7f3e6f3e
D:/chest_xray/train/PNEUMONIA/person427_bacteria_1865.jpeg,train,PNEUMONIA,1.431818182,2.659588686,98ae2baeca0f0a6f83fd6bc1b5956b94b485d2c50f69c2f96b4b30504b423e1e
D:/chest_xray/train/PNEUMONIA/person688_virus_1281.jpeg,train,PNEUMONIA,1.109375,3.054952293,855a2ffdf6a0b01633ffbb40e225f67e7a7895603b163d1cb830f460d424740e
D:/chest_xray/train/PNEUMONIA/person1576_bacteria_4129.jpeg,train,PNEUMONIA,1.272058824,3.298469135,c55f6ea18fd50b57896a0da10dd245c34dc1cdd2cf935f93c79a57921780c781
D:/chest_xray/train/PNEUMONIA/person1597_bacteria_4191.jpeg,train,PNEUMONIA,1.155688623,3.32012866,d0403abd56d61e00502b51f61beb5ae73de72da725271f033bab13ba3f4a82d0
D:/chest_xray/train/PNEUMONIA/person1141_virus_1886.jpeg,test,PNEUMONIA,1.617977528,2.661412458,88aa2a82ca155a7d6bf4ef972d158855cb678934db52cd24b2d26d12fd585d58
D:/chest_xray/train/PNEUMONIA/person441_bacteria_1911.jpeg,train,PNEUMONIA,1.405405405,2.762605311,940a2bf5b750380b90690f41b02f06a01c3a16fb4fbf97bf16fb9d2b90fa8783
D:/chest_xray/train/PNEUMONIA/person1561_bacteria_4077.jpeg,train,PNEUMONIA,1.794392523,3.130751768,91da6c81a6853a5a8f6b3b3d8b4f003d38750d5b3c301b86fd2b38707f4e1cb5
D:/chest_xray/train/PNEUMONIA/person373_bacteria_1708.jpeg,train,PNEUMONIA,1.5,2.810979172,90da6e81875f187a85257c366cf286b368d8cd8aee9cc9d9871edc5c0d0f961a
D:/chest_xray/train/PNEUMONIA/person1180_virus_2013.jpeg,test,PNEUMONIA,1.23655914,3.109598925,d0054effabd54f02ad2b7e05b41a4e844f50e1c04e073cc3e0d33e87be1fe1f8
D:/chest_xray/train/PNEUMONIA/person82_virus_155.jpeg,train,PNEUMONIA,1.495495495,3.112686973,d05762a086b55a14e96a3c2ee8e30caf48b7871e38794e5afc385f1ddf217870
D:/chest_xray/train/PNEUMONIA/person448_virus_922.jpeg,train,PNEUMONIA,1.543269231,3.112643356,90402baac3941e52c61f4b6d1c2443b53de561b3099e3e87e1de49c669cfcbee
D:/chest_xray/train/PNEUMONIA/person682_virus_1273.jpeg,train,PNEUMONIA,1.747474747,3.115432467,c0fdfe40af2b0d34c0124d8b95e54f4370e4436755a453e44f2cd2b8dbba7ab4
D:/chest_xray/train/PNEUMONIA/person1433_bacteria_3704.jpeg,train,PNEUMONIA,1.504854369,2.936474346,d4446fff47511501042a02a00cc1479347ca1db5577e4fff1ebf45f645a70de5
D:/chest_xray/train/PNEUMONIA/person1472_bacteria_3834.jpeg,train,PNEUMONIA,1.461538462,3.071399439,d00a2eadb6807a52b96a412d38f234fb60f3249f14bf4a5a169c34b96d787cbd
D:/chest_xray/train/PNEUMONIA/person418_virus_852.jpeg,test,PNEUMONIA,1.314102564,3.293256739,d95effa0e6813a0f823e0a1a385aca787d3b54eb410b28b7abfe253214d4f5a8
D:/chest_xray/train/PNEUMONIA/person61_bacteria_290.jpeg,train,PNEUMONIA,1.44047619,2.899010435,d40a2cb5e3d01f49c30f1d05f00f6d5c34b247b23cb409b52d27b3d2b7f4794b
D:/chest_xray/train/PNEUMONIA/person761_virus_1389.jpeg,train,PNEUMONIA,1.649350649,3.097647008,dfe93f00e01f1e7954e15dc33c4fed6d1c8638efa5b43c1421e445163d2dc3c0
D:/chest_xray/train/PNEUMONIA/person1363_bacteria_3484.jpeg,train,PNEUMONIA,1.394495413,3.266729985,90556beae3803e15fa5a5af939ef4eb50f5210ff0fc6135aead41e03e252c242
D:/chest_xray/train/PNEUMONIA/person278_virus_575.jpeg,train,PNEUMONIA,1.362204724,2.76833672,94fe7a856d501c0b422928ad6cf16f913dd76de33cff45305418541857877cf8
D:/chest_xray/train/PNEUMONIA/person630_bacteria_2514.jpeg,test,PNEUMONIA,1.21875,2.904385767,80aaeaa0ab550b5f416d4964e0aa687ae0d5d39f5b0b978f9ad9c3873d7065e4
D:/chest_xray/train/PNEUMONIA/person1466_virus_2543.jpeg,test,PNEUMONIA,1.451398136,3.083863045,901529eae3a03e85d616c2de3e5a4a7af7495a78c5791e2d386d41e15c6bf0b1
D:/chest_xray/train/PNEUMONIA/person760_bacteria_2664.jpeg,val,PNEUMONIA,1.320987654,2.871644913,d0146ef8e3807a16e16a7bac697587f22c3fc65d47c342cd06e11e6992c1c7e9
D:/chest_xray/train/PNEUMONIA/person147_virus_297.jpeg,train,PNEUMONIA,1.697674419,2.914691122,d00b42bdc2945a4ac72d3f26c12e4f90bc68e4f13d52e2934fd1b06b4f17bb0f
D:/chest_xray/train/PNEUMONIA/person769_bacteria_2673.jpeg,train,PNEUMONIA,1.425,3.107725779,d4506abaa3801b0ac52b1fa5645667da64cbc7c95605d5d59755a95787e346ba
D:/chest_xray/train/PNEUMONIA/person539_bacteria_2270.jpeg,test,PNEUMONIA,1.481927711,2.707784672,91572be8e201141f54bec2d01e48587fc77f5ed1585acaa82f0d78ada1e54ea7
D:/chest_xray/train/PNEUMONIA/person1411_bacteria_3601.jpeg,train,PNEUMONIA,1.337278107,3.187176487,940a7fd00140150f57aa3eaf1eae0ffd1ee90ee82fd51f3e0bb81e2a0a391e74
D:/chest_xray/train/PNEUMONIA/person30_bacteria_153.jpeg,train,PNEUMONIA,1.675675676,2.71113939,d0abafd5ef421f25d33c1920c0034eea38ab0acb129d434d1a754b6d9e3e4beb
D:/chest_xray/train/PNEUMONIA/person300_bacteria_1423.jpeg,train,PNEUMONIA,1.449626866,3.223239483,915f3da0c7b11a16a45fca5a396bc3a56d87309fc3d62d8a9294e741b498f34a
D:/chest_xray/train/PNEUMONIA/person1484_virus_2577.jpeg,train,PNEUMONIA,1.5,2.953580126,d1afffb5d612586bc07069e1bcabebd43e80829a97899e52cfa89ed269a08690
D:/chest_xray/train/PNEUMONIA/person25_bacteria_119.jpeg,train,PNEUMONIA,1.526315789,2.970193927,d5406caba4b51ad2c34b1b419b6b4be94b7c47a45b7f1ed243d4c1f0512f5874
D:/chest_xray/train/PNEUMONIA/person59_bacteria_282.jpeg,val,PNEUMONIA,1.721311475,2.889286106,982b6ea82b901a5bcb4f1f47c33e6b0cd96868f011694af185b72cf529f384af
D:/chest_xray/train/PNEUMONIA/person313_bacteria_1457.jpeg,train,PNEUMONIA,1.367816092,2.863195805,d00a2eb5efc21a0fc32d6d28bca04aaa3eae62ea2eb08ecbcf1a76dac787069c
D:/chest_xray/train/PNEUMONIA/person1164_virus_1958.jpeg,val,PNEUMONIA,1.288405797,3.216352211,915a2bf5e2557a4ff82f79d85d0149c4398650cf494a587fdfe9396318508e83
D:/chest_xray/train/PNEUMONIA/person1423_bacteria_3650.jpeg,train,PNEUMONIA,1.587628866,3.010917962,915405bbc6c01a47e87f79f03802c3b53996944fe3dc3d0fe4f89b48bc3dcb28
D:/chest_xray/train/PNEUMONIA/person834_bacteria_2747.jpeg,test,PNEUMONIA,1.785714286,3.031706459,95fafba1ea07081686821a5286281878a7a92e30a3ad1e3f39f99e3f79cb970f
D:/chest_xray/train/PNEUMONIA/person860_virus_1505.jpeg,train,PNEUMONIA,1.506024096,2.931649105,d0ad3fd0e60a2d2db874ef623d27b8fcef023c8ff84acd80bc02e948ec929a49
D:/chest_xray/train/PNEUMONIA/person1545_bacteria_4042.jpeg,train,PNEUMONIA,1.691176471,2.995055964,95ff6f85ef57387ad76d5b081024022008081020461a7c3ee7a77e5f39f9c7df
D:/chest_xray/train/PNEUMONIA/person98_virus_182.jpeg,train,PNEUMONIA,1.56097561,3.213008642,d42f6af4a7d01f02cb383da563bc3a3c786d346b30fa0e1e3c2f25c33c5a31c1
D:/chest_xray/train/PNEUMONIA/person1312_virus_2261.jpeg,train,PNEUMONIA,1.52991453,3.217206411,d05f75a8c6941a52bc6a4b6dbe1a42fd2b4f14bfe8f2b4ab285ec780b4943868
D:/chest_xray/train/PNEUMONIA/person1343_bacteria_3415.jpeg,train,PNEUMONIA,1.228571429,2.889339681,d02aabd4ff40df1456795470507a588212d75adc5a9c5e5c4e7248734df74d4e
D:/chest_xray/train/PNEUMONIA/person1440_bacteria_3723.jpeg,train,PNEUMONIA,1.292682927,3.353714374,8045fee8a7f51bd5c35a1d2a502d8744387c69f7953f41f0c50354b06bd0b57e
D:/chest_xray/train/PNEUMONIA/person1471_virus_2549.jpeg,train,PNEUMONIA,1.256944444,3.085991933,90042abec77d1ea05e17425f5b7a40dc51f03cf0e1ff39c578e581ee1ea170aa
D:/chest_xray/train/PNEUMONIA/person448_bacteria_1933.jpeg,train,PNEUMONIA,1.393939394,2.806338282,d0af3dd0470b1e2f08744f918497cbca8f14cb288e09977d975c973cb553b1e1
D:/chest_xray/train/PNEUMONIA/person572_bacteria_2368.jpeg,train,PNEUMONIA,1.594444444,3.107371041,d022aeaaabd01e4b852d0d5421b68ad5ad6f96f05f58d6bd4b78903d0a549fad
D:/chest_xray/train/PNEUMONIA/person1535_bacteria_4016.jpeg,train,PNEUMONIA,1.419753086,3.098458893,c8aa2ad547551b0b192d7f942c12b48b264934282df02f1aedb4e9e5ed34fa3f
D:/chest_xray/train/PNEUMONIA/person367_bacteria_1665.jpeg,test,PNEUMONIA,1.171875,3.259286916,d4082efd23d41fc24d2f4b361eb4c3962dda3cb2f2d299e1165b2d9724d083cd
D:/chest_xray/train/PNEUMONIA/person1178_virus_2004.jpeg,test,PNEUMONIA,1.665934066,3.20134795,d40022fdc3d01b42c73f0fbe842cc6f07cefe5cb80d24d2dcfcd4b48c22d6b9c
D:/chest_xray/train/PNEUMONIA/person51_bacteria_242.jpeg,test,PNEUMONIA,1.12295082,2.977872433,90576be8e7e03e8586520f5a09680d695c350df11ca544b44da57c3ecf97ef96
D:/chest_xray/train/PNEUMONIA/person1058_virus_1757.jpeg,train,PNEUMONIA,1.445378151,3.037204872,d40234bdc2b40b40bd02e92e3d0bf6fd6f7c3c8340d204039687e9e8ba5fbe5f
D:/chest_xray/train/PNEUMONIA/person3_bacteria_10.jpeg,train,PNEUMONIA,1.181818182,3.145762614,95002abfebe01f024d074f414a004bbc1f40c1ff4f4b474fc3df480f43fe4fdb
D:/chest_xray/train/PNEUMONIA/person1019_virus_1708.jpeg,test,PNEUMONIA,1.276243094,3.651372541,95ea6815e794be5b5b493d4d1d117d493ce16d250d030d876983ebc3cf831cd2
D:/chest_xray/train/PNEUMONIA/person1941_bacteria_4863.jpeg,test,PNEUMONIA,1.666666667,3.05532816,d00b2fd5e7903a4b9a6f4b74386ec2f42fb030b66387380aa0956d2f387b697c
D:/chest_xray/train/PNEUMONIA/person1205_bacteria_3157.jpeg,train,PNEUMONIA,1.616291533,3.119332331,914a39a1c617385ef86979e13986c29238db92fccb12b874c9a61d6398f4de7a
D:/chest_xray/train/PNEUMONIA/person336_bacteria_1551.jpeg,train,PNEUMONIA,1.459183673,2.828859802,9ae8ea97a7183855877d3f6d39e4cd3415125942bc61a182091814e317bf7ff9
D:/chest_xray/train/PNEUMONIA/person1228_bacteria_3183.jpeg,train,PNEUMONIA,1.75308642,3.065265539,d4ee67d0974b1b2f9fb43cb6c0301e2568d6060b009b034304f76afbcf9f1af1
D:/chest_xray/train/PNEUMONIA/person1567_virus_2722.jpeg,val,PNEUMONIA,1.110465116,3.297614848,d4022bbfe6f41e40de2f49fe1dc148d54de01ca643fe15ab507d0d789e254969
D:/chest_xray/train/PNEUMONIA/person1582_bacteria_4137.jpeg,test,PNEUMONIA,1.172932331,3.170831537,d1ea3d00c615125e3969c7e16f823cb6c2b01d2536bccb7bb6293959c3499f39
D:/chest_xray/train/PNEUMONIA/person51_bacteria_246.jpeg,test,PNEUMONIA,1.35106383,3.000534617,888a69fee5ea1ea5d6951ad6c25a0a0b08781e293d604ee07c3f3fe17d2b78f0
D:/chest_xray/train/PNEUMONIA/person338_bacteria_1568.jpeg,val,PNEUMONIA,1.64893617,2.943721914,91fb65b5c6c69e6acf6c3878c7313858e584394ae18e4e12b4b44f1eb52dc61a
D:/chest_xray/train/PNEUMONIA/person1667_bacteria_4418.jpeg,train,PNEUMONIA,1.521276596,3.119677261,d0a93bf3f3404f0ddc36c25819609025d2404802b213d2cbb587b2dffbfdf69f
D:/chest_xray/train/PNEUMONIA/person517_virus_1034.jpeg,test,PNEUMONIA,1.601851852,3.135315061,917e3fd4c2d77a5ee838484028074004290e001c6b097978fafc7daf7bfaf3f9
D:/chest_xray/train/PNEUMONIA/person794_bacteria_2700.jpeg,train,PNEUMONIA,1.297184567,3.207331829,9057f1eae7a19e07ce5a1a52e96978b1b8e50ad2940f0bd29f296b58df0948f1
D:/chest_xray/train/PNEUMONIA/person957_virus_1629.jpeg,val,PNEUMONIA,1.582417582,3.419591735,94576fe8b6951a5a3d693ca4a4803c30e5a1780bb4527c3da7072f0de1d74f4f
D:/chest_xray/train/PNEUMONIA/person1735_bacteria_4570.jpeg,train,PNEUMONIA,1.580152672,3.093756046,c0afaf52aa17fb45fa357f385da857784d18787058415e965eda5d2154125543
D:/chest_xray/train/PNEUMONIA/person973_virus_1647.jpeg,val,PNEUMONIA,1.403669725,3.19257513,d55025afc2ff1e50e20d0b54b40a439d3c8040a5afd234a5e9f8bf0ffa9fc7c2
D:/chest_xray/train/PNEUMONIA/person1619_bacteria_4271.jpeg,train,PNEUMONIA,1.649122807,3.389935156,d08e7ad4b57e3f7b3b614b216b011b0d391e09d81c9e0e974f9a64b82d831f8b
D:/chest_xray/train/PNEUMONIA/person551_bacteria_2310.jpeg,train,PNEUMONIA,1.427184466,2.730168457,d8576ea1e7953a46c56a4e3538e442e17cb2e5a056927c1687a56d7e14960f8f
D:/chest_xray/train/PNEUMONIA/person1138_bacteria_3080.jpeg,train,PNEUMONIA,1.616161616,2.730841461,cc376f7883e1190541962e9b2cd50f162c5daed5285ce7c0abcb28f08ff53e70
D:/chest_xray/train/PNEUMONIA/person620_virus_1191.jpeg,train,PNEUMONIA,1.628571429,3.174197337,d5003fffb6d41f548e2d5b440c2444b408021434692f1e12efbe7def7e5e496d
D:/chest_xray/train/PNEUMONIA/person23_bacteria_85.jpeg,val,PNEUMONIA,1.56097561,2.826170476,90553ffacf151c1745581ea9384a52a07a5039ee6ee63c166e921f1f4d1f07d5
D:/chest_xray/train/PNEUMONIA/person312_bacteria_1456.jpeg,train,PNEUMONIA,1.299919159,3.203509456,9115ab60e7a8be8dc6793c755eb46b921a03618d1dae695571b477adc18518e9
D:/chest_xray/train/PNEUMONIA/person560_bacteria_2330.jpeg,train,PNEUMONIA,1.438202247,2.984789343,905f6fa1af97125a4349180541e01e3272fa4daf78f47f967c3533cb261f4cb0
D:/chest_xray/train/PNEUMONIA/person1535_bacteria_4017.jpeg,train,PNEUMONIA,1.321428571,3.137889924,d40b7ffc6bde1f4a1d6e75f43d502d40b9403c42397a985a9d079d4ab560b492
D:/chest_xray/train/PNEUMONIA/person673_virus_1263.jpeg,train,PNEUMONIA,1.439716312,3.27873887,d00a2ff5c3905f4a5e2d4b241cb448f26de318e369e10bf95b5a43d22ff0787a
D:/chest_xray/train/PNEUMONIA/person1113_virus_1838.jpeg,train,PNEUMONIA,1.730337079,3.043249501,d02b2ff5e3c01b4bad2d697e3cf16c9b69e43ca59a1bc3c91e10e53cc1a5184a
D:/chest_xray/train/PNEUMONIA/person371_bacteria_1700.jpeg,train,PNEUMONIA,1.542857143,2.69425899,90556ffaef811817e5fe4ad43c0a4a3f3c6a40a94f1470ad43fc1e8fc1ef4f00
D:/chest_xray/train/PNEUMONIA/person371_bacteria_1699.jpeg,train,PNEUMONIA,1.444444444,2.686791731,90fa6fa06e071c3a08681a45cd2a6fb08d324cf59c21cc358f05cf3fc79f972f
D:/chest_xray/train/PNEUMONIA/person1872_bacteria_4751.jpeg,train,PNEUMONIA,1.327586207,3.063418964,90457fea4f333a3c2871097519e54d671ec7184f47495e1cd507dd635c28cf0b
D:/chest_xray/train/PNEUMONIA/person1760_bacteria_4602.jpeg,train,PNEUMONIA,1.506329114,3.028224234,d0fe6ea0e7571b6f1d7c5ffa5faa5c804f0156015a48d3adda867a88ea10ea10
D:/chest_xray/train/PNEUMONIA/person1180_virus_2009.jpeg,test,PNEUMONIA,1.589041096,2.873792151,d4082afdf7d25f0be3ed2a285697555054352a863ca5413f5503b697aaa32cb7
D:/chest_xray/train/PNEUMONIA/person289_virus_593.jpeg,train,PNEUMONIA,1.652724968,3.046542592,815fbea5cf171e1acb689d2569e68692795ab5d15e3d505a9615587114b74a13
D:/chest_xray/train/PNEUMONIA/person294_bacteria_1385.jpeg,train,PNEUMONIA,1.493975904,2.785551886,95ff6ee5ef153e0f447d1a1460620683305a40816003c7a4ee17f1e5efc7ed3d
D:/chest_xray/train/PNEUMONIA/person1420_virus_2431.jpeg,train,PNEUMONIA,1.394957983,3.160720077,d0ffef90ef901a7b003549361ce24f832d8b0eeb0e0b186b4f096f3d69784b3c
D:/chest_xray/train/PNEUMONIA/person596_bacteria_2447.jpeg,test,PNEUMONIA,1.486486486,2.686863976,90fb6ea0ab940a5e83694b051d104bd17dc7e1e06bd240bd437951bfc2fa85fb
D:/chest_xray/train/PNEUMONIA/person288_virus_587.jpeg,train,PNEUMONIA,1.614285714,2.837328107,d4eafea183570008097585162d5aa75ba7512558254be5eee4f9e8ebc4ddc56a
D:/chest_xray/train/PNEUMONIA/person940_virus_1607.jpeg,train,PNEUMONIA,1.291044776,3.306782875,d5402abfe7fe04048615c27a1beb1c2d01740d607c794f783e657c21e9797c3f
D:/chest_xray/train/PNEUMONIA/person1713_bacteria_4530.jpeg,train,PNEUMONIA,1.483870968,2.995403139,8011effac6b71a57836d4b7519564ff03d5543e16f5651c24df05c5a4b884b1a
D:/chest_xray/train/PNEUMONIA/person653_virus_1235.jpeg,val,PNEUMONIA,1.378378378,2.775912797,81572bbdc6801e579c6b41703da27dfee5413007005087097a5cebf8bf9f385f
D:/chest_xray/train/PNEUMONIA/person789_bacteria_2694.jpeg,train,PNEUMONIA,1.849315068,2.830121252,d0ff6f5005420aaa872d1b7605241f9e3d77078b7c5a76876c1651c74f9751c3
D:/chest_xray/train/PNEUMONIA/person1269_virus_2162.jpeg,train,PNEUMONIA,1.509259259,3.239556984,c05b76a0e7943a56a86a697f28df85bf28d739fe8381691ebc86e585e9684901
D:/chest_xray/train/PNEUMONIA/person472_bacteria_2015.jpeg,train,PNEUMONIA,1.756410256,3.054037432,905ffaa08355155ec76b1f3f43a88e2a2aa80f9d3c7c1795c57c10d10e3e96e3
D:/chest_xray/train/PNEUMONIA/person1648_bacteria_4373.jpeg,val,PNEUMONIA,1.466666667,2.83947357,904a45afc3b01ed0f243c7433846c0d28f0b780b85b04a5ab4adcfe0ff7ff5b5
D:/chest_xray/train/PNEUMONIA/person1430_bacteria_3696.jpeg,val,PNEUMONIA,1.444444444,2.890831634,80fdabd0eb5f5a2d50f04943105752d1da17f0f69f430c3412d0179f16f6176f
D:/chest_xray/train/PNEUMONIA/person1598_bacteria_4197.jpeg,train,PNEUMONIA,1.373913043,3.182066213,c02a3fd59696db4b9d2cda546d2996d0698214c35c879b0a4ca39a4a0fad9fef
D:/chest_xray/train/PNEUMONIA/person1481_bacteria_3865.jpeg,train,PNEUMONIA,1.38,3.303306638,c4bd6c10b6421a4d013c1fb66c7b47f07cf26cfa3e9a69d0c581505278fad63e
D:/chest_xray/train/PNEUMONIA/person64_bacteria_312.jpeg,train,PNEUMONIA,1.682539683,2.75180213,d085eaf5e751540ad7a95780597e8bf53adf4aaa5aaa79f405155c3e00a88e1d
D:/chest_xray/train/PNEUMONIA/person1405_virus_2408.jpeg,train,PNEUMONIA,1.493421053,3.13651402,95eb6835ae56387009610c2519d2055e1d563dd74f755e7157904f3479e1cf3c
D:/chest_xray/train/PNEUMONIA/person1084_virus_1796.jpeg,val,PNEUMONIA,1.42962963,3.13157205,d00a25b5c2db1b4ae1244b40bc35eff43cb7f0f76d6f98964169181e61c76da4
D:/chest_xray/train/PNEUMONIA/person70_bacteria_342.jpeg,train,PNEUMONIA,1.814285714,2.747800945,82aa2aaaeb091e05da7dca68beb0ba3ab6f31e51b61d93cb1c5350bc478d083f
D:/chest_xray/train/PNEUMONIA/person299_virus_620.jpeg,train,PNEUMONIA,1.352490421,3.120824191,911174aec2bf1b15db141f02a46f4bed3c7dc2d03c51b4e86e56b087cb6d316c
D:/chest_xray/train/PNEUMONIA/person442_virus_906.jpeg,test,PNEUMONIA,1.685714286,2.708200771,d00e6be067c23e123e5a535e5f6909654f0f5c1b18711e7fbe3d1c3c1c1aa239
D:/chest_xray/train/PNEUMONIA/person1486_bacteria_3885.jpeg,val,PNEUMONIA,1.403100775,3.171218006,d0a52f5a25420f250d268cba2d798d0de50dc7e55e245a3753e55357935ed3c3
D:/chest_xray/train/PNEUMONIA/person1431_bacteria_3698.jpeg,test,PNEUMONIA,1.34375,3.102163018,d1fbac94c6063b68ed286997398f82b6091b92efcb453825c2d56d49b0d4cfc3
D:/chest_xray/train/PNEUMONIA/person585_bacteria_2415.jpeg,val,PNEUMONIA,1.427083333,3.153949101,94542dfbe3b5a780be00ca4a9f695a05ae2d0e11ead9e6390f5a55adc33e0f29
D:/chest_xray/train/PNEUMONIA/person1777_bacteria_4622.jpeg,train,PNEUMONIA,1.630136986,2.944282239,91feea05d21f3058d1eb798ed5a01e00b3808e80bc818fc73def5d8e5d6e51e6
D:/chest_xray/train/PNEUMONIA/person738_bacteria_2641.jpeg,test,PNEUMONIA,1.386363636,3.314770948,d40228b5ebfe1f40db2f4b5f3d2d4ad66f0f969e2da5961701d08695283c2cc9
D:/chest_xray/train/PNEUMONIA/person96_virus_178.jpeg,test,PNEUMONIA,1.293706294,2.972712362,90557faa4f801e1718595a695bef58f74dd20db238fa0b6b1a581a784e185f0f
D:/chest_xray/train/PNEUMONIA/person262_virus_544.jpeg,val,PNEUMONIA,1.099378882,2.806600907,9c407abbe3ff0fc4c10a1d7b1c3f3dfe38f6607c3e05e2c1e6307807c3851e04
D:/chest_xray/train/PNEUMONIA/person1363_bacteria_3483.jpeg,val,PNEUMONIA,1.398305085,2.961169209,900aabf5f540140b002c43f01fe240fb47d550ff47ee4786c0f81ef85fcfc3fc
D:/chest_xray/train/PNEUMONIA/person1404_bacteria_3561.jpeg,train,PNEUMONIA,1.438016529,3.053733799,d02aafd55700430a561540585a615e7c43fc5eb4583d65fc3cbf34bd65a53c3d
D:/chest_xray/train/PNEUMONIA/person501_bacteria_2113.jpeg,train,PNEUMONIA,1.373831776,2.972284646,88af2aa2c6515c6f0f3c4aa03c92cabe6dd33eb1eb482d132f4457fc0b3c568e
D:/chest_xray/train/PNEUMONIA/person75_bacteria_367.jpeg,train,PNEUMONIA,1.56,2.747583676,d4022ff50550126a83af4b06f1a7cb96d932cba64f134db14fd00ff04f960ff5
D:/chest_xray/train/PNEUMONIA/person297_bacteria_1404.jpeg,train,PNEUMONIA,1.703703704,2.929459692,c0aa2eb7ebd0af0aaa2f2b48a32a0ab58b6ac2f51f2597b44b781cbc83563de4
D:/chest_xray/train/PNEUMONIA/person597_bacteria_2450.jpeg,train,PNEUMONIA,1.642857143,2.766389853,90af2df4c3d01f4bd2284f48d62a4a6a1c2d49783f3a1ade29e13c754bfa1fc4
D:/chest_xray/train/PNEUMONIA/person337_bacteria_1561.jpeg,test,PNEUMONIA,1.445945946,2.797335231,c53afffd7fc53e0af05a3c10c0406b41fc3d6b607cb44b02681fd2d64d07517c
D:/chest_xray/train/PNEUMONIA/person1458_virus_2503.jpeg,val,PNEUMONIA,1.49,3.00123616,997f7fe0c6951e4a422c0b0c30ac4ff53c27b0f02d87b0b7e5877c8b685a4787
D:/chest_xray/train/PNEUMONIA/person73_bacteria_355.jpeg,test,PNEUMONIA,1.220338983,2.808858659,855f3ea1a3f50a0f0968092d2c3144b94eb45cb652b55fafdca54c961cae4fa7
D:/chest_xray/train/PNEUMONIA/person533_virus_1055.jpeg,train,PNEUMONIA,1.595744681,2.933250931,95e16e97c71a7969b966ed1a7869b4dbcf1e3d3c9186c508a138e18669273864
D:/chest_xray/train/PNEUMONIA/person576_virus_1120.jpeg,test,PNEUMONIA,1.629213483,3.064313343,906affa4e7123c6bcd2139279cb64f1bbc6fc7181e686ab40f281e1ac786189e
D:/chest_xray/train/PNEUMONIA/person413_virus_844.jpeg,train,PNEUMONIA,1.483198146,3.189924398,d4126fbfe3d53e0e872d6bd4bd4a69a13840288e6b8f9febc2b587068205c3ca
D:/chest_xray/train/PNEUMONIA/person647_virus_1228.jpeg,train,PNEUMONIA,1.255319149,3.5126876,900442bac7ff5e60561950fd5af4f3941ae37ac2c2be1e38e1aa3d4a3c60e74b
D:/chest_xray/train/PNEUMONIA/person128_virus_261.jpeg,test,PNEUMONIA,1.366666667,3.124507264,d00074afc2b61b40eb062b52b84b82bd296bb0f74fd734adc3d27f07b0f06d4b
D:/chest_xray/train/PNEUMONIA/person258_bacteria_1216.jpeg,test,PNEUMONIA,1.362811791,3.234995029,9013e5aaaf80ba57872a7a5f957c5a5c69497c2d69e02ea629ea268728bcc787
D:/chest_xray/train/PNEUMONIA/person527_virus_1048.jpeg,train,PNEUMONIA,1.682926829,3.038464614,915a25edc7801a5bce7d4b783c25c2d63d823cfec39e978b685292389e1dc278
D:/chest_xray/train/PNEUMONIA/person1935_bacteria_4848.jpeg,val,PNEUMONIA,1.528169014,3.258099887,d0bd3fd0ed0ae34d6965787449325a2768e95b616bed7ba23a2a6a2468257865
D:/chest_xray/train/PNEUMONIA/person110_virus_205.jpeg,train,PNEUMONIA,1.37962963,3.141116037,c8af66c0c7421b2b873f0d39192447e42de6b2e56d04b0e16acb6eb9e29eef09
D:/chest_xray/train/PNEUMONIA/person1343_virus_2317.jpeg,train,PNEUMONIA,1.467889908,3.144689863,d40a30b5c3d01b4abd2fccb4381b14f38b4b00af93964f0bb4b46d52fdbd36d2
D:/chest_xray/train/PNEUMONIA/person785_bacteria_2689.jpeg,train,PNEUMONIA,1.5,2.859331896,81eaaaa1ee155e2a47681a7e497c4fae79feef876f5ee5804800490ac3874b2b
D:/chest_xray/train/PNEUMONIA/person465_bacteria_1976.jpeg,train,PNEUMONIA,1.223214286,2.922273643,d02a2bf742a85e4a1c2d186869e03ca39ed3cbeb97841c47829aa6f1be71ed75
D:/chest_xray/train/PNEUMONIA/person1875_bacteria_4756.jpeg,train,PNEUMONIA,1.350993377,3.35667851,955eea800680185f47791d750b700f3918704f1e3cf54ff53c3c58f51e1e78f6
D:/chest_xray/train/PNEUMONIA/person1594_virus_2768.jpeg,val,PNEUMONIA,1.639175258,3.234428273,956ba7b5c607987ae97038e1cb813907b996cc1e93cc8c78b8cdc738964d7856
D:/chest_xray/train/PNEUMONIA/person280_bacteria_1321.jpeg,train,PNEUMONIA,1.494252874,3.033427118,944b6eb5a2d50b4a012a1e0161781eb0787ad7a5785a54b07c7a3cfecf9e6d3c
D:/chest_xray/train/PNEUMONIA/person1482_virus_2571.jpeg,train,PNEUMONIA,1.623529412,2.749794615,d0aa3f840f5f09690d2549de34f16d907cb84fd3c520c5b4c927a18eef96a796
D:/chest_xray/train/PNEUMONIA/person743_virus_1366.jpeg,train,PNEUMONIA,1.25,3.045214371,d0037eaba3541f420a2b0daf3ea02c882fb02ec54bfe87a85a9d5b7a878b6d3e
D:/chest_xray/train/PNEUMONIA/person447_bacteria_1932.jpeg,train,PNEUMONIA,1.216510903,3.236303033,94176bbee3aa3ea1d6171a5e094929692da568b569f31c3f419410b43c1ebfac
D:/chest_xray/train/PNEUMONIA/person770_bacteria_2674.jpeg,train,PNEUMONIA,1.475,3.192612058,958a3fa5e002187eb5e882c2bc0fb2e4af00bd0da3d43529bcbd9738b62db0fd
D:/chest_xray/train/PNEUMONIA/person439_virus_890.jpeg,train,PNEUMONIA,1.444444444,2.758702202,90503baad7c41e108c3b94f03d61b48538d53952c38f139595adc3fc0f9bbdaf
D:/chest_xray/train/PNEUMONIA/person1908_bacteria_4811.jpeg,test,PNEUMONIA,1.536363636,3.444242294,d1597fa1c6041a5f1c7f4ffd4fa41c864e864f871686c782c78692c2c781c7f1
D:/chest_xray/train/PNEUMONIA/person1162_virus_1949.jpeg,test,PNEUMONIA,1.666182874,2.887002726,857faff583007f2bfe2c0095fdd7d6d0000bf2f76f4a10004bf7fdad280081e3
D:/chest_xray/train/PNEUMONIA/person1228_virus_2079.jpeg,train,PNEUMONIA,1.666666667,2.929621108,d12aa5f5e3941e0bd23c4f689e24cb7a8f00da59eda1da56e5bd9e0178f069c0
D:/chest_xray/train/PNEUMONIA/person9_bacteria_41.jpeg,train,PNEUMONIA,1.5,3.03293707,d0403ef5da4a1c4f1c3516f04dd2960f6f5e3b686f18c61a48d758c754b656b6
D:/chest_xray/train/PNEUMONIA/person1876_bacteria_4760.jpeg,train,PNEUMONIA,1.688888889,2.933614943,947a68b1a7817edac350970a4b5e830a863c02da2968927c936ff1e8f7d67c7a
D:/chest_xray/train/PNEUMONIA/person124_virus_247.jpeg,train,PNEUMONIA,1.459459459,3.287581931,d4022ff762de1f505709570f7407490e3ca768b234a2385af41bf407e9f0fc2f
D:/chest_xray/train/PNEUMONIA/person975_virus_1650.jpeg,train,PNEUMONIA,1.272058824,3.292256293,c0ad6fd097d75b4b4b2dc727cfa64788cfa1c6e14e90c4f1d6c0c692caa9d0c1
D:/chest_xray/train/PNEUMONIA/person51_bacteria_248.jpeg,train,PNEUMONIA,1.395626243,3.225798557,915f2fe8c7a11e57c85a3978c1bc1b94b02ec71cb40f42783d2de1e5cdc318f4
D:/chest_xray/train/PNEUMONIA/person467_bacteria_1989.jpeg,train,PNEUMONIA,1.590909091,2.713500227,d1fb3f9472075e584c6829c13ca76bfe3b841b5e5bfa1e9a6b08025230979297
D:/chest_xray/train/PNEUMONIA/person736_virus_1358.jpeg,train,PNEUMONIA,1.713787086,2.665958487,905539fae5eac7a56fa53da5e5adc2942700b49890daca5787c1dea968e8486b
D:/chest_xray/train/PNEUMONIA/person1308_bacteria_3285.jpeg,train,PNEUMONIA,1.821782178,2.921790349,940f2fd565421e0b4b280aa6687646fa2e9b069b2f892cdbe785e03ee937e83e
D:/chest_xray/train/PNEUMONIA/person326_virus_677.jpeg,train,PNEUMONIA,1.803921569,3.166895402,d442effde7d55a4bd3354b347a3442905a4b70fd4e834adac2a1690b5b88c30f
D:/chest_xray/train/PNEUMONIA/person38_bacteria_195.jpeg,train,PNEUMONIA,1.733333333,2.650819846,dffd7d02420ffa3c5470d365151592be02291aba1a8cd193fa1d6fb8b6b0aea0
D:/chest_xray/train/PNEUMONIA/person907_virus_1563.jpeg,test,PNEUMONIA,1.715909091,3.064492287,d00a27bde3d01f52fc2f69f43cb0cbd43d489897c7c23d097a5a878bb49c494a
D:/chest_xray/train/PNEUMONIA/person1020_bacteria_2951.jpeg,train,PNEUMONIA,1.595505618,2.746852618,d42a6ff5efd01743552f1f2269260fb218290ae86c2f6cf10e141cf14de17cfc
D:/chest_xray/train/PNEUMONIA/person557_bacteria_2327.jpeg,val,PNEUMONIA,1.494932432,2.788469029,840538abe5a8d3a13ed5b9d6e6826b9e36ab68d449b69a0f25a2cac4e0fa87e9
D:/chest_xray/train/PNEUMONIA/person1626_bacteria_4291.jpeg,val,PNEUMONIA,1.382716049,2.889176788,955f69e8c7851e1ec27a4a51b0294a413c0362810f06b2944f9fcf1afbdafebe
D:/chest_xray/train/PNEUMONIA/person541_bacteria_2275.jpeg,train,PNEUMONIA,1.505376344,2.726727858,88aa2eb5e7d53b4b8329690cb0f468713cd8e2d86de196de66e9164f1a1c2e87
D:/chest_xray/train/PNEUMONIA/person498_bacteria_2102.jpeg,train,PNEUMONIA,1.352682498,3.223478583,d40ba4bfa3d03b42e72f3f14a10c2aad2824a6ae6a2ad4ea4d53f553c7d53c17
D:/chest_xray/train/PNEUMONIA/person1180_virus_2014.jpeg,train,PNEUMONIA,1.416666667,3.001732732,d42903f5e7d20b40a701cb4f2e85f85a2fa41e077878b690397f3e90b60b95fd
D:/chest_xray/train/PNEUMONIA/person472_bacteria_2014.jpeg,train,PNEUMONIA,1.679012346,2.948643505,d4006affe7501d0bc7ad3f87e49f2fbc78fcc5f0786a85a06c262da40f06083e
D:/chest_xray/train/PNEUMONIA/person496_bacteria_2095.jpeg,train,PNEUMONIA,1.423757372,3.287396345,811125bec2a41a45e13e3a7be52969e9796261e779565cab6972380f67a53963
D:/chest_xray/train/PNEUMONIA/person760_virus_1388.jpeg,train,PNEUMONIA,1.709551657,2.65257555,915539ffe7a03a85b05f4fa8b154c7be1e54d06bce15354ac3e1685292e83e15
D:/chest_xray/train/PNEUMONIA/person976_virus_1651.jpeg,test,PNEUMONIA,1.666666667,2.886832461,80aa7daae6a11ad7b84acb69090514e24b41358f38c76d5616be9adfad4b987d
D:/chest_xray/train/PNEUMONIA/person569_virus_1110.jpeg,val,PNEUMONIA,1.532608696,3.1108863,80aa3d40c6aa3eafba57cad2374b71ad4ba73d0e69f4cc3a3d8a49d05c2a5a13
D:/chest_xray/train/PNEUMONIA/person979_virus_1654.jpeg,train,PNEUMONIA,1.477477477,3.403367445,c1426fbd36955a569f4c5e545b5a5d2d6f1415143c942cb425a52db43d94b597
D:/chest_xray/train/PNEUMONIA/person113_virus_216.jpeg,train,PNEUMONIA,1.810810811,3.274392599,d42b7ef4a7d33f0b8fa51c16283087012a904b41e3d26a5a6b1efb5a6b5e6b52
D:/chest_xray/train/PNEUMONIA/person1346_virus_2322.jpeg,train,PNEUMONIA,1.475,2.982511983,d4082ffdc3d01b4a9d2f4b345c32d6b24f3a3c214eb62f2b3c3dae252d20b2f4
D:/chest_xray/train/PNEUMONIA/person1468_virus_2545.jpeg,test,PNEUMONIA,1.406919275,3.017731021,815f3fa8ce811e1e1a7c1e5a18774ac36d2518e10d25397e4bd76d3938f4694b
D:/chest_xray/train/PNEUMONIA/person1378_bacteria_3513.jpeg,train,PNEUMONIA,1.841269841,2.756194065,817bfca2e6953ed7b95ae6945a4e78b8c6d0ec2f38f03343cc3c69c0ca0e6a90
D:/chest_xray/train/PNEUMONIA/person520_bacteria_2205.jpeg,test,PNEUMONIA,1.460023175,3.181228479,915e6fa0ee15be5ecb68392989ac4c97b8d24bc2966e43e6966e526987690678
D:/chest_xray/train/PNEUMONIA/person1096_virus_1816.jpeg,train,PNEUMONIA,1.644736842,3.021919797,d0ef2ff0e7423b0fef346f103cd16fc07d6d72d05d4b52cc5241542c5b0e443c
D:/chest_xray/train/PNEUMONIA/person47_bacteria_229.jpeg,train,PNEUMONIA,1.607317073,3.095834161,915425eec2a01e50e65f2a1ab41a4bdb3d3cc2b52d6038feefb6b49684b4b1d6
D:/chest_xray/train/PNEUMONIA/person1377_bacteria_3512.jpeg,val,PNEUMONIA,1.305970149,3.326041942,d400aed5435a5f2a5c3608781c914afa0ca9cbbe0f3d1d7d4f781e3f4b6a4b0e
D:/chest_xray/train/PNEUMONIA/person724_virus_1343.jpeg,train,PNEUMONIA,1.345238095,2.834225418,c4007efea3f42fd0e1689721592595a649a45834c1b65d2f5cbe55a74aaf29e9
D:/chest_xray/train/PNEUMONIA/person104_virus_191.jpeg,train,PNEUMONIA,1.444639719,3.277182702,905f74a0c6811a47c76e3b2f91787ba9387d65e4385e35c23ed63ccf0e01334b
D:/chest_xray/train/PNEUMONIA/person1349_bacteria_3436.jpeg,train,PNEUMONIA,1.225165563,3.045426851,815a2bb54c00425e1d6a0afd6be48f8e0f168e5b8725034f8f2fa3ffada53585
D:/chest_xray/train/PNEUMONIA/person614_bacteria_2480.jpeg,train,PNEUMONIA,1.426829268,2.998892424,d40a7cbde3f53ed0820a8b871b6b8b070e2f82526f0f387e6f054f0e6278df05
D:/chest_xray/train/PNEUMONIA/person1375_virus_2366.jpeg,val,PNEUMONIA,1.431818182,3.228336325,815feba0ea817a4fe96f79e838af49a9380648ae0b02586d4b431c7a5af45f4f
D:/chest_xray/train/PNEUMONIA/person1663_bacteria_4411.jpeg,train,PNEUMONIA,1.638888889,3.297951812,c0ad2fd0ff4b592d5936492706cb6d4e6c966e5a6485d24b6da2feb2e8209b24
D:/chest_xray/train/PNEUMONIA/person505_bacteria_2135.jpeg,train,PNEUMONIA,1.439421338,3.219475556,816fa3b4e2501a4be03d7a20f0b67e80388f92fe790ff1a46f48d0b487c33c7f
D:/chest_xray/train/PNEUMONIA/person334_bacteria_1544.jpeg,train,PNEUMONIA,1.541666667,2.889668058,ca9fbd5191200f9f92bf2ebc926b2de11fc905c01d0097eaef83ba2e65a2960e
D:/chest_xray/train/PNEUMONIA/person618_bacteria_2489.jpeg,train,PNEUMONIA,1.315547378,3.282721163,915e7aa1ef95ba152a5a89681b6909a781674cd6393e874a04b6196f3da1ef39
D:/chest_xray/train/PNEUMONIA/person459_bacteria_1956.jpeg,train,PNEUMONIA,1.494117647,2.971257381,940a29bde1b42fc2b487ca52b649f2e3cf03b6b6cbc2ce17b278390dc6dcc348
D:/chest_xray/train/PNEUMONIA/person1718_bacteria_4538.jpeg,train,PNEUMONIA,1.333333333,3.327428771,90023dbfe7b657d2174bc22d1f4a1e2d431c4f101cb55a574f871eb56de04d0d
D:/chest_xray/train/PNEUMONIA/person1411_bacteria_3591.jpeg,train,PNEUMONIA,1.123655914,3.438829107,91572bacfe805e47557d1bf4096b09ad188303cf1ac6417f0ab90a5f87af0dcb
D:/chest_xray/train/PNEUMONIA/person416_virus_849.jpeg,train,PNEUMONIA,1.716198126,3.041217938,d111ffa8c6851a4faf2d4b24b160cbe03cd3b0d226c396ed6e4b1a5930f1ce79
D:/chest_xray/train/PNEUMONIA/person1129_virus_1857.jpeg,train,PNEUMONIA,1.474522293,3.3967031,91100dfae5eb43a03f94f60bca0f0f5f1e27ca87c3ea1e106ab581ee9f801a5f
D:/chest_xray/train/PNEUMONIA/person1934_bacteria_4846.jpeg,train,PNEUMONIA,1.293333333,3.311733876,c0252fd6375a7b697c276aaa69e13c934f8f26973af32745a5f23878282063b0
D:/chest_xray/train/PNEUMONIA/person1333_virus_2301.jpeg,val,PNEUMONIA,1.305970149,3.121907491,80ebaa415601586a12fa186f5c7f5efb18ea5be838695a794e3918ed4ace3aa5
D:/chest_xray/train/PNEUMONIA/person264_bacteria_1233.jpeg,val,PNEUMONIA,1.528735632,2.931269827,98aa2aafe7d53f42f72b7d2bbc254290187180a10ab0da03c2915aa5fb0f7dfd
D:/chest_xray/train/PNEUMONIA/person294_bacteria_1386.jpeg,train,PNEUMONIA,1.590742996,3.127331801,91fa7aa0ee173e5eec681e1570f84eb1385f61a34f4a65845c2a79ec4f806c6c
D:/chest_xray/train/PNEUMONIA/person563_bacteria_2340.jpeg,train,PNEUMONIA,1.528735632,2.724379509,d5af7ff5e402801f187dc37841e098e4cb78c7a8190ec8aa8ba31a4f3bfcc78c
D:/chest_xray/train/PNEUMONIA/person23_bacteria_86.jpeg,val,PNEUMONIA,1.336448598,3.065476651,d0aa3bfee202080e30bdd2e03d4190856df435b4d39a8cac9afac3ed9ef4ba69
D:/chest_xray/train/PNEUMONIA/person1414_virus_2424.jpeg,train,PNEUMONIA,1.797297297,2.706906417,d42bf4a0a7955a5a912c0f2429328680485231e1649669caf68f6e5ffdebfe9e
D:/chest_xray/train/PNEUMONIA/person396_bacteria_1796.jpeg,test,PNEUMONIA,1.355493998,3.383628316,81572fa8f2855a56d07a49e05d2650ae692eb1ac6b962bab1bda4bd4938f794a
D:/chest_xray/train/PNEUMONIA/person401_virus_798.jpeg,val,PNEUMONIA,1.551401869,3.23592368,91eb2bd4c2171e5f597d59f05da049e218a158a6d8a6b826e8843852fb8fb5ed
D:/chest_xray/train/PNEUMONIA/person1429_virus_2443.jpeg,train,PNEUMONIA,1.389705882,3.040241585,9442a9bfe3f43e40e8292b847c8b6ff93da36bf73d02286f4b43208569683e4b
D:/chest_xray/train/PNEUMONIA/person471_virus_967.jpeg,test,PNEUMONIA,1.454873646,2.855136937,c050397ae5ead7a06fc19c4bc63bcbd53f421ca712f44a851f4a3ca9c07ec768
D:/chest_xray/train/PNEUMONIA/person371_bacteria_1701.jpeg,val,PNEUMONIA,1.506329114,2.752067482,90fc6e016717187a91691a479170cf1ff0d2968a18db96f18e1e97f29e9e0d63
D:/chest_xray/train/PNEUMONIA/person520_virus_1039.jpeg,train,PNEUMONIA,1.483606557,3.214047807,d40a6ff5e3d21f4be53c4dd2a4a24d802c03408d0d0fc6164bf05d3d4fda9e7f
D:/chest_xray/train/PNEUMONIA/person907_bacteria_2832.jpeg,train,PNEUMONIA,1.560606061,2.864192777,90aaeaa8a755085e85285a3d91ea0ea729728f9729522f866f765deb507e49ea
D:/chest_xray/train/PNEUMONIA/person1171_bacteria_3118.jpeg,train,PNEUMONIA,1.658692185,3.037618666,d403eebeefd00f4a843d4b44912641b4695290f3415b50afc3fe5c6e9297cb6e
D:/chest_xray/train/PNEUMONIA/person44_bacteria_218.jpeg,train,PNEUMONIA,1.333333333,3.30822226,814a2bf5d6a0d64ade1d484a40a259434d2d494341ef45bf55bc52fc57bf578e
D:/chest_xray/train/PNEUMONIA/person371_bacteria_1696.jpeg,train,PNEUMONIA,1.447058824,2.739524587,c0aa6fd4e7420d5f9034492add2ac3f64c8f4cbceccbae4dc2d4c36db0949879
D:/chest_xray/train/PNEUMONIA/person32_bacteria_165.jpeg,train,PNEUMONIA,1.035175879,3.308608425,dd402abf42aa5f555d044db50cab4dbf5d741c300db00d2b1f2f1f431c3f1d1d
D:/chest_xray/train/PNEUMONIA/person340_virus_698.jpeg,train,PNEUMONIA,1.229050279,3.278045459,c02fafd0ab150b4f0d240c702c830aef6cbe0afa6eb86b3c3c7c6a4f7a9669a5
D:/chest_xray/train/PNEUMONIA/person1149_bacteria_3094.jpeg,val,PNEUMONIA,1.415730337,2.691709218,d4022ab5d2ff5b5a570292854fae16b412962d93bc9496968dd515b1b9b43de5
D:/chest_xray/train/PNEUMONIA/person292_virus_602.jpeg,train,PNEUMONIA,1.125748503,3.038794963,98576fa8e7881a55c57949f01d6943ed1947c63e43963c2a47b81f4e56ad4b61
D:/chest_xray/train/PNEUMONIA/person920_bacteria_2845.jpeg,train,PNEUMONIA,1.494661922,3.18414766,94036dbbe7d03f42c34f1b6d116d43b4391663f9282b00f046b4df3e67b64d43
D:/chest_xray/train/PNEUMONIA/person491_bacteria_2082.jpeg,train,PNEUMONIA,1.317307692,2.753989774,c8aa3ddfd3414a2b923e69fe3eb0b24bc3cd9aa0b94192409a49f9e491de984f
D:/chest_xray/train/PNEUMONIA/person796_bacteria_2702.jpeg,train,PNEUMONIA,1.75,2.900159793,d06a6ff577421e0bc32c1f00e12e6b8c952d4b5e1d2f43f40b4a19bd0fd21a3f
D:/chest_xray/train/PNEUMONIA/person321_bacteria_1489.jpeg,train,PNEUMONIA,1.369515012,3.181677575,90577fa8eb951e5f4b6c1a852c634691396794b14b843d4d47a47e537c6c6b09
D:/chest_xray/train/PNEUMONIA/person1730_bacteria_4558.jpeg,train,PNEUMONIA,1.557142857,2.773756694,90fc3ef56b5b698d1c254a100d2a10a6484204a058e33cfb6dfecf8f1fd679f3
D:/chest_xray/train/PNEUMONIA/person308_virus_630.jpeg,train,PNEUMONIA,1.553719008,3.099361494,95fa6585c6163c5ccb68b46f28ff85bf28bf21cf0abe10dea5876850b5ac4b00
D:/chest_xray/train/PNEUMONIA/person625_virus_1199.jpeg,train,PNEUMONIA,1.24822695,3.020108228,d1023dfde1b51a543b02e92d39b63da36bd939e6398fd027094a102dc87e5a6d
D:/chest_xray/train/PNEUMONIA/person371_virus_754.jpeg,train,PNEUMONIA,1.757142857,2.862204219,817ea5aae6153a5ae868de21786ad6b17a0fb6a04a3e172a5287572ab509d47f
D:/chest_xray/train/PNEUMONIA/person500_bacteria_2109.jpeg,train,PNEUMONIA,1.682926829,2.84768808,d40a6ff56f971a0f0b400d6547d7449240d347dbd6f257965ca85ac19e7c38e1
D:/chest_xray/train/PNEUMONIA/person348_bacteria_1601.jpeg,test,PNEUMONIA,1.479166667,2.869479228,945e6aa9e7d11e03c74b1f0d1b6f12691a694e2a0ebc1a6b4f295c707d624f35
D:/chest_xray/train/PNEUMONIA/person776_bacteria_2680.jpeg,train,PNEUMONIA,1.613333333,2.923179488,91da6f84c5174c7ad6e95a21c3a6c7a45874db853b5529c51f9578f9c2a10e1e
D:/chest_xray/train/PNEUMONIA/person263_virus_546.jpeg,test,PNEUMONIA,1.520833333,2.953863442,815725eec6801e5be8696be0bca74bf53d85fa1e87487874a5688f03ca79ce21
D:/chest_xray/train/PNEUMONIA/person836_virus_1473.jpeg,test,PNEUMONIA,1.469798658,2.936050389,d02b6ff5bf50575b556d5027450a44936d524cfa12ea02ab00a90adbbaf8fef2
D:/chest_xray/train/PNEUMONIA/person1376_bacteria_3511.jpeg,train,PNEUMONIA,1.654205607,3.208694896,d00a25f4e3c03f4bec252dd23c9f6dcb3ca748ff8d8338f4e922cf86ac60d830
D:/chest_xray/train/PNEUMONIA/person544_virus_1078.jpeg,train,PNEUMONIA,1.207253886,3.312320021,95fafa0183101a5e177d5f3f5cda5fda1eda1bc01eaa5ae25e0a1eb03ac03e10
D:/chest_xray/train/PNEUMONIA/person1601_bacteria_4212.jpeg,train,PNEUMONIA,1.590909091,3.171103813,c4ad2e40912d0fa74fbe9f963f1828703841fa0766ac96059f2487b4979f9fac
D:/chest_xray/train/PNEUMONIA/person25_bacteria_116.jpeg,train,PNEUMONIA,1.224,2.951810359,caff5f50e542abef543eeaf45c2334a945514f09af5c4ab82d3454b0afa04d28
D:/chest_xray/train/PNEUMONIA/person1488_bacteria_3887.jpeg,test,PNEUMONIA,1.356589147,3.079906832,d0afadd0d740592a102e40fa1c73d4b34fb21cb242806b0b38ef6bcb6d2f7cf6
D:/chest_xray/train/PNEUMONIA/person1944_bacteria_4869.jpeg,train,PNEUMONIA,1.640776699,2.954053188,d1a53d83c6d30b0b902cc77a7d3db2fcc7202c3030c0cf2d7db5b3ebc7862496
D:/chest_xray/train/PNEUMONIA/person1426_virus_2439.jpeg,test,PNEUMONIA,1.630136986,3.046097584,d0ab2ebbe7c01b0aaf2ccb243d06ced56f43b487cbc9970bc2d587e89a04437c
D:/chest_xray/train/PNEUMONIA/person581_bacteria_2394.jpeg,train,PNEUMONIA,1.298969072,2.919843025,d1ae3f94ea02186dd6744b4a3ea5c2b47d801406eda43697f997a5d5bb42c1e5
D:/chest_xray/train/PNEUMONIA/person730_virus_1351.jpeg,val,PNEUMONIA,1.337837838,3.113925484,d42b3fd48f580d0b0dbe2c9a08b84ada59b7c3854934d1e5cbfed97481c17879
D:/chest_xray/train/PNEUMONIA/person382_bacteria_1742.jpeg,train,PNEUMONIA,1.141897565,3.17619236,c15f3fe86aa15e155c5e5b78c5284fa514af165e9f5a87a90b690a47836b0387
D:/chest_xray/train/PNEUMONIA/person709_bacteria_2608.jpeg,train,PNEUMONIA,1.562390158,2.870755723,d44169ffc1ea2be0e981c7a73d35e4a444b734b2c3851e17f0f9c3f41e1ee0c0
D:/chest_xray/train/PNEUMONIA/person1087_bacteria_3027.jpeg,train,PNEUMONIA,1.542553191,2.702787661,c0af3f54e3ca1b454f2d47342b0649b56aac78b8e8f0f251787955f0165a1c7d
D:/chest_xray/train/PNEUMONIA/person347_bacteria_1599.jpeg,train,PNEUMONIA,1.415812592,2.876786079,d4405d7ee1aae3b56ab5bad2e2d053d23d41b86a682a5a073f0e9782c21fd34b
D:/chest_xray/train/PNEUMONIA/person499_virus_1008.jpeg,train,PNEUMONIA,1.47107438,3.044567403,956f7491c3d40b06852a2c0af1fdcf567cf7d2c32c0e80c04e1f34e5cbe36e1e
D:/chest_xray/train/PNEUMONIA/person332_bacteria_1535.jpeg,val,PNEUMONIA,1.569444444,2.987448158,942a6bf5ebd01e0a9a1f5f583a0d437d2f025482e5d77cb1b0f1e29614b1c1d7
D:/chest_xray/train/PNEUMONIA/person374_bacteria_1710.jpeg,test,PNEUMONIA,1.813559322,2.775863106,c2aa2afaab4a3c29c6841d41d4355790dcbccab8a82d88ff8bf5a875c5551d1f
D:/chest_xray/train/PNEUMONIA/person767_bacteria_2671.jpeg,train,PNEUMONIA,1.702702703,3.253071048,947e6aa12b131b2a8f651b043974ff74787a50f844b050fc45fd45555479571f
D:/chest_xray/train/PNEUMONIA/person1081_virus_1793.jpeg,train,PNEUMONIA,1.694444444,2.914428139,d01be4a9c3955a5ac70839068520181091e14e87f9e2ceb67de3e7e77e5a71eb
D:/chest_xray/train/PNEUMONIA/person517_bacteria_2196.jpeg,train,PNEUMONIA,1.405247813,3.159544602,90542deac7b40a55ec5f69ad3da549979dc35847c97a987dde6999701810943b
D:/chest_xray/train/PNEUMONIA/person1367_virus_2351.jpeg,val,PNEUMONIA,1.528301887,3.061857336,91fa68a5c7841a5a89688d25089680fbcf9f011ef4a3c716ff3cf1e0fb427f14
D:/chest_xray/train/PNEUMONIA/person1340_bacteria_3405.jpeg,train,PNEUMONIA,1.278350515,2.939583923,80554bab57004a070afa03f0bbe0abdf83fa13d0a3fee7d2276a046a4eff3ca8
D:/chest_xray/train/PNEUMONIA/person1699_bacteria_4498.jpeg,val,PNEUMONIA,1.712871287,3.03592728,d00a3dbdc3d06f427d2f78b73da560d531e01a43614912f01e1d9b4b1ed27c7b
D:/chest_xray/train/PNEUMONIA/person1407_virus_2410.jpeg,test,PNEUMONIA,1.556701031,2.951377924,d40076bfe2d43b4ac52e0fb2952bc3b43d2cd0fa6d1294b5697a3c21c2d26de9
D:/chest_xray/train/PNEUMONIA/person1691_bacteria_4479.jpeg,train,PNEUMONIA,1.637254902,2.943268485,940a60bdc7d09f4bc32c3f06c33f0e10787086d23cb4c5e86c1f97c3d2cff1f8
D:/chest_xray/train/PNEUMONIA/person1390_bacteria_3534.jpeg,train,PNEUMONIA,1.639534884,2.841985011,95a0e8d7e61e7a58b1696e34b9683da0cf534de93996ced00eb11ef00e5b4cb0
D:/chest_xray/train/PNEUMONIA/person529_bacteria_2229.jpeg,test,PNEUMONIA,1.258064516,2.923566939,90463bbdd6001c17187a15ec1785f53d35ace70de8e5a863ea5e5ad658ea50ea
D:/chest_xray/train/PNEUMONIA/person604_bacteria_2463.jpeg,train,PNEUMONIA,1.432692308,2.955950457,d5ff2a000e034f7f4fa56b85e895eb806c8ec3fcab1daad583c140ea40eb8ae9
D:/chest_xray/train/PNEUMONIA/person88_virus_166.jpeg,test,PNEUMONIA,1.5,3.068983943,95fe6aa1c6053c1e42783d0534f6a5873cb69589960e93d3c79238f8e781fa78
D:/chest_xray/train/PNEUMONIA/person1476_bacteria_3843.jpeg,train,PNEUMONIA,1.395833333,3.184209707,90001bff53d45a005e3b7268196138a531df3f8734d530ff1f0e57ae55ae3d0a
D:/chest_xray/train/PNEUMONIA/person1374_bacteria_3506.jpeg,train,PNEUMONIA,1.847619048,3.103199926,8003a855175319681f6f1e341d471e23784b3c8f7e1b3c0f5c357c1b3c97be5a
D:/chest_xray/train/PNEUMONIA/person956_virus_1628.jpeg,train,PNEUMONIA,1.617647059,2.945628718,c00a36ed96dd4b4a97026b519d2a42f62d6192f9685234b56943d269b6dbed6d
D:/chest_xray/train/PNEUMONIA/person1176_virus_1996.jpeg,train,PNEUMONIA,1.34375,2.912808998,915a2be8ea853e0eda7a1ad0384a4bc03d20eb94af02b694e7da969cd7c7d6a9
D:/chest_xray/train/PNEUMONIA/person448_bacteria_1936.jpeg,val,PNEUMONIA,1.40625,2.961373865,957a6ba5e2841a1ec2785e7014254fb23daef5a76d06b4a5e9c2960fcb80cf0f
D:/chest_xray/train/PNEUMONIA/person1328_bacteria_3376.jpeg,train,PNEUMONIA,1.835616438,2.855871603,91faa5a0c6173a5ad6696b47b86cce513d799ac76d06b0f4ce16a70c79d04b09
D:/chest_xray/train/PNEUMONIA/person468_bacteria_1990.jpeg,train,PNEUMONIA,1.444444444,2.956739939,d8402fbf47945e92462b52f81e284b402961785a7d7e5c754e7856a55a3fd62d
D:/chest_xray/train/PNEUMONIA/person1669_bacteria_4423.jpeg,val,PNEUMONIA,1.32183908,3.065556133,81562bafd400005f3cfe83c02302320c782dd6a11a83b52e92562d5fffffef7b
D:/chest_xray/train/PNEUMONIA/person301_bacteria_1424.jpeg,train,PNEUMONIA,1.5,2.815847705,d4487cafe0fd3f50c14214492a45e3603b446d554f451f04926fb6da25fbe5b7
D:/chest_xray/train/PNEUMONIA/person30_bacteria_152.jpeg,train,PNEUMONIA,1.5,2.773437554,d0ef6fd4e752194f91344b1039a7c2e22ccb38e5dec57cd9dac8d2691cf0920c
D:/chest_xray/train/PNEUMONIA/person387_bacteria_1769.jpeg,train,PNEUMONIA,1.705882353,2.676259258,95a93ec0d85b1c7dd0f28fc79e2ec538ad0954014140cad3492ec3539ae797ff
D:/chest_xray/train/PNEUMONIA/person670_virus_1256.jpeg,train,PNEUMONIA,1.676864245,2.935672741,c45438bbe1a107e11a87645e16a89e41b168c7adda5fbc7a06e54b13e57e87e1
D:/chest_xray/train/PNEUMONIA/person543_bacteria_2284.jpeg,test,PNEUMONIA,1.601092896,3.070312478,d40aeeffa3d51f4bd52d0b24249a67c14c4bc4e9cfc3c2fbce81ff8982a0085a
D:/chest_xray/train/PNEUMONIA/person406_bacteria_1820.jpeg,train,PNEUMONIA,1.296875,3.152636845,900a2bf5e2d43e42c20b096a3c37615c3c754a7c17bc1cd745d719d33cde17b6
D:/chest_xray/train/PNEUMONIA/person644_virus_1225.jpeg,test,PNEUMONIA,1.794520548,2.933360479,9155eda28f97125c87581b7c832438f0a38b4974558755f4717a4f1de3e2ab8d
D:/chest_xray/train/PNEUMONIA/person1711_bacteria_4527.jpeg,train,PNEUMONIA,1.489795918,2.988859431,c1ed3e97e61b1b691965d7604d2e3824d2d16f2274a4d6826d0bb0966b4baeb5
D:/chest_xray/train/PNEUMONIA/person332_bacteria_1536.jpeg,train,PNEUMONIA,1.585365854,2.789640393,9cfd6ec0af10193ccf3408144caa8e9d14ea42ef52af53af532f55ae572a54aa
D:/chest_xray/train/PNEUMONIA/person810_virus_1446.jpeg,train,PNEUMONIA,1.117647059,3.081824189,9d41efbaa2bb3ae0a5b21a4381561f1629380f2c6b681ff0787ec7c03cdec7d0
D:/chest_xray/train/PNEUMONIA/person1156_bacteria_3101.jpeg,train,PNEUMONIA,1.438596491,3.399571823,d4476ee823f51250036b1b2dc5655a9d485c5e1f49f4c72a49f84f4b5fb04bd2
D:/chest_xray/train/PNEUMONIA/person1696_bacteria_4495.jpeg,test,PNEUMONIA,1.654320988,3.230804214,d402ebafaf940a0ac1697c00e0a24a82e4ea4e00e84a4b8afa7a4fe9fb5feffb
D:/chest_xray/train/PNEUMONIA/person1243_bacteria_3199.jpeg,train,PNEUMONIA,1.512037037,2.976399544,91e86e85a616387aed696da52c87e7976f1286104e35ef69c7154f24c32dc30e
D:/chest_xray/train/PNEUMONIA/person1670_bacteria_4425.jpeg,test,PNEUMONIA,1.431034483,3.083752295,d5023dffc2ff8754eb061f42a02340502421401028a274876bd234fdef7fffff
D:/chest_xray/train/PNEUMONIA/person25_bacteria_117.jpeg,val,PNEUMONIA,1.423076923,3.001194863,c8ad3e90e2121a0fd03e6bcc38d5f9d76dc3fe52c7d15c4af8c8e88abc12c829
D:/chest_xray/train/PNEUMONIA/person1463_virus_2516.jpeg,train,PNEUMONIA,1.569892473,2.853595189,d00a2ff5e3907f4b5c1f42793ea15a7e53781c253c3426f03e8725a561e03cb7
D:/chest_xray/train/PNEUMONIA/person1571_virus_2728.jpeg,val,PNEUMONIA,1.831460674,3.102605809,d00b76f5e7d03f4afc3c29f01d7723d83dcf93c36fc03c01ef40fc01ba08e520
D:/chest_xray/train/PNEUMONIA/person1139_virus_1882.jpeg,train,PNEUMONIA,1.694409938,3.241038678,9141f4aec7a51e51861d4b4cb87ac2f06b0538e96bc370b7b5b46d07b1aec792
D:/chest_xray/train/PNEUMONIA/person658_virus_1241.jpeg,val,PNEUMONIA,1.526315789,3.156587007,d02b3df6e7d02f41be256b243ca14098248830d221c993c0bafec7e5bbc7f3fc
D:/chest_xray/train/PNEUMONIA/person659_bacteria_2551.jpeg,train,PNEUMONIA,1.631578947,2.765360048,c029aff7e1c01f03d20f23d49a554115d60a582ad2fb5b4d3cfccb6bd61e5358
D:/chest_xray/train/PNEUMONIA/person469_bacteria_1995.jpeg,train,PNEUMONIA,1.421291053,3.360145084,d044012ac1ff97fcc2908a5b3d5bc82f8f3c783b9cb4583ce187dad494a1bad6
D:/chest_xray/train/PNEUMONIA/person381_bacteria_1730.jpeg,train,PNEUMONIA,1.487804878,2.767271318,80aa6aa097550d4a83a83f556975978379f6d5e050824955a7ed6af847ea56be
D:/chest_xray/train/PNEUMONIA/person1363_virus_2346.jpeg,val,PNEUMONIA,1.424242424,3.31003677,d0567daae7913e51a77d0f50ba7c0bf9283f30f80a173c7c2a0f1e5230f03c1e
D:/chest_xray/train/PNEUMONIA/person30_bacteria_150.jpeg,train,PNEUMONIA,1.512820513,2.90048157,90aa6aa0ef031a6f9a285a2139a74ab638dab8d36f433d387f1a1ca578b44f2f
D:/chest_xray/train/PNEUMONIA/person1469_bacteria_3824.jpeg,train,PNEUMONIA,1.786516854,2.640938328,d07f6ee0a5011a7f183d1a701b529cbf8e511c5b9449074b376f43b68f0659f5
D:/chest_xray/train/PNEUMONIA/person57_bacteria_271.jpeg,test,PNEUMONIA,1.334525939,3.24549369,90416fafead53e506b4e1daf4c1435d07cf1c7a41883c5695dfd116d018d1f65
D:/chest_xray/train/PNEUMONIA/person462_bacteria_1961.jpeg,train,PNEUMONIA,1.454545455,2.930600995,d40a20b5c3d21f48c30d0f2cf03c0f7ebe1469ee9e87694b96d2f04b87a5db4b
D:/chest_xray/train/PNEUMONIA/person899_virus_1553.jpeg,train,PNEUMONIA,1.596491228,3.2272413,d02174f6c3de1b4bc5250d82982343042c0800f06b413c7bef937fe3f6fd7f6d
D:/chest_xray/train/PNEUMONIA/person484_virus_986.jpeg,train,PNEUMONIA,1.567901235,3.095637942,905fefa887d51a5a81291a2581fa143148f485a268bcc74bd6bf68f3be2f78f0
D:/chest_xray/train/PNEUMONIA/person311_virus_634.jpeg,train,PNEUMONIA,1.408333333,3.046961343,d0af74d0c7421b0b852f0d37287d86f528be31ff869f38bca7836c48b8d0c707
D:/chest_xray/train/PNEUMONIA/person429_virus_877.jpeg,test,PNEUMONIA,1.536398467,2.919517839,c1fb3fd4c243186bb87869d03cc1dad20f2f923dc3783e453853ec90968778e3
D:/chest_xray/train/PNEUMONIA/person1535_virus_2672.jpeg,train,PNEUMONIA,1.455357143,3.210831782,904f6da0e6801e52c86b296c29f685f628db857e8f9d397aa630ff05b960ef30
D:/chest_xray/train/PNEUMONIA/person872_bacteria_2795.jpeg,train,PNEUMONIA,1.448275862,2.679954499,91542faeee851a529c6b4bc13d0fc5b64fd25c92c352cf4b90a5c36a1d25d2f4
D:/chest_xray/train/PNEUMONIA/person533_bacteria_2245.jpeg,train,PNEUMONIA,1.723684211,2.782735588,94ab3794c7029e7ed2789b6890b4cb52bc95c492b78db0d8c78d879869e9963c
D:/chest_xray/train/PNEUMONIA/person19_bacteria_62.jpeg,val,PNEUMONIA,1.7,2.822130536,82a8aa55855a1aab02b50b9209f9ffa17bf4fff56ff449f826f500dc015e24a4
D:/chest_xray/train/PNEUMONIA/person1628_bacteria_4295.jpeg,val,PNEUMONIA,1.666666667,3.072457782,815e6fa187151a5e83695f217ba687a21a017900468378d2e9c3df8779f0efeb
D:/chest_xray/train/PNEUMONIA/person1628_bacteria_4294.jpeg,train,PNEUMONIA,1.328,3.18620978,c0af7ed6e7ca0f2d4db5c6966dc9d06de6d06c65e4e1c6414d21dc604b586da0
D:/chest_xray/train/PNEUMONIA/person77_bacteria_374.jpeg,val,PNEUMONIA,1.188679245,2.917770124,90402abfca801e021e3f1afd35a0d697a6bfe789e70d2e0969684b3b4be83afa
D:/chest_xray/train/PNEUMONIA/person602_bacteria_2460.jpeg,test,PNEUMONIA,1.513513514,3.265754803,905365a9e7951a5fc3693b24f1707ad030d3e4fa3a56b4f93e493c4b86913878
D:/chest_xray/train/PNEUMONIA/person1218_bacteria_3171.jpeg,train,PNEUMONIA,1.666666667,2.969752246,955beea0a6811a5f817e5706197e97fd0e5f046847055d7817835e1e35e8c687
D:/chest_xray/train/PNEUMONIA/person370_virus_752.jpeg,train,PNEUMONIA,1.333333333,3.199419458,d42a7aa12ff03e02af4a3e4d2d2d3c34287e2c3f2c3f25872cbf24f22e8f2c16
D:/chest_xray/train/PNEUMONIA/person326_virus_668.jpeg,train,PNEUMONIA,1.75,3.22537735,d45b6ed485571b5b9f2f17b608d2a4aa6ae14241869549d92d0b26946978bebf
D:/chest_xray/train/PNEUMONIA/person470_bacteria_2003.jpeg,train,PNEUMONIA,1.441729323,3.217150391,d00bee94a3d53b0faf3f2d353cb8c6c06c4b74c246525d39dfc74d3c1824c782
D:/chest_xray/train/PNEUMONIA/person536_bacteria_2257.jpeg,train,PNEUMONIA,1.418367347,2.865407972,915f7be84a811e1e1a085b6918611d3509d319729d68dbd6bbc2bc69aaf8ce6b
D:/chest_xray/train/PNEUMONIA/person257_bacteria_1200.jpeg,train,PNEUMONIA,1.526315789,2.863574043,94156eb0ebc23e0bc23c6f04b4b06f8234f6e7a734d741c303cf51c3c6de315e
D:/chest_xray/train/PNEUMONIA/person443_bacteria_1924.jpeg,train,PNEUMONIA,1.348484848,2.862702397,98a96a82ae0a39688ea428b32b998edd69fd92f44a7f33b59b7c5dac12a908a7
D:/chest_xray/train/PNEUMONIA/person115_virus_219.jpeg,train,PNEUMONIA,1.633587786,3.163732462,d44afc80e7961b5ac7341a3692700395386b268338d234bf4f4b69efc79e1f49
D:/chest_xray/train/PNEUMONIA/person1169_virus_1968.jpeg,train,PNEUMONIA,1.392523364,2.908264873,d4eb6e90075a1e2e4b2c4fb26ceae6882e8229cad7964b7a53e056826be3b3c3
D:/chest_xray/train/PNEUMONIA/person75_bacteria_366.jpeg,train,PNEUMONIA,1.336842105,2.77445914,c029aff6c3ca0f218aa42ba23eb22fca2da996fb45ab06aa41aa4da758d34df5
D:/chest_xray/train/PNEUMONIA/person71_bacteria_349.jpeg,train,PNEUMONIA,1.414634146,2.668070262,94ea6a10e7003c07cd3c111f31fe877a2d7a81ef0dff31fd75c3d5217503d003
D:/chest_xray/train/PNEUMONIA/person1340_virus_2311.jpeg,val,PNEUMONIA,1.387096774,2.914333257,917f2ea5c7951a5b1c7a49291922dca26fa07c93fcb44f941c3c98774b4a586d
D:/chest_xray/train/PNEUMONIA/person257_bacteria_1193.jpeg,train,PNEUMONIA,1.6,2.679718367,940b3ef8ebc23e0bf21d6b0cbe386a083e094a0c5e0c1a1e2c257a0f7d7df6d7
D:/chest_xray/train/PNEUMONIA/person298_bacteria_1409.jpeg,train,PNEUMONIA,1.362831858,2.915018125,d4ab3ef483420b2d85344bc03c4b9ebd69839cab43dccf2cd69a6d8793a78368
D:/chest_xray/train/PNEUMONIA/person911_bacteria_2836.jpeg,train,PNEUMONIA,1.254901961,3.117846911,95026aff4bf00f00c30f1f2de93c4cb02cb2cf87c386d7cbd787964ec694c14d
D:/chest_xray/train/PNEUMONIA/person36_bacteria_182.jpeg,test,PNEUMONIA,1.291666667,2.937961902,c00a6aa8a3d0f942efa9fd8d6dd0479a36d5474bb67d772d2d6114aa4255512b
D:/chest_xray/train/PNEUMONIA/person23_bacteria_100.jpeg,train,PNEUMONIA,1.518518519,2.976493819,905423fbefb53f06c27b1f79f6004f783ca048d23ca14bd63da370d20f6a5887
D:/chest_xray/train/PNEUMONIA/person727_bacteria_2629.jpeg,val,PNEUMONIA,1.151219512,3.246781077,915523fee3e01e81fa174a7f396a68ac0b2938a131ea9e2d615a9ff8485af389
D:/chest_xray/train/PNEUMONIA/person13_bacteria_49.jpeg,train,PNEUMONIA,1.19683908,3.292424344,80156aaae7a85e855e175a5e5e09542f59e53d6151e149e23e5e4aff7bf01842
D:/chest_xray/train/PNEUMONIA/person1137_virus_1876.jpeg,train,PNEUMONIA,1.29226361,3.123365929,915e65a5c6b51a56876fcf4f3c3ec6383979b1bdcb53386862b4090730a4cb1a
D:/chest_xray/train/PNEUMONIA/person1132_virus_1863.jpeg,train,PNEUMONIA,1.673728814,2.678181161,91543beaf7816e05bc3cc6784e211e215c21c7385fb07a1ae3bd4396384efce5
D:/chest_xray/train/PNEUMONIA/person161_virus_317.jpeg,train,PNEUMONIA,1.398230088,3.364056017,d4292bd7e3d08b40ea275e2f6a2f45fe38fa61db3a964943e9e17848e9047d04
D:/chest_xray/train/PNEUMONIA/person502_bacteria_2118.jpeg,train,PNEUMONIA,1.494117647,2.89768192,90fe6bc06f171e5f4b69386481603810a1c1391429f01c3f5b6bdf2e5b7b5f0f
D:/chest_xray/train/PNEUMONIA/person1395_virus_2398.jpeg,train,PNEUMONIA,1.659340659,3.006568316,d00a35bfc6b51b529d2d493d3de0c0e549c03c02c8d6c381bc2fcb5b93f13cfd
D:/chest_xray/train/PNEUMONIA/person878_bacteria_2801.jpeg,train,PNEUMONIA,1.306563707,3.258259012,94117caae5ff3ed1c354cb401b46c38c031af259c3f03824f43eaf04fdf4c3f2
D:/chest_xray/train/PNEUMONIA/person648_virus_1230.jpeg,train,PNEUMONIA,1.265306122,2.774825425,d40a7eb5c7d55b4bed2acd3429c29c83c0986c92900fc3da39271a77e9b26da5
D:/chest_xray/train/PNEUMONIA/person314_bacteria_1461.jpeg,train,PNEUMONIA,1.219066937,3.194632476,9401702ae4bd9fb5c7561b40a14acf253c6b78d4a56d68f1a7464cf1e1d0d6af
D:/chest_xray/train/PNEUMONIA/person1458_virus_2502.jpeg,train,PNEUMONIA,1.308943089,2.73144784,902b3fd4d6001c2b14b435f1b4c395ca9d2d9a5aaf683c313c728ff12b1f4b6b
D:/chest_xray/train/PNEUMONIA/person326_virus_675.jpeg,test,PNEUMONIA,1.571428571,3.29506668,d0f96881e4071f5e957d4b753d7f57f44d023ce247c20d2c4de1cb4a1e1c16c3
D:/chest_xray/train/PNEUMONIA/person75_bacteria_365.jpeg,test,PNEUMONIA,1.483516484,2.862504795,8aab7fd5c7021a2ada794f619cd44d429e96c99a9796d2dae985d846e8253a29
D:/chest_xray/train/PNEUMONIA/person502_virus_1011.jpeg,test,PNEUMONIA,1.375733855,2.958195133,9800295fe5fa7fa8be80e60a4afdb56fc2bf8f7c142f42f50d21103dc17a16a1
D:/chest_xray/train/PNEUMONIA/person268_virus_553.jpeg,val,PNEUMONIA,1.597826087,3.087833103,d40224bfc2f40b4ac72c1b44b82ecb943d20ecfc6fc0b4f4cf7a1e0bbcf8c7c1
D:/chest_xray/train/PNEUMONIA/person487_bacteria_2060.jpeg,train,PNEUMONIA,1.27514547,3.297995401,c4102eebe3f31e804b465b4f2d2a469d38d84d6943a52de5d6d96dcb96c54996
D:/chest_xray/train/PNEUMONIA/person264_bacteria_1229.jpeg,train,PNEUMONIA,1.528089888,2.942448264,d8552faae3a03e857a5f7b5e3d6ce5fe5d78756961e555455550555054164010
D:/chest_xray/train/PNEUMONIA/person33_bacteria_175.jpeg,train,PNEUMONIA,1.43601359,3.006080021,81f47c2fae15786ae9256d14cbd2c7bbca658725c824c304cf2ccbb4e32fe348
D:/chest_xray/train/PNEUMONIA/person849_bacteria_2770.jpeg,val,PNEUMONIA,1.75,2.640600568,80bf2fd5e7556e0bbc28cbc0cb41ca07c32a53a2496a47e75b8279e953d04f47
D:/chest_xray/train/PNEUMONIA/person982_bacteria_2909.jpeg,val,PNEUMONIA,1.677083333,2.735412544,d0ff7f50fe175e595f6818a908ae088e38826eaa3ef20bdf041f08792c387f68
D:/chest_xray/train/PNEUMONIA/person1597_bacteria_4193.jpeg,train,PNEUMONIA,1.269005848,3.397067962,9140fbffd79216534a295fb07963412d1be55acf4bc33ca2479e1e0b38622b86
D:/chest_xray/train/PNEUMONIA/person1296_virus_2224.jpeg,train,PNEUMONIA,1.507575758,3.103022985,d0fd6e52c7191d0f9d3424b43cfc867028f3028bc70d310ec707c79adf96cf83
D:/chest_xray/train/PNEUMONIA/person36_bacteria_184.jpeg,train,PNEUMONIA,1.419753086,2.829449913,d05529ebf5ac168456174a5f1e694850c4b32f6bed6a3be93d0ad07f0d683c43
D:/chest_xray/train/PNEUMONIA/person26_bacteria_128.jpeg,train,PNEUMONIA,1.481481481,2.672711591,d00a2ff5e7d05f42922b4a7f1f6d57f54fd114b643d215c1d3d5c342928642d2
D:/chest_xray/train/PNEUMONIA/person1449_bacteria_3746.jpeg,train,PNEUMONIA,1.330985915,3.454406453,d56b2ab5efd06f5f4c2d4db07cf24cf04fc01ceb006a09042c25e968e25c7e7d
D:/chest_xray/train/PNEUMONIA/person929_virus_1588.jpeg,train,PNEUMONIA,1.233502538,3.213528156,d4402abfe3fd0bd80f2f48ae1cf21cda74fa5c204c0b492f1f0f5b0f49685f0e
D:/chest_xray/train/PNEUMONIA/person1796_bacteria_4644.jpeg,train,PNEUMONIA,1.516853933,3.102786103,d4bf3ed1175a1aaf6ef17d506cf8ee9a7c12c3106924d8614b0578e3e1836d21
D:/chest_xray/train/PNEUMONIA/person1609_virus_2791.jpeg,train,PNEUMONIA,1.442622951,3.075434204,d42a2dfde3901f42bf2bc92c2c2780bf41db1c0fc0f7810f3c0fc3d0fd2d3c34
D:/chest_xray/train/PNEUMONIA/person1294_virus_2222.jpeg,test,PNEUMONIA,1.52,3.030953626,817b2bf5e2020a4b3868e07169a77caf62b46f8f29ae70f249ea596bd0f0e683
D:/chest_xray/train/PNEUMONIA/person386_virus_771.jpeg,train,PNEUMONIA,1.475409836,3.053844265,d00a25fdc6d01e43c10d2d44fc1b6fdbbcc3c2d30c0b1093c181b87fc7d3beb7
D:/chest_xray/train/PNEUMONIA/person1671_bacteria_4432.jpeg,train,PNEUMONIA,1.4921875,3.293350242,d40afea8aff53b54af3f2c172c280c112c6b069b0c1e872d0e4b6cf89e1e6dab
D:/chest_xray/train/PNEUMONIA/person955_bacteria_2880.jpeg,val,PNEUMONIA,1.376344086,2.80741791,d00b2ff5e2c05b4a5a2d4b7c1e25487b3da538d378f158c2784fd0d25943d96d
D:/chest_xray/train/PNEUMONIA/person1072_virus_1775.jpeg,train,PNEUMONIA,1.694736842,2.951382195,9781295ec67c7a7878e1ca6b786952e14e32303061924f1845395953cd7def7d
D:/chest_xray/train/PNEUMONIA/person1413_bacteria_3613.jpeg,test,PNEUMONIA,1.443396226,3.057650835,94117eaaabd513421f2a552c1cb44c1f4cf95cf354fe478f0f8b8c9e84b60f07
D:/chest_xray/train/PNEUMONIA/person1524_bacteria_3984.jpeg,train,PNEUMONIA,1.316455696,3.253000128,915e6ea0a695185701691da538f40db338f647f25f9659784f1c58d6c7e14e3c
D:/chest_xray/train/PNEUMONIA/person414_bacteria_1835.jpeg,train,PNEUMONIA,1.213607595,3.25670735,905429bec2a81e45ea077b1b7c3b63be396841e51be238d743c338485afd9f85
D:/chest_xray/train/PNEUMONIA/person363_bacteria_1655.jpeg,val,PNEUMONIA,1.126582278,3.003335179,d8af2fd0e2513b4bc5356d3630924d783c92c2ff6f8bb286c7001596d16c4f2d
D:/chest_xray/train/PNEUMONIA/person740_bacteria_2643.jpeg,train,PNEUMONIA,1.682730924,2.642397888,d000742fe2fc3f50ba4a6bc5b0da4bf0a49e0b7de5294b05bc29e1f5cb4196f4
D:/chest_xray/train/PNEUMONIA/person1590_bacteria_4174.jpeg,train,PNEUMONIA,0.983935743,3.146101809,c940afff96aa12551e2a0fdb1d6f4b741d2816d90fd71e970a521a4b1ad60f31
D:/chest_xray/train/PNEUMONIA/person302_bacteria_1430.jpeg,train,PNEUMONIA,1.39047619,3.128969519,9c41a4ab02b91a50c3691f4693aa4b4b91ad4f6d353a4b5afc3f4f866d2f61f0
D:/chest_xray/train/PNEUMONIA/person1218_virus_2066.jpeg,train,PNEUMONIA,1.567567568,2.976417767,90aa2ba5e6055e5f4469042a20fb04d5295d35d74bdb538b6a8aeb8beb4afe52
D:/chest_xray/train/PNEUMONIA/person1095_virus_1815.jpeg,test,PNEUMONIA,1.528089888,3.011609392,d01f7ab0e7d05f0ae92d97a168d7e5e896cd685ac728963d38699f2c9a341903
D:/chest_xray/train/PNEUMONIA/person61_bacteria_291.jpeg,train,PNEUMONIA,1.325,3.105908234,d4502d2be0bd92f083421bcab5a84bcb2bc34abf2d2d2eaf6b4a6be02a2f38f4
D:/chest_xray/train/PNEUMONIA/person101_virus_188.jpeg,train,PNEUMONIA,0.99086758,3.145479954,c8af3d50c330194618ad515c3ca5d9724dea18cfc36e4fa79246cb681eccda6f
D:/chest_xray/train/PNEUMONIA/person458_bacteria_1952.jpeg,train,PNEUMONIA,1.317647059,2.918728023,d0a52bdfef4a3f016a0f4b9f1cab784245433d407c103ff13e3170f844ab5c3b
D:/chest_xray/train/PNEUMONIA/person1481_bacteria_3862.jpeg,train,PNEUMONIA,1.232876712,3.204072142,d06b3fd07e801e7a1071086118a549e41be212be430e3afbfb783f5afe5e4d1a
D:/chest_xray/train/PNEUMONIA/person1442_bacteria_3726.jpeg,train,PNEUMONIA,1.494736842,3.247415599,915fe0a0c7911a5ac3681f24b13ede117878b5a47e96f18cc78778f29694ce1e
D:/chest_xray/train/PNEUMONIA/person542_virus_1072.jpeg,train,PNEUMONIA,1.811764706,3.063703382,d40060af82f55b50f12e1f13b14f1fbdf85a87f07d35c1691f01e0da34f09e17
D:/chest_xray/train/PNEUMONIA/person259_virus_540.jpeg,train,PNEUMONIA,1.691489362,3.111032901,d45f66a096955b42af2a3b128f683965cf543962c3d23cb6e38f69f0a1873c70
D:/chest_xray/train/PNEUMONIA/person33_bacteria_169.jpeg,val,PNEUMONIA,1.617765814,3.009276554,915ea8e1eb873a1e9a38ca519c69d8a5cf2590bd69e1ef60bc302a9780f6a5a7
D:/chest_xray/train/PNEUMONIA/person908_virus_1564.jpeg,train,PNEUMONIA,1.466666667,3.15940077,d40065f7e3d43f40ed253f522c0904d02c3240982c0974b52ecf7cf7e2fe7f3f
D:/chest_xray/train/PNEUMONIA/person595_bacteria_2438.jpeg,train,PNEUMONIA,1.198113208,3.202099013,d4122bbf42841e12540d4b781d20e0f6adaafe96e39e1e163d1f37a52d2b2dab
D:/chest_xray/train/PNEUMONIA/person257_bacteria_1194.jpeg,train,PNEUMONIA,1.4,2.842573001,d5eaff80a2071a7fd2f049003cf759e3198611f415841cdcbbe18e8eaae9afa1
D:/chest_xray/train/PNEUMONIA/person415_bacteria_1838.jpeg,val,PNEUMONIA,1.810344828,2.898932013,905539eae3a09f85f48fc2d41c5242549ebece52e6f11e50ec3b02d43f16c3f5
D:/chest_xray/train/PNEUMONIA/person337_bacteria_1554.jpeg,train,PNEUMONIA,1.404494382,2.803057591,cc9def42c7614d1fc0f28bc9cbe0cbe06d8b52e8132853e8536f527c6861bb4c
D:/chest_xray/train/PNEUMONIA/person509_virus_1024.jpeg,train,PNEUMONIA,1.528052805,2.988496485,800519ff657ac7a86ba0bf856607c2b5b2c71ac73287c2d5d3b474a9b85e07aa
D:/chest_xray/train/PNEUMONIA/person671_virus_1260.jpeg,train,PNEUMONIA,1.483535529,2.664978881,8011217febea9780fc87c25a6e8bf94dd5ab5a15b54bc6a55959f4a84a5c3c0a
D:/chest_xray/train/PNEUMONIA/person636_virus_1217.jpeg,test,PNEUMONIA,1.232758621,2.946606657,d00b3cf5c2d00b409b0de8346dd0fcef7ed46d82908382920f0b969fefe9cb5e
D:/chest_xray/train/PNEUMONIA/person291_bacteria_1377.jpeg,train,PNEUMONIA,1.453007519,3.305954462,915729e8c7a0be05c2573a71e87244b53cd3f0eb0c2db4afede3387a84a43c3a
D:/chest_xray/train/PNEUMONIA/person358_virus_737.jpeg,train,PNEUMONIA,1.281481481,3.123246696,d02f3df0e2d02f4afa0f692d3cb568b66da53c9369e30ac7596dc1e05a4b1834
D:/chest_xray/train/PNEUMONIA/person703_virus_1300.jpeg,val,PNEUMONIA,1.25873129,3.205029905,9155a5aac6a01a45cb276b123c7b69e9396579e5692398a349a5397a5b7e5b09
D:/chest_xray/train/PNEUMONIA/person575_virus_1119.jpeg,train,PNEUMONIA,1.5,3.029965285,915e07a8c6811a57e86d6954bc5e4bfd3c47c29ecf1e1cadc3503c1e82d4ad2b
D:/chest_xray/train/PNEUMONIA/person1158_bacteria_3103.jpeg,val,PNEUMONIA,1.390243902,3.303837563,815f3be8f2837a17d27858e091e1139ed7be92941812d2b51e3cc5a504af2def
D:/chest_xray/train/PNEUMONIA/person317_bacteria_1473.jpeg,train,PNEUMONIA,1.200319234,3.225027338,d0402aaff6fc5e405c4f487d19a05a9851e21ac3da5f1a6f1a699a7a1efd9e30
D:/chest_xray/train/PNEUMONIA/person906_bacteria_2831.jpeg,train,PNEUMONIA,1.494382022,3.219561061,d4022fbda3f50f50974b1f40342d13965969597d596dd0f4d2be7c2dc1e0582d
D:/chest_xray/train/PNEUMONIA/person1273_bacteria_3234.jpeg,train,PNEUMONIA,1.642857143,2.981827981,c4ca2cd0524a1f2dd0b40bb0963d4bb49e324b578f28d23c2f1fd03f0debbc3e
D:/chest_xray/train/PNEUMONIA/person1406_bacteria_3575.jpeg,train,PNEUMONIA,1.462264151,3.226729958,d4a92fd552c05f0bd62f4bac382c787c2dad1eb548fa49f098f083791e560e5a
D:/chest_xray/train/PNEUMONIA/person453_virus_935.jpeg,val,PNEUMONIA,1.510299003,2.988585419,d0f435cbe30b3c78693c39c678d66bc738c761e42d842c6549613c63c37a3d63
D:/chest_xray/train/PNEUMONIA/person1380_bacteria_3515.jpeg,train,PNEUMONIA,1.546511628,2.930195956,d40b7ea0c7d51b4a9b2d1db428f2c4d026d964cbc78f2e1f4c799e4bb0e4c946
D:/chest_xray/train/PNEUMONIA/person970_virus_1644.jpeg,train,PNEUMONIA,1.510416667,2.912362412,d00b74abe6d51bd7935acf109b5e81388e30392c33e43c27396ce7a09e3639e6
D:/chest_xray/train/PNEUMONIA/person417_bacteria_1841.jpeg,test,PNEUMONIA,1.14379085,3.073009664,c91a3bfdc2e00f46902f4b7c1c2948f119e89a65c9631e0dda5ec78f1e69c66b
D:/chest_xray/train/PNEUMONIA/person463_virus_952.jpeg,train,PNEUMONIA,1.695652174,2.959854865,c4ad3b42641d1d7e5d704db01aa36c88da8a6e8f98dec315d54e09b695666da7
D:/chest_xray/train/PNEUMONIA/person1321_bacteria_3358.jpeg,train,PNEUMONIA,1.567901235,2.925203653,85f8eed5ee5f3b2d8fa00e120cf80f872d8e87970d4e34948a6f68a1d21b6c39
D:/chest_xray/train/PNEUMONIA/person544_virus_1074.jpeg,train,PNEUMONIA,1.149171271,3.283875308,d0afadd4e3d01f42413d45341c0f40ca4d5a3cf24fd75c7f50f3478b48ba3be0
D:/chest_xray/train/PNEUMONIA/person1496_virus_2605.jpeg,train,PNEUMONIA,1.73255814,2.739172065,d0ff2a00afcb2b3589950d9b094dd35d396810e13aeb7eaa96a45e6c1e149e57
D:/chest_xray/train/PNEUMONIA/person359_bacteria_1643.jpeg,train,PNEUMONIA,1.096774194,2.868956143,90502bbfc6a01ec4d61646783c62d32b4fd51d36618645c21e25f3de56f45e7d
D:/chest_xray/train/PNEUMONIA/person1584_bacteria_4148.jpeg,train,PNEUMONIA,1.62195122,3.107506804,95500fffee810a173e9e4ad843a87ea57828c4e5fdc058a5f5e8610c3f96b529
D:/chest_xray/train/PNEUMONIA/person1482_virus_2570.jpeg,train,PNEUMONIA,1.658536585,2.869351652,c42b6ff1274a2d2d85966c0b94b93e4c2c6d960c2b6e16645a425f275f876c7e
D:/chest_xray/train/PNEUMONIA/person454_bacteria_1945.jpeg,train,PNEUMONIA,1.790575916,2.874706011,d40a7eb08f5a3d2fcf343496e19b9609696d87244eb60f8686364b4397c70c7e
D:/chest_xray/train/PNEUMONIA/person1328_virus_2295.jpeg,train,PNEUMONIA,1.505050505,2.866113749,c2a52ffaeb402d079016452c55be52fa0c3812f8c1ff4d7f58e84aa9aeebaa58
D:/chest_xray/train/PNEUMONIA/person27_bacteria_137.jpeg,val,PNEUMONIA,1.544117647,2.639832544,94006abaebf43fc0e20b0befef04c13c3e14e8362ff06c3febf12f00e0f80fd0
D:/chest_xray/train/PNEUMONIA/person382_bacteria_1737.jpeg,test,PNEUMONIA,1.582417582,2.861113894,817b3b816a065e5a586918e93d8615de69c6174c57da53ca70eb6b4ab21aaad7
D:/chest_xray/train/PNEUMONIA/person514_virus_1031.jpeg,val,PNEUMONIA,1.629787234,2.773041388,90117c3fe0b86ae03e5070c2e7807e017a05f780f7c2fb507a8ffa95f503bc2f
D:/chest_xray/train/PNEUMONIA/person281_bacteria_1333.jpeg,train,PNEUMONIA,1.395604396,2.826107485,90ebaff0e6803e0ab85a69693c157971e5f19f32e5b4929a396f92d28e39a0b0
D:/chest_xray/train/PNEUMONIA/person48_bacteria_230.jpeg,train,PNEUMONIA,1.216494845,3.194023017,91442beae7a01e85965f1adc394a4aa53d21785349cb386fe1e1ef207abda5e1
D:/chest_xray/train/PNEUMONIA/person1129_bacteria_3070.jpeg,train,PNEUMONIA,1.653061224,2.772987822,d0ad3dd062135e2b423c2f743ad76bad3eb27de760803a0b22cfa3c2294d635e
D:/chest_xray/train/PNEUMONIA/person536_bacteria_2258.jpeg,train,PNEUMONIA,1.232,3.131471154,d0a01d5f7ac0514b3e1f98aa30d194a23fcbc38fb3e6496a097a84b292fb96f3
D:/chest_xray/train/PNEUMONIA/person383_virus_767.jpeg,train,PNEUMONIA,1.518867925,3.001143458,904265bfc6b01a42c30d1b7ebd3b6ffd3d0040a50952949fc783f96b58f51f0b
D:/chest_xray/train/PNEUMONIA/person157_virus_311.jpeg,test,PNEUMONIA,1.453947368,3.255653817,915e7ca0a6b13a56a9683cb538f02cb138fc1db63c343d788f0f587438a54f3d
D:/chest_xray/train/PNEUMONIA/person1496_bacteria_3911.jpeg,val,PNEUMONIA,1.440366972,3.12323909,d0006bbfe7b11e43bb494b7d19a7c0f60fd21887c5d21683f9529d503c97b5e0
D:/chest_xray/train/PNEUMONIA/person1026_virus_1718.jpeg,train,PNEUMONIA,1.568807339,3.224874252,90402bffe3d55e40eb2f48342c006180282049c369e07c2febc377fcfd3f7fe5
D:/chest_xray/train/PNEUMONIA/person890_virus_1540.jpeg,val,PNEUMONIA,1.649253731,3.03380497,d0abf4029700396b8730387843e43c3e7def3ebf78e22da528584b0d969479eb
D:/chest_xray/train/PNEUMONIA/person1003_bacteria_2934.jpeg,val,PNEUMONIA,1.1625,3.039869554,c4af6f5467f8376ad32f5b211c3756983e283e3c0b2e3c36131e5f0d70d24258
D:/chest_xray/train/PNEUMONIA/person1321_virus_2279.jpeg,test,PNEUMONIA,1.5,3.156308116,d0ad78d2c700392fac313cb33cf984e72cdb18f38ebb0d3d8a319e1a2936c716
D:/chest_xray/train/PNEUMONIA/person1619_bacteria_4267.jpeg,train,PNEUMONIA,1.188679245,3.229146376,d0af2fd01d001e3d5aff1ef83ad5ebd46f00e83ae16a7d0a614fe1412c21a9ea
D:/chest_xray/train/PNEUMONIA/person1942_bacteria_4865.jpeg,train,PNEUMONIA,1.284482759,3.09837048,d0a52d7b560002ad1fff5ff02ea32d1b3e5dad740550b9483d40550abe0b3dde
D:/chest_xray/train/PNEUMONIA/person16_bacteria_54.jpeg,train,PNEUMONIA,1.58008658,3.183734514,d40baff5e3d21b0bc7347d4a04f94cd23cf743d2142550f25f9f74b4490a3c34
D:/chest_xray/train/PNEUMONIA/person266_bacteria_1249.jpeg,train,PNEUMONIA,1.61038961,2.779458941,d53f7ff5f3d05f4ad20e4b283c2c34f03c61bcb86bf06d2d43c2494b08a54a4e
D:/chest_xray/train/PNEUMONIA/person1400_bacteria_3551.jpeg,train,PNEUMONIA,1.339449541,3.094799118,d408aaffe355530a5503412a6c74e0d46c814c0b43937dd3f1e9faaebd2eada5
D:/chest_xray/train/PNEUMONIA/person61_bacteria_295.jpeg,val,PNEUMONIA,1.397959184,2.752732227,8aafeef5f7d03b418307190f95b71e162d240e143cf846976d7941c70d1f92c3
D:/chest_xray/train/PNEUMONIA/person427_bacteria_1866.jpeg,val,PNEUMONIA,1.564102564,2.671293619,900a75d543820e1bd43d4b4cd57c5f05d16c1ef0eca90af02bab16be2babf4bc
D:/chest_xray/train/PNEUMONIA/person20_bacteria_66.jpeg,train,PNEUMONIA,1.423913043,3.05142465,d3feff54a10a177d5ff04b404a8bfcd543816d07fa95c142aeabf06aa1291027
D:/chest_xray/train/PNEUMONIA/person257_bacteria_1199.jpeg,train,PNEUMONIA,1.305263158,3.441483113,95faffd4ff427e1fea2068001815081338af0aff0f8f1fbecba88bac4b284d21
D:/chest_xray/train/PNEUMONIA/person515_bacteria_2186.jpeg,val,PNEUMONIA,1.654320988,2.63296738,ccbcb2c2aacb1b2f059f1d3d54e0192230b26c93644064c9647c65fb7faedaf8
D:/chest_xray/train/PNEUMONIA/person863_bacteria_2785.jpeg,train,PNEUMONIA,1.506024096,2.741393499,805a2ff5e750d7431a6d82294964b4b7cbd3675134d04b7aa7bb72da7878f008
D:/chest_xray/train/PNEUMONIA/person1236_bacteria_3192.jpeg,test,PNEUMONIA,1.520547945,2.93135375,91553fa84a041e1e94f04f5194af43c0b60dd0e5ac2f86b4cb630ebcc7de4def
D:/chest_xray/train/PNEUMONIA/person75_bacteria_368.jpeg,test,PNEUMONIA,1.517241379,2.977198287,d02baff4ebd23f4b4b3d1f2050364f0834b76dab14d341cb0492aaf8acb43acd
D:/chest_xray/train/PNEUMONIA/person1493_bacteria_3897.jpeg,train,PNEUMONIA,1.2734375,3.287513381,914a2bfd66a142165e3e58fa69e97b857b062c0e82312e733e35387c31de35e4
D:/chest_xray/train/PNEUMONIA/person1006_bacteria_2937.jpeg,train,PNEUMONIA,1.487547893,3.151812366,91a90f86c646186931e569e63092c3da3e6fc26c6f2666726b1a649f3a5ae39d
D:/chest_xray/train/PNEUMONIA/person299_bacteria_1417.jpeg,train,PNEUMONIA,1.61971831,2.819208808,80abaa95e7175d0f3a7892783b6419e013424d3c13f42fcb0ff01ef02fe16f2d
D:/chest_xray/train/PNEUMONIA/person1100_bacteria_3041.jpeg,val,PNEUMONIA,1.539215686,3.006161173,91ea27a1e6163e5af8786b4b3ca54ad23da770de65843cd269eb9e4348619645
D:/chest_xray/train/PNEUMONIA/person71_bacteria_351.jpeg,test,PNEUMONIA,1.141621622,3.03519507,94026bbfebd01f42872f0b7d312d4e141c1ad8d34f5b91e94f07962553d6cb0b
D:/chest_xray/train/PNEUMONIA/person458_bacteria_1951.jpeg,train,PNEUMONIA,1.324675325,2.97380295,d0016affebd43f42e32f4b6541014b645f604b785e7c52ed54a856aa43aab6bc
D:/chest_xray/train/PNEUMONIA/person281_bacteria_1324.jpeg,train,PNEUMONIA,1.397590361,2.920321306,d0073fb4e3d01f43986958283c2cc17a4983b1c739c63d7b9c5ec7da1d6990db
D:/chest_xray/train/PNEUMONIA/person580_bacteria_2389.jpeg,test,PNEUMONIA,1.397260274,2.712689269,d00a2abfe3d21f4bd40f495c1cb049954de298a5c94798e1b0a5e16b1ed7967f
D:/chest_xray/train/PNEUMONIA/person1670_bacteria_4428.jpeg,train,PNEUMONIA,1.656862745,3.123242402,d40b7ca9e7d59b52832e1b223f0a87282f0c3c2c69b42d2725e14b5a3c7f3da7
D:/chest_xray/train/PNEUMONIA/person67_bacteria_334.jpeg,train,PNEUMONIA,1.749077491,2.84950439,900b2fa0aa813a6eeb6d6b4785a56ad3bcf722da3a1232f97f7b107980003e7e
D:/chest_xray/train/PNEUMONIA/person1133_virus_1865.jpeg,val,PNEUMONIA,1.690866511,2.64711417,d4407c3fa7bd7a95a2551aaa687687b2681f97e0c82fab40ae0b07f09f02b07f
D:/chest_xray/train/PNEUMONIA/person75_bacteria_369.jpeg,train,PNEUMONIA,1.512995896,3.110812634,d4022fff23d51a43034a4b2c156c4bf03ce37cfb07861e9b575b160b1e1ea3d3
D:/chest_xray/train/PNEUMONIA/person663_virus_1248.jpeg,test,PNEUMONIA,1.394495413,3.10975283,87ffaff7a8560948556b4f2b2a28a2a1e67194517040beaa3a88cb487f559f72
D:/chest_xray/train/PNEUMONIA/person1279_bacteria_3242.jpeg,train,PNEUMONIA,1.477806789,3.072242481,940364aae7b53e9587121e17934f870e3a7db3287a7db1e86b8d385065ad4a74
D:/chest_xray/train/PNEUMONIA/person1181_bacteria_3129.jpeg,train,PNEUMONIA,1.42920682,3.224568357,957a3e850f111a5f05690db618f245d3495fc1efc78ef1e8c3e6487c892d4a3c
D:/chest_xray/train/PNEUMONIA/person1180_bacteria_3128.jpeg,test,PNEUMONIA,1.379310345,2.849544126,904a3fe8e7851e55d47a5a6994214ca518474b5f1fcf9a9ecb6a9a8bca5a902d
D:/chest_xray/train/PNEUMONIA/person298_bacteria_1408.jpeg,train,PNEUMONIA,1.420560748,2.910441398,d4a53bdad3511f23541e3af81cd1d1c71cd19245d76d55b456594d941c58453f
D:/chest_xray/train/PNEUMONIA/person1543_virus_2684.jpeg,train,PNEUMONIA,1.602272727,2.88979745,91e83b50c6165a6b58e04be21da732d24f8b3ede3bda0fa51a7809e516b61979
D:/chest_xray/train/PNEUMONIA/person623_bacteria_2496.jpeg,train,PNEUMONIA,1.602564103,2.847256488,902a2bf5c78016035e1f42281da45d4562a53aea6dad57551fc5aaafe2ea5d57
D:/chest_xray/train/PNEUMONIA/person1103_bacteria_3044.jpeg,test,PNEUMONIA,1.575471698,2.789443072,d17bfed1ee815a0a516e411d5a065ae94a8a086f08e76b2f6a3f29e70961197f
D:/chest_xray/train/PNEUMONIA/person35_bacteria_181.jpeg,train,PNEUMONIA,1.23699422,2.890307711,c10a2ffdb6905b54534e5a0f4b0a1ca94cb019ac12b46d3695ad6af22d7abf6d
D:/chest_xray/train/PNEUMONIA/person23_bacteria_93.jpeg,val,PNEUMONIA,1.683544304,3.186455186,d42ac3fde7d03f42e12f3ef0b0800e52b829c3963d0ec3872e4b93ed0f83387d
D:/chest_xray/train/PNEUMONIA/person535_virus_1062.jpeg,train,PNEUMONIA,1.5,3.009563406,d02f72d0c34a1b2dc4343902f4ff7fed3ccbc3e110010821878a7cbed7e93cf9
D:/chest_xray/train/PNEUMONIA/person468_virus_963.jpeg,train,PNEUMONIA,1.350096712,3.391458649,90577ea047b716131a6a4b2e1e1e4f38ea6d292ceb74bbb4abe9a0c530d03ce3
D:/chest_xray/train/PNEUMONIA/person124_virus_233.jpeg,train,PNEUMONIA,1.251851852,3.297448853,d42bfcb5a7f42b57874b570d55091e2d597a17bc495a01a50e066a4ae6a67e83
D:/chest_xray/train/PNEUMONIA/person37_bacteria_186.jpeg,train,PNEUMONIA,1.516129032,3.211158821,98406bbfe7943a52c12b2f0df0b03ce169b631a0581ac34278a7d3bc3b2ddbfc
D:/chest_xray/train/PNEUMONIA/person1308_virus_2253.jpeg,train,PNEUMONIA,1.257425743,2.995784753,91da1fa0e215ce5a9a68cc616f853816f4bacf847e06b1bce684eb1ad0a9e3f4
D:/chest_xray/train/PNEUMONIA/person365_virus_745.jpeg,val,PNEUMONIA,1.616470588,2.719986793,d15719faa5aa41a06b90b590e6b3eb51bd693cc46954ea7d3ea13c85e3d0c748
D:/chest_xray/train/PNEUMONIA/person265_bacteria_1236.jpeg,train,PNEUMONIA,1.541818182,3.110488218,d10023f5c7941e4b9a5d6b58bc936bd62da5b0d7c5829697c98ac69e9a5b3491
D:/chest_xray/train/PNEUMONIA/person294_bacteria_1382.jpeg,test,PNEUMONIA,1.413793103,2.903358541,d15a7fefef849e1ee86e0b683d2d42ff05c310da01fb1287295a9e903c48f5a0
D:/chest_xray/train/PNEUMONIA/person296_bacteria_1396.jpeg,test,PNEUMONIA,1.716049383,3.148353347,d42ae2bfebd47f40f5d54f40b0554f00bd2552f0ed0b10f0ef0b943cd3c2a70d
D:/chest_xray/train/PNEUMONIA/person983_bacteria_2910.jpeg,test,PNEUMONIA,1.680945347,3.078681308,d00a26bde3d03b4bad2fcb343d22d2f069c1b2c36f41bb0d7a7c9a65821e8b3c
D:/chest_xray/train/PNEUMONIA/person669_bacteria_2561.jpeg,train,PNEUMONIA,1.763888889,2.731225082,d0802dd6f7c116079a4fc3681a600e2ac2730a590e51c75ff5fc5f7a5d1ec7d4
D:/chest_xray/train/PNEUMONIA/person664_virus_1249.jpeg,val,PNEUMONIA,1.12962963,3.26538574,c00b2ff5ea806f4ade2f4b7e1d2b491e69a81842496347d61a5245fd96d61cf5
D:/chest_xray/train/PNEUMONIA/person588_virus_1135.jpeg,train,PNEUMONIA,1.17699115,3.116428942,95aa3e05b07e386815e50796399283d14b5fbec5cec7fc0ef4b4e50eb408e30e
D:/chest_xray/train/PNEUMONIA/person1483_virus_2574.jpeg,train,PNEUMONIA,1.449249779,3.256256398,d00aabf5e3505f0bd53e5d5a44764d121ca753e3748fc2c62dad08fc038f1cf4
D:/chest_xray/train/PNEUMONIA/person1325_virus_2287.jpeg,val,PNEUMONIA,1.637254902,3.150907496,91fa6f85c691385ee968392ee4866ad639c666963db8f3d26c8139e6ce121c61
D:/chest_xray/train/PNEUMONIA/person1486_bacteria_3881.jpeg,train,PNEUMONIA,1.358333333,3.304348923,c0a53b506642190b361f2d7d91f02fe2191fb65a31c3b3c33a4fb9b2b464b597
D:/chest_xray/train/PNEUMONIA/person137_virus_281.jpeg,train,PNEUMONIA,1.32,3.133291189,c4ad2ed0c7421b2fd93c47b26c6bf0ed6ec26cab92d94f11c9245b905f0ad9b0
D:/chest_xray/train/PNEUMONIA/person490_virus_996.jpeg,train,PNEUMONIA,1.618556701,2.886629649,d0eb7485c6921a4ad5247d08b5e96ec53ce6f1e46d1bb0f16dd03c38d3858e4b
D:/chest_xray/train/PNEUMONIA/person1510_virus_2629.jpeg,train,PNEUMONIA,1.842696629,3.2022093,d00ba6d7c3501f2be83e3d24ea1c6db03cc3c9e41f83e94b9fa4692dc38c6d0e
D:/chest_xray/train/PNEUMONIA/person276_bacteria_1295.jpeg,train,PNEUMONIA,1.413333333,2.7890786,d5ff7ff5efc2be0ad2781f48372d7a503f0058141d704f1e0e9a3487883c2863
D:/chest_xray/train/PNEUMONIA/person1555_bacteria_4060.jpeg,train,PNEUMONIA,1.602564103,2.988541707,910be8a0e6823b4bc67c4b58384ec36c6f0a3c7b69f23da47c5a5f589696d25a
D:/chest_xray/train/PNEUMONIA/person1043_virus_1738.jpeg,val,PNEUMONIA,1.510416667,2.919475807,d0f87e87a7023f2e8d2d07b629fb24eb065f2866048786186d43cf84c75a6deb
D:/chest_xray/train/PNEUMONIA/person811_virus_1447.jpeg,train,PNEUMONIA,1.377377377,3.165239899,914eabe5e6803a4afd6d5d683cb65ac3290f10cecf0bde7c49614c6d10f04f4b
D:/chest_xray/train/PNEUMONIA/person1062_virus_1762.jpeg,train,PNEUMONIA,1.746835443,3.053390865,d50afff4a3d00b4b832c0fb4693e87a1383d29f0af8521f04b4b1e1f56cb478d
D:/chest_xray/train/PNEUMONIA/person1310_bacteria_3301.jpeg,test,PNEUMONIA,1.70212766,3.020242589,d41e6eb427031d2d057c1d762df764bb6cdb44e906cd08ed0e0d4f83e781ca0f
D:/chest_xray/train/PNEUMONIA/person28_bacteria_139.jpeg,train,PNEUMONIA,1.50617284,2.870848074,c9ad7f827aca7f68dfe02881b8838882900ad04b545fd25faef7baebaca234c2
D:/chest_xray/train/PNEUMONIA/person1355_bacteria_3449.jpeg,test,PNEUMONIA,1.59280303,2.840002125,8809393fe5b872a01f55d4ab6bfdb580e19fc35ab5c25a70e5f41a05e42f8698
D:/chest_xray/train/PNEUMONIA/person278_virus_574.jpeg,train,PNEUMONIA,1.094202899,2.941906846,94446bbf6ab83ec4d602521d58d35a7179c85d2b55c735f3185272f05e0a7f1a
D:/chest_xray/train/PNEUMONIA/person954_virus_1626.jpeg,train,PNEUMONIA,1.707936508,2.68241379,dc016c2be0b712d56b6e92be6da4985ee7d2d6c06978c32c6a57196a96584ad6
D:/chest_xray/train/PNEUMONIA/person567_bacteria_2352.jpeg,train,PNEUMONIA,1.382022472,2.888606497,d1293fd4e0001e1fd27849e11e47696f278c3e1d65bd3bcb2dbd83c4141f043f
D:/chest_xray/train/PNEUMONIA/person463_bacteria_1971.jpeg,test,PNEUMONIA,1.532467532,2.866787696,d05a2fbfebf41e4b923f0b4a3c0b4b581f29435647873da551e03f213cbc430b
D:/chest_xray/train/PNEUMONIA/person943_bacteria_2868.jpeg,train,PNEUMONIA,1.330266789,3.051197716,95f86281e7013e58a5782d6969e5c5956c1a6cda963818633bc79f274f876d34
D:/chest_xray/train/PNEUMONIA/person441_bacteria_1916.jpeg,train,PNEUMONIA,1.345238095,2.638950612,ddff7ff4ea02186dd6f55f4fd40c4e0064281689c79e138cc78e11af838f8289
D:/chest_xray/train/PNEUMONIA/person38_bacteria_193.jpeg,train,PNEUMONIA,1.661971831,2.81338512,8aaa28f7ebd81f01da1f1f7ec4b40f58bc8379e1ddc3c1fd086d004349064dbe
D:/chest_xray/train/PNEUMONIA/person1634_bacteria_4331.jpeg,test,PNEUMONIA,1.54676259,3.309253358,955e7ea00f551c7b1d611db74cfb4efb6afceb7068306900c50650c24d8e4f8e
D:/chest_xray/train/PNEUMONIA/person1124_bacteria_3065.jpeg,val,PNEUMONIA,1.255889521,2.864326308,917e6fa1e7173c5ac9684da549a7c7865b4e9369cb149368c38d1b4eb0a4c34e
D:/chest_xray/train/PNEUMONIA/person151_virus_301.jpeg,train,PNEUMONIA,1.390243902,3.28005362,91faaff1ea57be6ee8683ea1789b82931a0e829ccb063a29eea03e8a7ca2c3c2
D:/chest_xray/train/PNEUMONIA/person1198_bacteria_3148.jpeg,train,PNEUMONIA,1.602272727,2.811076662,94402befe3b50e02960b1b4d170f42405d6154e17e50d7ad6f417c797fd36e2b
D:/chest_xray/train/PNEUMONIA/person745_virus_1368.jpeg,test,PNEUMONIA,1.397626113,2.714661638,90153bffe568c3a31f87b40fd62fce5a972c3cacc81d843a870522f53ca9a42b
D:/chest_xray/train/PNEUMONIA/person575_bacteria_2374.jpeg,train,PNEUMONIA,1.647682119,3.149090856,915a2fa9ee853e1ed07842c1148360d714a77817c5ad190730bfd6b59d2ff0fc
D:/chest_xray/train/PNEUMONIA/person1614_bacteria_4248.jpeg,train,PNEUMONIA,1.689320388,3.13977,d40af4adc6d41b42e12e0b16b4af438d3c6e44e35e42d4bd4b43f0ebc3f01f0f
D:/chest_xray/train/PNEUMONIA/person1865_bacteria_4739.jpeg,train,PNEUMONIA,1.317919075,3.41708208,95d07a8be70b3a1f4e72257b38fc6ad7795e79c84b0c3994618446bc319c4396
D:/chest_xray/train/PNEUMONIA/person351_bacteria_1617.jpeg,val,PNEUMONIA,1.170028818,3.187668764,d4eb31b4c6909a43c36f3968a52c4d93b8e76d97921ec092df7e90f84b2c9638
D:/chest_xray/train/PNEUMONIA/person1551_virus_2692.jpeg,train,PNEUMONIA,1.37254902,3.095152841,815f37acc6801a57985fca783ca2d82de9859947f89edb0c3c98db3ce3487b90
D:/chest_xray/train/PNEUMONIA/person1576_bacteria_4122.jpeg,train,PNEUMONIA,1.451612903,3.290178657,803febd45e00545a4275507d502a5aaa4a855aae5bfe4aae5a8a5aca5ade5adf
D:/chest_xray/train/PNEUMONIA/person470_bacteria_1999.jpeg,val,PNEUMONIA,1.353982301,2.707675952,d17f3ffd76a14e1e1ef0484ab6c23bcb3ce7cfe97ba1bc80a20886903411a529
D:/chest_xray/train/PNEUMONIA/person1241_bacteria_3197.jpeg,test,PNEUMONIA,1.675675676,3.066487427,d00a6ff5efd0be4b832f1b249d2a831e1f43875f0f543d3dc73c0f029a2d13c0
D:/chest_xray/train/PNEUMONIA/person253_bacteria_1152.jpeg,test,PNEUMONIA,1.691176471,2.747694968,90aa6aa0ef0b2e2fcb05394fd12c5f1765a85c8778eb39e3b8f227a182de21e1
D:/chest_xray/train/PNEUMONIA/person1708_bacteria_4521.jpeg,train,PNEUMONIA,1.21686747,3.10374967,916fbad4fa815e4b5c6d594a1c6d48f53d6518f75f683c7d1b58150f10a5050b
D:/chest_xray/train/PNEUMONIA/person619_bacteria_2491.jpeg,train,PNEUMONIA,1.31884058,2.938176144,91ee69c1e7953e5a4369196d2da446d23c6b41e611c630fae79a7e8ff0b0c708
D:/chest_xray/train/PNEUMONIA/person549_virus_1089.jpeg,test,PNEUMONIA,1.709090909,3.011417759,d0fe4295d616585fc52d3c8784810605214286162869d7e5fe747debdebc79e3
D:/chest_xray/train/PNEUMONIA/person1073_bacteria_3011.jpeg,val,PNEUMONIA,1.494117647,3.072732786,9055ebeaefa0be9f875a1a5d81693c25e1d01e1fe1e90e0f21c05685687cc78f
D:/chest_xray/train/PNEUMONIA/person472_virus_969.jpeg,test,PNEUMONIA,1.458658346,3.059743998,d02b2d50e27b386b69a469933ce3c8f4196c9a78cb491cf48f8e970f90d2cd8f
D:/chest_xray/train/PNEUMONIA/person692_virus_1286.jpeg,val,PNEUMONIA,1.359649123,3.146715857,91ef3b546697ce1a7c5a5c6d4a612d0739a639c26982238938d2786bdf23f658
D:/chest_xray/train/PNEUMONIA/person1597_bacteria_4190.jpeg,train,PNEUMONIA,1.142857143,3.313393986,90026bfd57c21a4b422d5f385c7b49f938b412f61a4338fb8bda3a1f92852e2f
D:/chest_xray/train/PNEUMONIA/person613_virus_1181.jpeg,train,PNEUMONIA,1.219178082,3.155409239,915fe4a287a05a5fad66783fa5fa3c2d29e0048728e28438486b951e4ef57ded
D:/chest_xray/train/PNEUMONIA/person1204_bacteria_3156.jpeg,train,PNEUMONIA,1.584158416,2.830917633,c17f2fa0f6907a4f747e4b713c41d4a56d601c2769f4292530f243d214bd7af2
D:/chest_xray/train/PNEUMONIA/person146_virus_296.jpeg,val,PNEUMONIA,1.666666667,3.005488344,d4026cb5e3d43f40cb2d4ba4bc3e4af038a06cb84f873cfa6cb46f0f6d3c6d40
D:/chest_xray/train/PNEUMONIA/person419_bacteria_1844.jpeg,train,PNEUMONIA,1.278350515,2.764575574,d1402aaf6ff45e505e4b487d3da438a529e31fa52ac783eb1a49296b46e14f5a
D:/chest_xray/train/PNEUMONIA/person1744_bacteria_4583.jpeg,test,PNEUMONIA,1.17218543,3.182294041,90af3fd0de011e0b1c3d51f039c528cf6bcb3cc3c26d06b538b1f5b1b58abd0a
D:/chest_xray/train/PNEUMONIA/person502_bacteria_2121.jpeg,train,PNEUMONIA,1.356435644,2.868428977,91ba6aa5ef073b1b4659182d32e14f237e30e593721cb0cb3886bc58bc36bf1c
D:/chest_xray/train/PNEUMONIA/person1539_virus_2678.jpeg,test,PNEUMONIA,1.782051282,3.252556999,944b7cbbe7943fc2ba4b836d1b44390ec7bc4e1e396847a1683d385ae1874f12
D:/chest_xray/train/PNEUMONIA/person152_virus_303.jpeg,train,PNEUMONIA,1.302325581,3.100483929,d402a8b5e7b01f40eb0aaf36284f80bd2cbd00f385bf483ff1eb1d1e7b04c769
D:/chest_xray/train/PNEUMONIA/person124_virus_237.jpeg,train,PNEUMONIA,1.346774194,3.294850669,d4ab2fd42dda2b5297495349570f576a4f2d4d2a6c306cb87c9a3c943e82bb41
D:/chest_xray/train/PNEUMONIA/person294_bacteria_1384.jpeg,test,PNEUMONIA,1.488372093,2.901497149,d5abfae8eb000f0fe17f4f04782a43a06a0b78f87a71e4384b8d786b78e15a53
D:/chest_xray/train/PNEUMONIA/person264_bacteria_1228.jpeg,train,PNEUMONIA,1.431578947,2.988047821,d0022dbde3bd1bd0970b490f3c6ad62d49693ca068b26ba93aab6abe2eb23a8b
D:/chest_xray/train/PNEUMONIA/person569_bacteria_2362.jpeg,train,PNEUMONIA,1.294117647,2.706630953,910a2bfdc6801e02d03f1a797929c3a53cb7f1ff9f8a381ec3d85e0c41f89ee0
D:/chest_xray/train/PNEUMONIA/person32_bacteria_166.jpeg,train,PNEUMONIA,1.248618785,3.083214137,90007bfd56400a40502f59f95da159ef19e35ac719cb1a5a0bfe1eb729f89eb4
D:/chest_xray/train/PNEUMONIA/person310_virus_633.jpeg,train,PNEUMONIA,1.471428571,3.175173457,90577faa57971657c30a5f1e563e430d1d2959681f4b1de90d4a1d434943cf4b
D:/chest_xray/train/PNEUMONIA/person1790_bacteria_4638.jpeg,train,PNEUMONIA,1.628205128,3.135817443,80af2fd0a54a150f012a0aa63b424d201a286cba61f5e6d07969d2fe6e7f7dff
D:/chest_xray/train/PNEUMONIA/person264_bacteria_1234.jpeg,train,PNEUMONIA,1.135640786,3.223377598,90007a7ee2be1ea8de155a5f187fb52e12a4bcc193c11ec3965696bd9f5085a9
D:/chest_xray/train/PNEUMONIA/person927_virus_1584.jpeg,train,PNEUMONIA,1.389380531,3.109287418,915efde0e7857e17b86b694138be058008433085cb863c5ab8f0cf4ffcb47df0
D:/chest_xray/train/PNEUMONIA/person267_bacteria_1251.jpeg,train,PNEUMONIA,1.482758621,3.02129612,d4102ebf62ff1f4012020b0e242840b41d38787ef5fa7cbd61ff0f5320fea3e7
D:/chest_xray/train/PNEUMONIA/person90_virus_170.jpeg,val,PNEUMONIA,1.59375,3.070068673,995a3db0e7b01e47d42f4b143e96c2507f0f3c156d29340f9696c7a1371e4c79
D:/chest_xray/train/PNEUMONIA/person576_bacteria_2375.jpeg,train,PNEUMONIA,1.217054264,2.821971899,d8ab2dbc62921e43c22f097c34b443d83c43c3de29e23cd3c34b3c79c75e878e
D:/chest_xray/train/PNEUMONIA/person1429_bacteria_3690.jpeg,test,PNEUMONIA,1.104712042,2.9759242,c0553fa857fb1a011c285ef91d6b182908291eff0ffe08380a782f7f2fed096b
D:/chest_xray/train/PNEUMONIA/person1351_bacteria_3441.jpeg,train,PNEUMONIA,1.635294118,3.053612925,d42bfef1e7520f0f833c0c14283087902d7a96d1294bb0b5de5b7da9d2c66d2b
D:/chest_xray/train/PNEUMONIA/person295_virus_612.jpeg,test,PNEUMONIA,1.256910569,3.161178003,d403f6ebc7f51b508d3a1b0f2d2f0eb43c7b4cb09e1e0dfa86572c1d87020e1e
D:/chest_xray/train/PNEUMONIA/person1709_bacteria_4522.jpeg,train,PNEUMONIA,1.518867925,3.327068082,c44f6ed4b6501b4b1325195b13a50b2401a66be9387a76946d70f3f0fd7cf8f0
D:/chest_xray/train/PNEUMONIA/person522_virus_1041.jpeg,test,PNEUMONIA,1.754189944,2.683819442,8055197ee568c3a03e87a50fc6a82fd5b02bb4ab8b4a87e9dad7616a8785ce17
D:/chest_xray/train/PNEUMONIA/person1282_bacteria_3245.jpeg,train,PNEUMONIA,1.247524752,2.769601489,9c002cbfe3d54fd0970a43094f6d502f4baa672e71e475a170b471d67495e5b5
D:/chest_xray/train/PNEUMONIA/person364_bacteria_1656.jpeg,train,PNEUMONIA,1.635416667,2.986871396,917e3fa0e6171e5a11681b791cfa5afa5ae67aa16a524b044b067c3a59d61b5a
D:/chest_xray/train/PNEUMONIA/person1180_virus_2012.jpeg,train,PNEUMONIA,1.301075269,2.92586367,cc0a22b5e3d03f4bd32d7d0bb4314f507c315cd27c1b74f14f01545d47c31e1f
D:/chest_xray/train/PNEUMONIA/person1056_bacteria_2990.jpeg,train,PNEUMONIA,1.530120482,2.856965689,91ea2ff5ea90be07d20f4a4814694a791eb55a72d4b01842c0ad12eb3cf796ff
D:/chest_xray/train/PNEUMONIA/person1609_bacteria_4239.jpeg,test,PNEUMONIA,1.468253968,3.26238717,91eaad10fa573a6cf9e13de539b4093520bd08d1243549e05d615be0cfa96afb
D:/chest_xray/train/PNEUMONIA/person1455_virus_2488.jpeg,train,PNEUMONIA,1.486842105,2.856374978,d42a2abfabd00b42993d0dd42c1a16d81641c50f8716ab1fbeb5af872dfc1787
D:/chest_xray/train/PNEUMONIA/person475_bacteria_2021.jpeg,train,PNEUMONIA,1.27,2.880320233,9055bbeae7a81e05d63f4ad2348a4ad214697a5b696b1eb5694a84b50d7a95ad
D:/chest_xray/train/PNEUMONIA/person1641_bacteria_4350.jpeg,train,PNEUMONIA,1.654320988,3.047816301,c0fe7ed5ef5a49291c254912048b46834c1f1c910a97a79f8b96af5ba594ebd6
D:/chest_xray/train/PNEUMONIA/person1323_virus_2282.jpeg,train,PNEUMONIA,1.783783784,2.851071028,81afb4f4e2d23f2de27c6f2878b5cf683cb679e06486584a54a1d2c371a95f02
D:/chest_xray/train/PNEUMONIA/person1290_virus_2215.jpeg,train,PNEUMONIA,1.101265823,3.135682502,d40aaff5e7d50f53552a49a41d8204de4eca0c2b46814f964d3f47ac1d3e3cbe
D:/chest_xray/train/PNEUMONIA/person258_bacteria_1214.jpeg,val,PNEUMONIA,1.295238095,3.228140335,914a2ba8e7a15e17d4bcc2d03ca0d0d44bca78e4ebce2d2b79e669693c25b16b
D:/chest_xray/train/PNEUMONIA/person443_bacteria_1926.jpeg,test,PNEUMONIA,1.302752294,2.938658463,80aa39d5f3aa3fd01605c21a0e6c1816427a43f05a6bc87bd7f55e1ae6bdc78b
D:/chest_xray/train/PNEUMONIA/person1595_virus_2771.jpeg,train,PNEUMONIA,1.605769231,3.011791447,d40362a8a7955a12c3281f2ec17e172968f58747e4adcf02fd22e194cf0ff5e5
D:/chest_xray/train/PNEUMONIA/person471_virus_968.jpeg,train,PNEUMONIA,1.378109453,2.773845611,dd55342ae0bd0ad5b5004aab3d73d2ba4f509401c3f51f40b0bfc3fcbf00b0bf
D:/chest_xray/train/PNEUMONIA/person677_bacteria_2571.jpeg,train,PNEUMONIA,1.356321839,2.674412916,94046bbfcff63f47d21e1e581a48da69186941810d0110a7c3879dbed3cfcfcb
D:/chest_xray/train/PNEUMONIA/person470_bacteria_2001.jpeg,train,PNEUMONIA,1.45,2.993311534,90423baff7801e535e3b4a783ca0683137b83a85538e13943a3ab798d717b6bd
D:/chest_xray/train/PNEUMONIA/person1628_bacteria_4293.jpeg,train,PNEUMONIA,1.276785714,3.128268587,d54b3fffd7c05e4b5c344b541deb499f4b82180ac35e9f689a5ac2491601da1b
D:/chest_xray/train/PNEUMONIA/person294_bacteria_1388.jpeg,train,PNEUMONIA,1.586118252,3.150786904,d01feae8afd4bb5b85291905a5b21ea628f215b3615035316af4a5eb96bc6d68
D:/chest_xray/train/PNEUMONIA/person1143_virus_1897.jpeg,test,PNEUMONIA,1.327272727,2.98046893,d0943dfe7b401ea79a3f0cf41cd0a496e4fd1d3ce42f342a3f4ab7021f421e0b
D:/chest_xray/train/PNEUMONIA/person1499_virus_2609.jpeg,test,PNEUMONIA,1.5875,3.314978958,9c40aabbc3d15b4ac32d0bb7f12e4fb43c762ab47d0455eb6e0fa3c1634278c8
D:/chest_xray/train/PNEUMONIA/person1338_bacteria_3394.jpeg,test,PNEUMONIA,1.340740741,3.04052488,95aaaa000017157f57fc5beb1d7f4d721dca1efb4aeb1d0d16da0b8a18a60ab8
D:/chest_xray/train/PNEUMONIA/person1108_bacteria_3049.jpeg,train,PNEUMONIA,1.405172414,2.903951162,95e26d87e716385ae169692179a7c4a76a97b0afc6947805e611cf1d3945f905
D:/chest_xray/train/PNEUMONIA/person415_bacteria_1839.jpeg,train,PNEUMONIA,1.614457831,2.910663819,ccfd6e40c70a0f2dc536961a6c88c3a0be6868e5668dbc6da3cdaf1db34d6505
D:/chest_xray/train/PNEUMONIA/person1402_virus_2405.jpeg,train,PNEUMONIA,1.75308642,2.862247032,c01f6a50e7cb5f0d85b64f927c99e6c56c6ff424c70a783e9d93c978b0189681
D:/chest_xray/train/PNEUMONIA/person1146_bacteria_3091.jpeg,test,PNEUMONIA,1.424657534,2.644891606,94ff6fa0e305180e94e81a57b42a4ba7b5afb5a4bc96b5a5b1c494ac9347916a
D:/chest_xray/train/PNEUMONIA/person502_bacteria_2119.jpeg,test,PNEUMONIA,1.390804598,2.773921756,915f7ea0efd53e1f474b160913445e495a79514b597841684c2878e169de7f78
D:/chest_xray/train/PNEUMONIA/person23_bacteria_84.jpeg,train,PNEUMONIA,1.378640777,2.894144912,90ee6f80c71a0c2a43a94b8669aeca9e689fd1144f16393ff9e6f820f8e0eab9
D:/chest_xray/train/PNEUMONIA/person837_virus_1475.jpeg,test,PNEUMONIA,1.254545455,2.932708035,d40a6bfd6fd45e5a53494129092409822c922af20afb0eb50f744f3c6d7d6f6f
D:/chest_xray/train/PNEUMONIA/person460_bacteria_1958.jpeg,train,PNEUMONIA,1.436893204,3.079942488,d40a2efde3d01b40c32d4b363d1240986f5c743c7cf07c2970f97e3e3c8f63c1
D:/chest_xray/train/PNEUMONIA/person67_bacteria_329.jpeg,train,PNEUMONIA,1.767857143,2.684742086,91552fa8ee847e977c784a59390b180e40501f0b5c29cfea3feb3afc275a11ec
D:/chest_xray/train/PNEUMONIA/person1474_virus_2556.jpeg,val,PNEUMONIA,1.178571429,3.059538172,d04a3ff55f005f525dafdff0dfe0dbc2ce189f281a6ac35a07141015212da1af
D:/chest_xray/train/PNEUMONIA/person1393_virus_2396.jpeg,train,PNEUMONIA,1.722222222,3.080735923,d7a53c1e665d692579e64ada698e128a6d023c803ae13ca538f130e73de378eb
D:/chest_xray/train/PNEUMONIA/person1506_virus_2616.jpeg,val,PNEUMONIA,1.201680672,3.744304097,90422bb5e6a00e07ee094a7939a58cb509d3986fcb771d2eca7c6b49fc3ccb58
D:/chest_xray/train/PNEUMONIA/person1341_virus_2313.jpeg,val,PNEUMONIA,1.450549451,2.931202323,c0ad2ff0c3900f099c2fc9fc0dc39e93cbcf998df034c3783f21c83767609437
D:/chest_xray/train/PNEUMONIA/person1372_bacteria_3499.jpeg,train,PNEUMONIA,1.212643678,3.203721028,d5023eafa3f50b401f0e152a5d570d5b0cb4489a17a21f964d7a1cfb3e961e9e
D:/chest_xray/train/PNEUMONIA/person151_virus_302.jpeg,train,PNEUMONIA,1.795454545,3.059318018,d02fe68497d25b4b85ad392f85363836e15a64b4b968c21b78f0ec1b78b5d8d2
D:/chest_xray/train/PNEUMONIA/person1644_bacteria_4362.jpeg,train,PNEUMONIA,1.541176471,2.958741734,c0bf7f507f0a0a2d0e740b7a3c0764d06c823c876dc27c0d7c054ce73cf46d7f
D:/chest_xray/train/PNEUMONIA/person49_bacteria_236.jpeg,test,PNEUMONIA,1.568421053,2.649474732,c02b2ed0e3c21b6f1c354d723c1846da4daf96ff4b2a1e0ec2584f8d1c7ecda4
D:/chest_xray/train/PNEUMONIA/person578_virus_1122.jpeg,val,PNEUMONIA,1.607142857,3.184254208,91fa6e87e716785aad21781420924c132082449c2c7075ad6f1f7df17cbd6f7e
D:/chest_xray/train/PNEUMONIA/person506_bacteria_2138.jpeg,train,PNEUMONIA,1.588170865,3.319812592,905a7481e7973e5b8f693834acb03c373cb60e0d3c1ae1a5693c69afc7966961
D:/chest_xray/train/PNEUMONIA/person352_bacteria_1625.jpeg,train,PNEUMONIA,1.662162162,2.839709311,d0b53fcaf2091e3c94622593369e91ad1554155751e5572ad97ec5c15ee1d4d1
D:/chest_xray/train/PNEUMONIA/person1611_bacteria_4241.jpeg,test,PNEUMONIA,1.810126582,3.378419656,91da6e83ae141a4a87255994c5925c924880d6387ed2de34b92dcb6dba67bbe7
D:/chest_xray/train/PNEUMONIA/person316_bacteria_1469.jpeg,val,PNEUMONIA,1.325581395,2.964693376,d5406bfba2bb135603461b6d0fbf48bf09744cb47c764e97681354f85c175c03
D:/chest_xray/train/PNEUMONIA/person787_bacteria_2691.jpeg,val,PNEUMONIA,1.413162706,2.824284988,c0f597c2c78a9d2fc1346db4b0d26fcb324fc34d0f36d3490db6324979866459
D:/chest_xray/train/PNEUMONIA/person1116_virus_1841.jpeg,train,PNEUMONIA,1.526315789,3.003419449,d0af2cf4a3d22b4ab92fcf303d2bd0b44f243c3ed4d26d61387cc742a70d38f0
D:/chest_xray/train/PNEUMONIA/person273_virus_561.jpeg,train,PNEUMONIA,1.279678068,3.124844719,d44074abe7b51b50930a4b69b5ac6ef42cd0c0f56d4294924e5abcadcbdccf2c
D:/chest_xray/train/PNEUMONIA/person311_bacteria_1452.jpeg,test,PNEUMONIA,1.539130435,2.904249007,c1ad3fd2e294560f7e1ec07946c11c6becedd9d37c63505643c4580352b2d3e5
D:/chest_xray/train/PNEUMONIA/person1223_virus_2073.jpeg,train,PNEUMONIA,1.753424658,3.477086222,d0f97e80b71a7b6987243d36db721e7b384f869f0e1c0b49961c1e1cc3067965
D:/chest_xray/train/PNEUMONIA/person1594_bacteria_4182.jpeg,train,PNEUMONIA,1.462264151,3.348210177,815529aac2a01e15da4b5a7e1c7f4bfd0d794873496278164b06d295f9ea7b47
D:/chest_xray/train/PNEUMONIA/person1178_bacteria_3126.jpeg,train,PNEUMONIA,1.6,2.670580173,d4002bf56feb5f0a5f2d43745fb45cb24df10c31283c0b831ea569e1d1e55ee0
D:/chest_xray/train/PNEUMONIA/person1604_virus_2782.jpeg,train,PNEUMONIA,1.548780488,2.878126089,d50ab4b5c2d11b4ac62d4b70bc28cb503d24d2d26da2b0b6cb5a3e87f3dacde1
D:/chest_xray/train/PNEUMONIA/person903_bacteria_2828.jpeg,test,PNEUMONIA,1.313043478,2.927180785,90af39d063901f0b507f4b4e3c3dc27c6d18387134d234d7f1d3c54775c7d1e0
D:/chest_xray/train/PNEUMONIA/person349_virus_724.jpeg,train,PNEUMONIA,1.754901961,3.082789786,905374aac7a51a94b7504b40b92ec7b05b1db5e94b4f3e16e2f0e96b3c376960
D:/chest_xray/train/PNEUMONIA/person1563_bacteria_4092.jpeg,train,PNEUMONIA,1.458715596,3.248004097,d400fed5a1fa0b65e9b78b922c2f82ff2f4a107dcb503c259ad0e961f29e0bc1
D:/chest_xray/train/PNEUMONIA/person936_virus_1598.jpeg,test,PNEUMONIA,1.46875,3.004176662,d00225fdc7941e42f42f694cbc0a6bdd3c41ccd7efd2bc3fcb4b969ac0f04d00
D:/chest_xray/train/PNEUMONIA/person663_virus_1247.jpeg,train,PNEUMONIA,1.614035088,3.023408225,81751fe0c60b1ebfb05c4ad2b853c0eb6e43b4ea6942bc2fe1e1ad0eb8bc65e0
D:/chest_xray/train/PNEUMONIA/person19_bacteria_63.jpeg,val,PNEUMONIA,1.696969697,3.064973208,d0ad3fd0e3035e1d567843781c02109006af06bfb0ff2bc711d790fdf3d8965b
D:/chest_xray/train/PNEUMONIA/person385_bacteria_1765.jpeg,train,PNEUMONIA,1.736111111,2.868045451,d02a78fec2f03943e1c7cf49b8abc5828e15c3bf8f9d5c3e2fd5440c841663ca
D:/chest_xray/train/PNEUMONIA/person806_virus_1439.jpeg,val,PNEUMONIA,1.053571429,3.08566923,905f7ae07a825e1f545408d6184a286a39493f45afeca3ea8f0e97f8d7c1d785
D:/chest_xray/train/PNEUMONIA/person1353_bacteria_3446.jpeg,val,PNEUMONIA,1.433628319,3.233372972,91e87885a6423a1eb96a8e3d397480e50eb728fad4a74c7e7dc29e947c1839cb
D:/chest_xray/train/PNEUMONIA/person1427_virus_2441.jpeg,train,PNEUMONIA,1.507042254,2.985249489,955e6881c7a13e17c2508b4a996cc7343e3f79f96f1f71c480a21c3e39836f1e
D:/chest_xray/train/PNEUMONIA/person1430_virus_2444.jpeg,test,PNEUMONIA,1.388888889,3.119057541,955225ffe3f51bd0bb4043072802803b0a19341860b13ed2f4be6f97bfa3f9fa
D:/chest_xray/train/PNEUMONIA/person1462_virus_2512.jpeg,train,PNEUMONIA,1.171612903,3.48601879,91af65f59342394be1bd38dcc16c1b66904b4b6d1c3cc2f2385993e31a4b90ef
D:/chest_xray/train/PNEUMONIA/person1049_bacteria_2983.jpeg,val,PNEUMONIA,1.513960703,3.137857095,915765a8c6973a57eb793825e4a36987b5ee4b1630a16961787d5ba50c6930e5
D:/chest_xray/train/PNEUMONIA/person647_bacteria_2539.jpeg,train,PNEUMONIA,1.295454545,3.079601223,d40a2abdebd25f42de0f435e1f0c9614d71c1e08be2da7a8be80b4bd95e0968b
D:/chest_xray/train/PNEUMONIA/person531_bacteria_2239.jpeg,val,PNEUMONIA,1.525,2.959767192,940a69f56bf03d80c3821f40d34153c7186a434e1f0bc35f0f5b5be33fd23ef8
D:/chest_xray/train/PNEUMONIA/person51_bacteria_239.jpeg,train,PNEUMONIA,1.567307692,2.795891319,d0b52df2c3d01f41c52d2d243c3ee5f02c15b8f0ede1bc0fc3e1ad2d3878c9c5
D:/chest_xray/train/PNEUMONIA/person1550_bacteria_4051.jpeg,train,PNEUMONIA,1.62601626,3.152855241,906a7c81c6905a4aab243f2eab7b060d28ef83cfaad628f3ae0fe3cae3e8970c
D:/chest_xray/train/PNEUMONIA/person1091_bacteria_3031.jpeg,val,PNEUMONIA,1.418367347,2.747605603,982b2ff46bc2380b402d79602cb6ea923aab8aeabbaaba2aeba83e3c8aea1ea9
D:/chest_xray/train/PNEUMONIA/person2_bacteria_3.jpeg,test,PNEUMONIA,1.371212121,3.202723781,c80a3bf476924e1f707d39a0718669c23be7525a0a581a719af91ef8b4bbbc38
D:/chest_xray/train/PNEUMONIA/person1359_virus_2340.jpeg,train,PNEUMONIA,1.442622951,3.364954646,d04b7fa4eb901a1b0a6b4b2d183643f40eb738fb0ab76cb328f96e1629e039e5
D:/chest_xray/train/PNEUMONIA/person1930_bacteria_4841.jpeg,train,PNEUMONIA,1.488888889,3.008594578,914e29b5c7b05f539e4fc67c6f687020c2106d2138b364827ca33096fefa7d2f
D:/chest_xray/train/PNEUMONIA/person569_bacteria_2364.jpeg,train,PNEUMONIA,1.641791045,2.862130126,907e6fa0ef073a1a83681a6da16d0fa560f285c33c7bb7c99a3c3d419a4f3878
D:/chest_xray/train/PNEUMONIA/person920_virus_1577.jpeg,train,PNEUMONIA,1.554385965,2.881457508,815533eae380361ff47cc0f83d45f4a7ce639c30c2953d0bf29cc34a9ea568d6
D:/chest_xray/train/PNEUMONIA/person1045_virus_1741.jpeg,train,PNEUMONIA,1.28440367,3.070716506,915e27fde6813a17e86b6b613caa6bd03d0ab0955782943c43c09e0978f47f8f
D:/chest_xray/train/PNEUMONIA/person1547_virus_2688.jpeg,train,PNEUMONIA,1.84057971,2.942002708,915d6900c7253eb4c472de12395ad2e96b47b1e94a4f9d68439dcf5c25ad18b5
D:/chest_xray/train/PNEUMONIA/person278_virus_573.jpeg,train,PNEUMONIA,1.208955224,3.044129792,957e7bb06aa13e455e2e665c3850685a6979291d492c299538f754f03e3c37bc
D:/chest_xray/train/PNEUMONIA/person22_bacteria_76.jpeg,train,PNEUMONIA,1.084615385,3.052227402,94056eef6b910f02c33a1be0454c6d943cd7c0fadd47d1bf8b1c180f4b685f2d
D:/chest_xray/train/PNEUMONIA/person1551_bacteria_4054.jpeg,train,PNEUMONIA,1.401574803,3.29511837,c00bbef5fa801f2ffe3c44921caf10df0fae149f8b7c872c0a5f45290e92384f
D:/chest_xray/train/PNEUMONIA/person620_bacteria_2492.jpeg,val,PNEUMONIA,1.372972973,3.238391143,d50a25bdf2f41a42af0d784e3c5b6de13ce524a460872583f0d67cad7c2f6943
D:/chest_xray/train/PNEUMONIA/person1096_bacteria_3037.jpeg,train,PNEUMONIA,1.619047619,2.816701071,d42a2ff5ebd03f01d32f5d6e74146c963c2168fc3db01c5a09f20e8f60e729e2
D:/chest_xray/train/PNEUMONIA/person1111_virus_1836.jpeg,train,PNEUMONIA,1.614457831,2.955606942,d16bbdf5e6943b0bf61d4b503c2942700d28103c6d413ca5785aefa5aeda69e3
D:/chest_xray/train/PNEUMONIA/person322_bacteria_1494.jpeg,train,PNEUMONIA,1.385840708,3.330554371,c51f7ea8b7f54b458f5a092f09743c1a49f0349a62d225f1a4eb69d3a4ba49c3
D:/chest_xray/train/PNEUMONIA/person1273_bacteria_3233.jpeg,train,PNEUMONIA,1.558441558,2.794924981,d4a83f96d34a1a29da7c49609e21ca2796f60c5285b316f32cbf04b50da6b6fe
D:/chest_xray/train/PNEUMONIA/person1173_virus_1978.jpeg,train,PNEUMONIA,1.687116564,3.086010091,905754aa87a51ad7db4acd29282685bacef1394781aa6e96ff1ec78918597968
D:/chest_xray/train/PNEUMONIA/person1140_bacteria_3083.jpeg,train,PNEUMONIA,1.469387755,3.069314365,8afa648087851b578d2a28b525506f2d2de447866b58a78b6e15bdc94f1fbde1
D:/chest_xray/train/PNEUMONIA/person1371_virus_2361.jpeg,train,PNEUMONIA,1.647058824,2.960739983,c02bbf50470a0a2f0afc4bf53d5b5caa068a0d2f92ff4fbe5afc4af24d001de0
D:/chest_xray/train/PNEUMONIA/person1202_bacteria_3152.jpeg,train,PNEUMONIA,1.26,2.839187494,94ff6ff1af520d5e85ee4fa1e982c5a2688ae38acbabcb2d3fa678a2f8020802
D:/chest_xray/train/PNEUMONIA/person395_bacteria_1795.jpeg,train,PNEUMONIA,1.424242424,2.853774173,94556ee883051b1fc76a5b2948adc6bc7882ed42c74205d6c7d7deb1cea5c383
D:/chest_xray/train/PNEUMONIA/person561_bacteria_2331.jpeg,train,PNEUMONIA,1.320197044,3.050042344,915e3ba0e60f3cbed6f04e5134134ad74e4158f5496b13a5794ef6a743170c2d
D:/chest_xray/train/PNEUMONIA/person31_bacteria_164.jpeg,val,PNEUMONIA,1.638554217,2.990374888,94096aaaafd02f4a87eb0b55a12f4b34f90468b4e90fe1eb6ada38b1a5f0f0ba
D:/chest_xray/train/PNEUMONIA/person1339_bacteria_3402.jpeg,train,PNEUMONIA,1.797619048,2.847367982,c0ff7d54454a0a2b86244b1417344b364fbf7fff7ffb3cfd68c1c401008069e1
D:/chest_xray/train/PNEUMONIA/person438_bacteria_1893.jpeg,train,PNEUMONIA,1.238095238,2.777051068,d02a2ff5e7d01b4a9e2fcb6c6d2896b26ac316807253c3c236d2cbc3e3859e72
D:/chest_xray/train/PNEUMONIA/person579_bacteria_2386.jpeg,test,PNEUMONIA,1.590163934,2.729426488,91df37ebde91185ad5613885d5962d0195078a1a961fcb4f07754a7e17551aaa
D:/chest_xray/train/PNEUMONIA/person461_virus_950.jpeg,test,PNEUMONIA,1.448275862,2.846120148,d02f6fd5ef402f290d2549123d2b2a35695564aa4a9274b076fb6ad272d1f2f1
D:/chest_xray/train/PNEUMONIA/person940_virus_1602.jpeg,train,PNEUMONIA,1.516129032,3.245698536,945f6fa0e7953e17fa50394428a52cb428b2051f282e07521abc7d3c5f2d7f7c
D:/chest_xray/train/PNEUMONIA/person122_virus_229.jpeg,train,PNEUMONIA,1.436170213,2.981550076,d10224bfc3d01f42ef1c3e52fc2b69d63d82e29fbd8ed097c9e89a0ec3941f80
D:/chest_xray/train/PNEUMONIA/person1468_virus_2546.jpeg,train,PNEUMONIA,1.341365462,3.234778375,d44774aae7f53b41ab520b03295f93ed2b5f62ec8242683e9eb74d2b01e81297
D:/chest_xray/train/PNEUMONIA/person1307_bacteria_3278.jpeg,test,PNEUMONIA,1.418803419,3.265762387,915d648a87a05a158f4e386c2b729c7a6bcf255f18e52b5e84e278d5bc7ac2c3
D:/chest_xray/train/PNEUMONIA/person1273_virus_2191.jpeg,train,PNEUMONIA,1.274074074,3.167075524,d00a7ca887bd3a56ad682b343c7e4e113c1f849e0f1a358f478b38cbfcb4cf0a
D:/chest_xray/train/PNEUMONIA/person693_bacteria_2590.jpeg,train,PNEUMONIA,1.575,2.784026769,d1d26fb5f6041a7ac2680b613c2d42783ca949760da0189603fb1fbf39fa07bf
D:/chest_xray/train/PNEUMONIA/person124_virus_236.jpeg,train,PNEUMONIA,1.302158273,3.278939257,91f87905c7851e5ed67b5a5b3c695a6179693da54b0635a531c7386832e5d30a
D:/chest_xray/train/PNEUMONIA/person1177_bacteria_3125.jpeg,train,PNEUMONIA,1.387096774,2.653549131,91fe3f8144055a1a10fa7be1359645b63ac232d4b580b296c75d96ebb27b92ad
D:/chest_xray/train/PNEUMONIA/person23_bacteria_82.jpeg,test,PNEUMONIA,1.419642857,2.766689934,d0b73fd0e7091f0d2c3e09b03e816d3e56d02d4b62c74ddb46f5458b5495552e
D:/chest_xray/train/PNEUMONIA/person357_virus_734.jpeg,train,PNEUMONIA,1.179856115,3.245201892,d0af3bd07a05584f587e127a19e818f50ff4bf96b6dab6c2b652e7400e80f4a2
D:/chest_xray/train/PNEUMONIA/person262_bacteria_1226.jpeg,train,PNEUMONIA,1.45,3.059755746,d41a66a1e780de1e872c6965c5b50596c0f8937c6978972cda5c994b963d69c7
D:/chest_xray/train/PNEUMONIA/person19_bacteria_58.jpeg,train,PNEUMONIA,1.842105263,3.12510396,905f7ea1af1f1f2a86a15a1cc1e00731f03ab06bd0b5c1ed196d1aef83cb92e5
D:/chest_xray/train/PNEUMONIA/person924_bacteria_2849.jpeg,train,PNEUMONIA,1.223404255,2.811292337,91403bb5d7849c4a9c799ac13da7ca956fda36a5e524b5280d29c7186d395f5a
D:/chest_xray/train/PNEUMONIA/person591_bacteria_2429.jpeg,train,PNEUMONIA,1.345731192,3.222677647,90576dbae7ba3e05cb583f48087f0dac38b46c343c354d3d0f0b38f30e96392d
D:/chest_xray/train/PNEUMONIA/person1266_bacteria_3224.jpeg,test,PNEUMONIA,1.590909091,2.784426004,91aa6f955602187b8b502aaf3cbf47702d341d74452a5d186b9e2b8d2a5e2bfe
D:/chest_xray/train/PNEUMONIA/person1356_virus_2337.jpeg,train,PNEUMONIA,1.202898551,3.387804375,d0442aafc2be5fd45f40421d1aab4a1a602d1ef0aab0c3fe2f79ef0b63db3988
D:/chest_xray/train/PNEUMONIA/person434_bacteria_1877.jpeg,train,PNEUMONIA,1.284090909,2.867747019,d40a3ff7e3f57f41d60fe17e5978d050c1c10dc18adaa3ae9e8a8a8e86861e0e
D:/chest_xray/train/PNEUMONIA/person524_virus_1045.jpeg,train,PNEUMONIA,1.654320988,2.980195879,9152a9bdc2d03e4bca6d3b10d4204b103c2408d23c03d0feef877cbf6be37e9f
D:/chest_xray/train/PNEUMONIA/person1589_virus_2763.jpeg,train,PNEUMONIA,1.46,3.17612367,9402eaaaabd43f0bc53f1c85e46f2ed4285187e85817c78b5ec1f9ee8f944872
D:/chest_xray/train/PNEUMONIA/person392_bacteria_1785.jpeg,train,PNEUMONIA,1.569620253,2.706477606,90fe3baae6a33e3e96701a513829d3a7bd23b0b4818230a761d2879fbb5a878b
D:/chest_xray/train/PNEUMONIA/person1557_bacteria_4065.jpeg,train,PNEUMONIA,0.921296296,3.389232034,dd422af542bb1f525d0158051cf316a912d21e5182cb8ffb9e2a837e1cf4beb6
D:/chest_xray/train/PNEUMONIA/person1165_virus_1959.jpeg,train,PNEUMONIA,1.575085324,2.708051027,9055f8efe7a85e81f17f47b26a1397ea4f10165e57c25350547e17824e0791f0
D:/chest_xray/train/PNEUMONIA/person1072_bacteria_3007.jpeg,val,PNEUMONIA,1.614457831,2.987225069,94fc6ea9274103ce876a3128cb7cb9e1e92158e587945aa7ab84ef23fac7f110
D:/chest_xray/train/PNEUMONIA/person526_bacteria_2221.jpeg,test,PNEUMONIA,1.538606403,2.636214718,8001295fe16a4fa82d45c52f4fb53d0670ab2ff5342838bd2d5eb52a3c3db9c5
D:/chest_xray/train/PNEUMONIA/person62_bacteria_299.jpeg,val,PNEUMONIA,1.345794393,2.912557699,915f7be0e3a33e0fe4bfde54785ace616c6b69e14d6a18ef31c30c23b0706180
D:/chest_xray/train/PNEUMONIA/person441_bacteria_1918.jpeg,test,PNEUMONIA,1.633802817,2.930980719,c0ab62b22f827a2b92d46b69916d3a2cb9b4fb2ebfb0bb0e983ca3c2932c21f4
D:/chest_xray/train/PNEUMONIA/person564_bacteria_2346.jpeg,train,PNEUMONIA,1.311827957,3.042983049,c0bf2a80af4b152d15345daa2ea9eef9664d7cc1eac19ec91a4d26d1655268fa
D:/chest_xray/train/PNEUMONIA/person23_bacteria_96.jpeg,test,PNEUMONIA,1.264150943,2.884507126,95422bfde3a94f001c05c05f1afd1ac04a490e651a31622d1fb739eb70f61fff
D:/chest_xray/train/PNEUMONIA/person482_bacteria_2045.jpeg,test,PNEUMONIA,1.379146919,3.103297836,950225afe3f41e51c34f3e0de52d4f9c68183ef06d0f92d269c190fa6b43d60f
D:/chest_xray/train/PNEUMONIA/person1274_bacteria_3236.jpeg,val,PNEUMONIA,1.598039216,3.286428198,942bebf0ef943e9246921e1f5b435a0a5862470c58f04f0f5f0f53c3963e3de1
D:/chest_xray/train/PNEUMONIA/person831_bacteria_2742.jpeg,train,PNEUMONIA,1.696969697,2.650602988,908a0bf5e7809206943ec078b5e03ea7ecaf51af3da8b0aaababab8bb20ba1fa
D:/chest_xray/train/PNEUMONIA/person1534_virus_2670.jpeg,train,PNEUMONIA,1.265151515,3.023746691,d0ab3af4c3f80b429d2fc43a3c2f90ff46da184f90e7872b341c43dacf2d1e12
D:/chest_xray/train/PNEUMONIA/person1418_bacteria_3637.jpeg,train,PNEUMONIA,1.178294574,3.263427602,d8023bf5d34a1e0bad3c38d23d51e1ca3deb436d052e1d2e81281eaec28bebeb
D:/chest_xray/train/PNEUMONIA/person296_bacteria_1397.jpeg,train,PNEUMONIA,1.330275229,2.842595923,906a3fe8e7147e5af03a49605d45d4b60eba90efd3d0ae0a92f14f51ee3d82e0
D:/chest_xray/train/PNEUMONIA/person21_bacteria_72.jpeg,train,PNEUMONIA,1.132352941,2.817675414,d12f2bd44200592f5dff5bfa2aa50ab51fef9fb42f00bc7587d11c4094d2ad01
D:/chest_xray/train/PNEUMONIA/person347_bacteria_1594.jpeg,train,PNEUMONIA,1.437037037,3.145421053,d42a2ffde3d01b4b752768b63c52e03d08d014b0c3ce3b4ba694e7dc3c05e2de
D:/chest_xray/train/PNEUMONIA/person531_bacteria_2235.jpeg,train,PNEUMONIA,1.23655914,2.977640078,90552bfe63a01f81c70556873c5ac2fa565ac57a474a7c2a6df06d2969786f70
D:/chest_xray/train/PNEUMONIA/person809_bacteria_2718.jpeg,train,PNEUMONIA,1.465116279,3.094707366,d00a2bfd63d05f005e1f495f3e61ed3066f02c637c2159521c3549577af14af7
D:/chest_xray/train/PNEUMONIA/person1231_virus_2088.jpeg,train,PNEUMONIA,1.322981366,3.217604815,d5406cbfe2fd3b50e32e0b02bb4bc3ed3a14b02c4bc2f0f2e4b72c0bb4f0439e
D:/chest_xray/train/PNEUMONIA/person1582_bacteria_4136.jpeg,train,PNEUMONIA,1.2734375,3.222293719,c0ad3df0e6929a42ba6fe0362b4c3c3fc25d45a53497907b6d299c1278dae587
D:/chest_xray/train/PNEUMONIA/person1314_virus_2266.jpeg,train,PNEUMONIA,1.833333333,2.955350717,d02a6bd4e7515f6f50640a223c3647b62d3b30f14de17cf0f3f04d3d52d26929
D:/chest_xray/train/PNEUMONIA/person402_bacteria_1809.jpeg,train,PNEUMONIA,1.709677419,2.773054949,916b2bd47e02545e5a406a455e4052a1685528235aa9a757532e52afbfdf95ff
D:/chest_xray/train/PNEUMONIA/person1513_bacteria_3962.jpeg,train,PNEUMONIA,1.63,2.965698163,d40220bfc3f40f40ed1c6fd0bc9e69d4bdc2d0974d83c73cca1f97a5e90c683c
D:/chest_xray/train/PNEUMONIA/person1058_bacteria_2992.jpeg,train,PNEUMONIA,1.527472527,2.901519266,c8af2e806f4a1e2f4b3c0fa4c7b02dc1c6c94d8dd65ecd1c901e69aab2be69a3
D:/chest_xray/train/PNEUMONIA/person915_virus_1572.jpeg,train,PNEUMONIA,1.522727273,3.029474673,815e25a1c6851a5a80244a46b42ecf74bf7bf6d56f4b3870c706843d79c3ed2f
D:/chest_xray/train/PNEUMONIA/person1537_bacteria_4019.jpeg,train,PNEUMONIA,1.286885246,3.124578272,d4026fffe7d51e4f3c2f412d3da02cbb6f913c8510954502348543f05f075cbf
D:/chest_xray/train/PNEUMONIA/person476_virus_973.jpeg,train,PNEUMONIA,1.664,3.036001779,d0af7cc0e7c23f09c5208b303972c37abd3e3cf2c70234341c250f0fbcf47d9e
D:/chest_xray/train/PNEUMONIA/person1313_virus_2264.jpeg,train,PNEUMONIA,1.423076923,3.296804567,91573fe8c6801a57a87b69fc39bec1dc1bce92dec3583c68f80ce2c2b4a1e452
D:/chest_xray/train/PNEUMONIA/person1046_virus_1742.jpeg,train,PNEUMONIA,1.740740741,2.909388528,917ae4a9c6971a5ac72d483491208e1131619284486ab385de7cb9eff3defd6b
D:/chest_xray/train/PNEUMONIA/person488_virus_992.jpeg,train,PNEUMONIA,1.478571429,3.144810085,91eafdd1f617797be5333c5fa4e30c9628ca8610283884a00c3d5d68ce377df1
D:/chest_xray/train/PNEUMONIA/person374_bacteria_1712.jpeg,train,PNEUMONIA,1.558823529,2.699210544,914a2ba1c2051c2fd67c47701e6b42fa9f2a4ad687ab5a72b52b0a52f3adc397
D:/chest_xray/train/PNEUMONIA/person88_virus_165.jpeg,val,PNEUMONIA,1.292517007,2.868379386,d02f2bf4ea804f0a1e1f437d0f053c1664b40d8239e731e10be33a9fe3f36bc3
D:/chest_xray/train/PNEUMONIA/person1065_virus_1768.jpeg,val,PNEUMONIA,1.473684211,3.268013162,d0003affd2821a411c2d50f31cc3148603ca1d6b827a477a3c3bd5fbff73bc7a
D:/chest_xray/train/PNEUMONIA/person932_virus_1593.jpeg,train,PNEUMONIA,1.580246914,3.025697283,d40f7eb187d51e5e0d280d24681696823e973b4bb6876b5e3f6c9e3c1f506168
D:/chest_xray/train/PNEUMONIA/person1327_bacteria_3374.jpeg,val,PNEUMONIA,1.436507937,3.211843036,d0fb3e85b6165b4a9f282db6396804ed2d4e04fa0e5b2c2bde9c0c58bc29cf4d
D:/chest_xray/train/PNEUMONIA/person1089_bacteria_3029.jpeg,train,PNEUMONIA,1.651162791,2.891722279,c2f52f02c70b032ccba06ba5ba96ebe92e906c54e6ca2cef3ce9e6d96c3444d4
D:/chest_xray/train/PNEUMONIA/person1430_bacteria_3697.jpeg,train,PNEUMONIA,1.288288288,3.08162542,d0bdbbd2ea431a3dbef4aef0bcc5bed6bf00bc12d560c5005402652b541f516b
D:/chest_xray/train/PNEUMONIA/person1770_bacteria_4613.jpeg,train,PNEUMONIA,1.618421053,3.097390574,d5fa7e01051a17ea1fad18210f200d8128976a030c081ffc7e7c5fad3fbe9bbe
D:/chest_xray/train/PNEUMONIA/person630_bacteria_2513.jpeg,test,PNEUMONIA,1.210526316,2.833824328,91503faad6009e57907e5db0948f479e3dbc68966b0e3294ebcfac85a86da4a5
D:/chest_xray/train/PNEUMONIA/person534_bacteria_2254.jpeg,train,PNEUMONIA,1.674418605,2.948739422,88aa66c567729a3bcb29bbaeabacaebebeaeea2aaea4e8b4c9619238481201a6
D:/chest_xray/train/PNEUMONIA/person492_virus_998.jpeg,train,PNEUMONIA,1.360902256,3.107140787,d450297fe1ff02d00f084a0d2d3c6db779ef3ded69d4015a080c610f4b4f7b4f
D:/chest_xray/train/PNEUMONIA/person489_virus_994.jpeg,train,PNEUMONIA,1.385074627,3.225026991,8800f47ea3b83ad5875d5a41f1f587a068599749585a97d6d2f635c7961769e0
D:/chest_xray/train/PNEUMONIA/person1642_bacteria_4353.jpeg,train,PNEUMONIA,1.690072639,3.196345086,81552b5ac70a3f1bfc3fc27897e17a43f5ef4e527068c6508d2be2f439480c66
D:/chest_xray/train/PNEUMONIA/person1079_bacteria_3019.jpeg,train,PNEUMONIA,1.5,2.759511501,95da7805c034185a916b4f433da41f70253090d507ff8efa0bf807ed9ffa19e9
D:/chest_xray/train/PNEUMONIA/person1455_virus_2496.jpeg,train,PNEUMONIA,1.695716396,3.101432596,d0bf6fb0e7c23f0b992c3d34adb60ed26c6986e12cdf83e88a1f18788eb11a18
D:/chest_xray/train/PNEUMONIA/person660_bacteria_2552.jpeg,train,PNEUMONIA,1.641025641,2.680653503,d4ff6ed0ad422c2b83050b04092f07af0f1e092a09252924a92c3e3f7ffeff7d
D:/chest_xray/train/PNEUMONIA/person437_virus_888.jpeg,train,PNEUMONIA,1.509541985,3.248621699,d51428aa6cffe6d423842be56e60e68de7986e856d0f654b83da92c25296f856
D:/chest_xray/train/PNEUMONIA/person111_virus_210.jpeg,train,PNEUMONIA,1.042553191,3.298651354,d4af7c54c7d04f4bc52d54856ce444a83cfa28ba0a9b48fb46811a5b69e7a79e
D:/chest_xray/train/PNEUMONIA/person640_virus_1221.jpeg,train,PNEUMONIA,1.770833333,2.950620772,915fe5a4c3951a5fe83d3856e4bc39c184a74b829ca569583c87c69639e33cb5
D:/chest_xray/train/PNEUMONIA/person292_virus_600.jpeg,train,PNEUMONIA,1.304347826,3.052074973,d4107feae3fd1ad5c34e4b684f2a43fa78582cb54ba5707a50bc1c1be0b46c16
D:/chest_xray/train/PNEUMONIA/person312_bacteria_1454.jpeg,train,PNEUMONIA,1.195945946,2.978360528,900f6c81e7f51e17df7a5b00392c47a43d826c284fe038eec0f46da139fbc3cb
D:/chest_xray/train/PNEUMONIA/person1097_bacteria_3038.jpeg,train,PNEUMONIA,1.181818182,2.904882242,917f3ffde6ad7ebd54fe4af07de878c141a939c069a081883890c138c3da1978
D:/chest_xray/train/PNEUMONIA/person331_bacteria_1530.jpeg,test,PNEUMONIA,1.82278481,2.916762834,d0fb62d1c7d23a4bc72d793cc134ce3438629690693ab48f6e9238eb679c7852
D:/chest_xray/train/PNEUMONIA/person1424_bacteria_3651.jpeg,train,PNEUMONIA,1.366972477,3.207380031,c42a2ef5e3d01b4b5c0f5b6c4d2ad8b24fc21ca3c4d78f4304b5c3f8163d96f4
D:/chest_xray/train/PNEUMONIA/person1582_bacteria_4142.jpeg,train,PNEUMONIA,1.781609195,3.165272793,d0afeed0a7ca182985b41c92c59a160969e096257c59174b54945f0f1fbd7fd3
D:/chest_xray/train/PNEUMONIA/person26_bacteria_133.jpeg,train,PNEUMONIA,1.722580645,2.889867212,d00264aae7903e56974f1b6d842d6b64bdf461a52843c3e36f5234fa0e173cfa
D:/chest_xray/train/PNEUMONIA/person1261_virus_2148.jpeg,train,PNEUMONIA,1.465346535,3.097920239,d40a6af5af400d0fc5b52db2c17b41eb597a4bab6baffab06f04d204ab055525
D:/chest_xray/train/PNEUMONIA/person113_virus_215.jpeg,train,PNEUMONIA,1.428571429,3.2654534,d5517feaab850f1d8f6829a1c2d0878b685fa15aa05aad54a5276970fc3f52b8
D:/chest_xray/train/PNEUMONIA/person1002_bacteria_2933.jpeg,train,PNEUMONIA,1.321276596,3.133257499,98016bba47b11f07ca1a5a689c294ab52c2349f38dc39cfdcf111c38597cdf8f
D:/chest_xray/train/PNEUMONIA/person1023_bacteria_2954.jpeg,train,PNEUMONIA,1.183987683,3.239746086,98576daac6b41e554f4a1f091c344af03c70d0f41d52d0f661b53d2fdbc41f0f
D:/chest_xray/train/PNEUMONIA/person895_virus_1547.jpeg,train,PNEUMONIA,1.456521739,3.176567871,d40a35d5c2df1f48e73f4b743cafc31a2c2110d341a91c1682786d2d3b5fe7f0
D:/chest_xray/train/PNEUMONIA/person501_bacteria_2116.jpeg,train,PNEUMONIA,1.330472103,3.139146429,d0436dbfe7943e43e14a3da47db46cd63c62c09a0c293c2d6f3c6f0dc3ca3c0c
D:/chest_xray/train/PNEUMONIA/person332_bacteria_1537.jpeg,train,PNEUMONIA,1.454061252,3.340678796,d400aab5ebd41e025a0f4a3f3cb061b63f92309761ef9b8729eaab20ea9e6be8
D:/chest_xray/train/PNEUMONIA/person845_virus_1489.jpeg,val,PNEUMONIA,1.350746269,3.029199024,d1406bbfe7bc1e90d65a425d3f04c63e3f1c7c0e4fe53c407855c78574a571c0
D:/chest_xray/train/PNEUMONIA/person23_bacteria_88.jpeg,val,PNEUMONIA,1.555205047,2.767964373,9c007aabe3fd3dd4e15295fa68e183d1a70143da8f0b54f76180d61f65e25b0b
D:/chest_xray/train/PNEUMONIA/person33_bacteria_172.jpeg,train,PNEUMONIA,1.516129032,2.783467048,81adaf56ce1b4c7143e04f0bd2b84bc0d638d36a5c28507a552f52fa6fa83ebc
D:/chest_xray/train/PNEUMONIA/person351_bacteria_1621.jpeg,train,PNEUMONIA,1.126213592,2.885742993,d56f7ffd7e901a42924b1968e5a1589298a286d3963ad2989e08d679e3f81e17
D:/chest_xray/train/PNEUMONIA/person630_bacteria_2516.jpeg,val,PNEUMONIA,1.551282051,2.89777246,957e7aa12f15127a03294a294baa4aab4be85ba25b601f2f1a7c970f1e5f0d5b
D:/chest_xray/train/PNEUMONIA/person465_bacteria_1981.jpeg,train,PNEUMONIA,1.726027397,2.830108724,d4106fffa3d01e4a83490b450f2c4b941e587d697c743c3e6c902d786c796be7
D:/chest_xray/train/PNEUMONIA/person374_bacteria_1711.jpeg,train,PNEUMONIA,1.453333333,2.673938249,ddce7f85e205101f94fec2703ce3b8a7c8a229a2b8a5aa68ba84ba07a3b1bf95
D:/chest_xray/train/PNEUMONIA/person433_bacteria_1874.jpeg,train,PNEUMONIA,1.611111111,2.789220127,d4026afca352034b83a569d6e1b21f0fe17a3cb269b60f804f7441e155ff43d7
D:/chest_xray/train/PNEUMONIA/person1090_virus_1809.jpeg,train,PNEUMONIA,1.731707317,3.024454993,91d0e52bde159a5a3b6d39942e8b79cdcd846bd28ca339d2863c4bc3946943c7
D:/chest_xray/train/PNEUMONIA/person1352_bacteria_3444.jpeg,train,PNEUMONIA,1.441666667,3.150042334,95f8e80585021e3a4be91e2f39f40f101cf02b870cbe39e70f1f8e7907876bfc
D:/chest_xray/train/PNEUMONIA/person470_bacteria_2002.jpeg,test,PNEUMONIA,1.291866029,3.258942525,9015fd2ae7e23a85eb4f4b2c3d3eccb16d8594a74b96960f49e84a5f19254b41
D:/chest_xray/train/PNEUMONIA/person1052_bacteria_2986.jpeg,train,PNEUMONIA,1.224299065,3.105490997,d4af28104fd01d0f412d4da0c8b6ced2daffc3e7df2793c7074f02680be06b3c
D:/chest_xray/train/PNEUMONIA/person1102_bacteria_3043.jpeg,train,PNEUMONIA,1.584415584,2.644785116,d42a2ff5af401a0d9b2d0b203d6754f07b5bb0ed4bc91c295a7d164a1e7f1616
D:/chest_xray/train/PNEUMONIA/person351_virus_726.jpeg,train,PNEUMONIA,1.396039604,2.727146132,c408f4bd93d20b02f50f6d20b42d6ed2b469c3c1bd0392fced2fd2f42f0b34b5
D:/chest_xray/train/PNEUMONIA/person307_bacteria_1441.jpeg,val,PNEUMONIA,1.771428571,3.095973244,904aabb5c7920a1ac3380f02c29e4bca3caf6be50f3ece57ad0738778945ac5f
D:/chest_xray/train/PNEUMONIA/person978_virus_1653.jpeg,train,PNEUMONIA,1.511627907,2.932651671,d2fdbaf1ef8bbf0ae72c1f28c82e2da21a502521085725e164d32d6b4783d5ea
D:/chest_xray/train/PNEUMONIA/person564_bacteria_2344.jpeg,train,PNEUMONIA,1.290322581,2.826899469,90ce2fb5c7101c0bc0f95f817ca74d943ca4c9c29d85c8d64f8dda3dca695a75
D:/chest_xray/train/PNEUMONIA/person1618_bacteria_4258.jpeg,test,PNEUMONIA,1.642105263,3.021566146,d4022cafe2d59f40cb6c1b6c3d244ada3ce9a8f68e96bcbf0f4b1e91d0f81c09
D:/chest_xray/train/PNEUMONIA/person60_bacteria_287.jpeg,train,PNEUMONIA,1.501730104,2.987266517,c02beeb9e7d07b4a832b9b25593597367d3e31ea14126cf0b7a30ebb208a828f
D:/chest_xray/train/PNEUMONIA/person984_bacteria_2911.jpeg,val,PNEUMONIA,1.012820513,3.085958088,95557eaa2fff3e55c3445a55c14a57911f6b0e093c1d1e091e1d156a760e34bc
D:/chest_xray/train/PNEUMONIA/person398_bacteria_1801.jpeg,train,PNEUMONIA,1.819444444,3.327050882,c0bf3ed0e3d27f41d2454b47390f4a494f0f5a4c4b2a478e1b69216ca56db17e
D:/chest_xray/train/PNEUMONIA/person548_virus_1088.jpeg,train,PNEUMONIA,1.693333333,2.914486563,906abab4f2945e4bd43d4af03c8240f54c11347741e1871e92fc0fcbbc7fe3f0
D:/chest_xray/train/PNEUMONIA/person850_bacteria_2771.jpeg,train,PNEUMONIA,1.714285714,3.170103951,c4af3bd04b434d0fc61a4d82c5c36d8391cb8941d16dc9e3db79fb309a38fa54
D:/chest_xray/train/PNEUMONIA/person1158_virus_1943.jpeg,train,PNEUMONIA,1.626373626,2.781492573,98ea6e85a7173f5af72d7920f5807c00610154076863a69f287be68fbc5c6e8f
D:/chest_xray/train/PNEUMONIA/person1496_virus_2606.jpeg,val,PNEUMONIA,1.261363636,2.891685574,dd5029aac3f55fd29e0b425d1c701e804b5b1e394af0f0b436ad6bc3c3cd50f5
D:/chest_xray/train/PNEUMONIA/person1163_virus_1951.jpeg,val,PNEUMONIA,1.60788609,3.329921584,915f65a086855a5e83697a6dc5717e8378c1b586481e81e78cfa6b58c79cf629
D:/chest_xray/train/PNEUMONIA/person1528_bacteria_3996.jpeg,train,PNEUMONIA,1.697674419,2.892258237,907b75a1c7d41a5ac53c7b74bcb2cad23dc2d2d68f0bb295cf48b40dc3588c25
D:/chest_xray/train/PNEUMONIA/person1918_bacteria_4825.jpeg,train,PNEUMONIA,1.3515625,3.187360199,d05575aae7b55a55a16a3924a17e7ee9f875c5a4687481426815e178ef0f7870
D:/chest_xray/train/PNEUMONIA/person536_virus_1065.jpeg,train,PNEUMONIA,1.754045307,3.220407917,d4007cabf4df0afafb48c7ad6a84e07b97d1781fe164878408768760949f0bf2
D:/chest_xray/train/PNEUMONIA/person1159_virus_1946.jpeg,train,PNEUMONIA,1.727019499,2.640765301,9015387fe1ea6fa8bc47e5aa4f853c0fc0ed2bc53d6b63c3cb504528c6854b56
D:/chest_xray/train/PNEUMONIA/person431_virus_880.jpeg,train,PNEUMONIA,1.743300423,3.031326793,841df4e0a3c51b0ec73a7b3f87384b14397ac71c7d6d93436c301bf66d3e10a1
D:/chest_xray/train/PNEUMONIA/person1239_virus_2099.jpeg,test,PNEUMONIA,1.551724138,3.311152064,d4026fffa3d53b50832f1ba68a2a417c2874243d2b61387daa3e3ce1ea7a3d68
D:/chest_xray/train/PNEUMONIA/person871_bacteria_2793.jpeg,train,PNEUMONIA,1.547523427,3.305315205,d4437feaa7a51e179a5f0b6a196990690bb0383a3cf21e943c1f87cb461f384b
D:/chest_xray/train/PNEUMONIA/person333_bacteria_1540.jpeg,train,PNEUMONIA,1.274576271,3.207231486,c1553daae2a0ca15be076a5ebf4a6e293d6171e5696f1c726857e18e4b847870
D:/chest_xray/train/PNEUMONIA/person580_bacteria_2387.jpeg,train,PNEUMONIA,1.341463415,2.906967342,815e6fa05e105e5e4d2d0b872503eb85ab96c3eb57485d7aaa798d5255758ab1
D:/chest_xray/train/PNEUMONIA/person108_virus_200.jpeg,train,PNEUMONIA,1.414364641,2.934132899,d0556baac7923edecb6c6da53cb644d20cc319edc7b41a3680794f3c183e60e5
D:/chest_xray/train/PNEUMONIA/person1181_virus_2016.jpeg,train,PNEUMONIA,1.518248175,2.971713828,957a6a850f14185a052118d74db37cbe55be0e2c2b29af2d3b45474f3bc5e3ca
D:/chest_xray/train/PNEUMONIA/person260_bacteria_1222.jpeg,train,PNEUMONIA,1.201834862,2.904974382,c42f6f946bc24f0b402500200092c3c6838ed1fefddf3f7f53cf03ef026f00ff
D:/chest_xray/train/PNEUMONIA/person1504_virus_2614.jpeg,train,PNEUMONIA,1.402061856,2.957272898,d4003cbbe2d51bcabb4fc32d3b26952e4b343d2878f46f40bcb4c6f02d823877
D:/chest_xray/train/PNEUMONIA/person994_bacteria_2922.jpeg,train,PNEUMONIA,0.926136364,3.157647591,955f6ea86fa83e15c24d1a54196a0f361c314d794b5c35a94f9425be73876396
D:/chest_xray/train/PNEUMONIA/person97_virus_181.jpeg,train,PNEUMONIA,1.306930693,2.821954947,9442a0bfe3941e4af22e5f42f43f4b543c2c7ad4350b5ad22da152961f4bd697
D:/chest_xray/train/PNEUMONIA/person1598_bacteria_4195.jpeg,test,PNEUMONIA,1.563106796,3.17878125,d03a7c81b7815a1bed2c3cad6cf787cf3cf749cbc60996386d5096097e501c34
D:/chest_xray/train/PNEUMONIA/person485_virus_988.jpeg,train,PNEUMONIA,1.670588235,3.06822118,815735a2c2851a5bde3c4b213cb7c3b14f07b4b74bd2b50f3b5ec709947c5609
D:/chest_xray/train/PNEUMONIA/person49_bacteria_235.jpeg,train,PNEUMONIA,1.420454545,2.986593752,995537eff78c3e13fa7f79701820c1099687d08796961e94d6941a58c6955af1
D:/chest_xray/train/PNEUMONIA/person1035_virus_1729.jpeg,train,PNEUMONIA,1.485714286,3.231828648,d1dd017ec7fa1ef1d803482f093c4000810e191fca0ec35a7a7cf72eefcd6b6b
D:/chest_xray/train/PNEUMONIA/person58_bacteria_278.jpeg,train,PNEUMONIA,1.707386364,2.987596794,915f37e0c6051e5ef878ca51382fd2b56f2390b5698e97946b18810fbb4adaf0
D:/chest_xray/train/PNEUMONIA/person1459_bacteria_3797.jpeg,train,PNEUMONIA,1.621359223,3.40118399,d00beed4c7505f2fc734192ac6b84e3e00e10ac334f7c7d3f4b029a53cb4b3e5
D:/chest_xray/train/PNEUMONIA/person1451_virus_2482.jpeg,train,PNEUMONIA,1.727272727,2.845467158,d0af20ffe3409b03cb274b26b2be4f58bc2de2d2aaf9b0d9ea2b12d213cb10a5
D:/chest_xray/train/PNEUMONIA/person1281_virus_2204.jpeg,val,PNEUMONIA,1.242038217,3.304365946,d0af2ff4e7000f2bad3d08fc08e102f61863d2af4b6d1e2dc37c5e29523d564b
D:/chest_xray/train/PNEUMONIA/person643_bacteria_2534.jpeg,train,PNEUMONIA,1.512195122,3.076458993,955f7fa8ef95be17865e1a4a97281e05316b1e19385eb785ea50be693845c141
D:/chest_xray/train/PNEUMONIA/person410_virus_821.jpeg,train,PNEUMONIA,1.208333333,3.154612759,c1fa6e8927d5b2021b400d7e1cf20c790e794d344f366db66b162d873f863f85
D:/chest_xray/train/PNEUMONIA/person791_virus_1422.jpeg,train,PNEUMONIA,1.453465347,3.295122866,944260bfc3d51b42cd2f6d04b4ba4fc13947c7876b0fb3adeb2d380ec384c87a
D:/chest_xray/train/PNEUMONIA/person554_virus_1094.jpeg,test,PNEUMONIA,1.240310078,3.054870252,d402fabda3562f0aa5252f97287fa6dc2c5fb3e58b04212582c06d2293f4db5f
D:/chest_xray/train/PNEUMONIA/person848_virus_1493.jpeg,train,PNEUMONIA,1.72,2.958177413,915f07acc7903e53e47b6b6fb42f6b503c0668f4eb4a32974fc0342f4ad00f0b
D:/chest_xray/train/PNEUMONIA/person482_bacteria_2043.jpeg,train,PNEUMONIA,1.446494465,3.170752227,905b65aae3b01685c3529e4b9a6fcf7c987e4f409e3969788e096814b5e14fb5
D:/chest_xray/train/PNEUMONIA/person489_bacteria_2066.jpeg,train,PNEUMONIA,1.477806789,3.052177244,815e37e8ee059e56ee584a5b2d297bb5edae3094a5089694ef7a86100a5af4b5
D:/chest_xray/train/PNEUMONIA/person1509_bacteria_3951.jpeg,train,PNEUMONIA,1.224137931,3.305807047,d0022d148f381d2cccb41adac32f930d934fc3dcb2cea3cf2a4f396d0b5f18f5
D:/chest_xray/train/PNEUMONIA/person1259_bacteria_3217.jpeg,val,PNEUMONIA,1.767973856,3.072252438,80b96a84af5a1c7c8374391685be0f16c57e4fa25daac7a94a6bd4835e166da5
D:/chest_xray/train/PNEUMONIA/person628_virus_1206.jpeg,train,PNEUMONIA,1.446280992,2.998836284,815fa9f5c2a00a41c02d68483cafebdf7d4b78cf4942180c435af38778fcefd2
D:/chest_xray/train/PNEUMONIA/person596_bacteria_2446.jpeg,train,PNEUMONIA,1.506849315,2.836616228,d43f6ef4a743396bf5a57d16f43b869969608580254b65dbe56d706c6007640b
D:/chest_xray/train/PNEUMONIA/person970_bacteria_2895.jpeg,train,PNEUMONIA,1.492581602,3.017055929,d54231aeebf5be82ae1f925e1e68da096f783a606ad383ef685b4a250861b4a5
D:/chest_xray/train/PNEUMONIA/person1306_bacteria_3275.jpeg,train,PNEUMONIA,1.534883721,2.86539378,d02b3fc005430baf0bad4ffc8bd669f2e882c28b6acb81ee0bea0fea3568daa2
D:/chest_xray/train/PNEUMONIA/person258_bacteria_1205.jpeg,test,PNEUMONIA,1.19047619,3.199187988,d5eaff80e817187e92fa3feab2482901b4972d52b09e6900b87473523c6b73ea
D:/chest_xray/train/PNEUMONIA/person607_bacteria_2470.jpeg,test,PNEUMONIA,1.41625857,3.211216792,914a3bb5e6805e5a567d487818a1486f6da91bc761ce13c66bded2d7184438fb
D:/chest_xray/train/PNEUMONIA/person514_bacteria_2184.jpeg,train,PNEUMONIA,1.5,2.842160706,d0ad2bdac3515f4b5e3e5a783ce0e06b2cf73c4761e73ca2303a41a41e0e70fc
D:/chest_xray/train/PNEUMONIA/person20_bacteria_64.jpeg,val,PNEUMONIA,1.256097561,2.791450378,91522bffeb845e0a5e3f52741e01582708b51d84581f0d3e050ea8ef1debaaff
D:/chest_xray/train/PNEUMONIA/person30_bacteria_147.jpeg,train,PNEUMONIA,1.573170732,2.733145532,d0ab6fd0eb0b1b2d59347d8314bf0ed819ad0be29b2e9b7cab64ba245961d411
D:/chest_xray/train/PNEUMONIA/person1526_virus_2660.jpeg,train,PNEUMONIA,1.61971831,3.030256051,915ce1a0c7853a9e967a4a49b1788ef70a7bb3c14b69b3898613a8e13b8dad79
D:/chest_xray/train/PNEUMONIA/person1176_virus_1998.jpeg,train,PNEUMONIA,1.43373494,2.92914149,94006caf63d56f50c7281b4393671b0d992d1b151d551d756d1575f54db471f4
D:/chest_xray/train/PNEUMONIA/person346_bacteria_1590.jpeg,val,PNEUMONIA,1.378640777,3.061242304,caaeaf7aaf684d0645920e0dc2b62e72d4fa1f54a8148b44f92e53c36d2da2d7
D:/chest_xray/train/PNEUMONIA/person1180_virus_2008.jpeg,train,PNEUMONIA,1.75,3.040272497,c00b2afea2d15549a2bd5d12a8a2555452ab5555ca2e9f4daa8bab7b65f182db
D:/chest_xray/train/PNEUMONIA/person1413_virus_2422.jpeg,train,PNEUMONIA,1.173553719,3.559489242,d04a2dbfe3ff3f60dd2d496f1d2df8b09ce0d8d0c8e09c60d062836b9e03d06d
D:/chest_xray/train/PNEUMONIA/person19_bacteria_60.jpeg,test,PNEUMONIA,1.35443038,2.734714893,d42a2afdc342532fd7fc4bc2d5ff59fabfc0e21d93489458415c1143494a3f12
D:/chest_xray/train/PNEUMONIA/person1646_bacteria_4368.jpeg,train,PNEUMONIA,1.370786517,3.082777526,95520fefe3801e51de0f4a7e3c38e9d82dc5d887ed969e16e91e96bc6c0280f0
D:/chest_xray/train/PNEUMONIA/person1520_virus_2647.jpeg,train,PNEUMONIA,1.271523179,3.169620383,90fa6285b6855a528f2a393c35a73cbd69cf34bc4ed6241a0c65291ce7391e7d
D:/chest_xray/train/PNEUMONIA/person1165_bacteria_3111.jpeg,val,PNEUMONIA,1.592672414,3.183851975,91daee058e52196b05255992450278f7dffd1e74014c5c3679e7cf3c096191ef
D:/chest_xray/train/PNEUMONIA/person55_bacteria_263.jpeg,val,PNEUMONIA,1.427272727,3.153253257,d1073eaa36910b45961e1e58317829f54d7c74f07df078ae1f16969278b71e16
D:/chest_xray/train/PNEUMONIA/person1540_virus_2680.jpeg,val,PNEUMONIA,1.559322034,3.203321074,91502fa8e6a03a40b86f4b34387360fd29f73cf760f46d2e3c3f4fc03c287cf0
D:/chest_xray/train/PNEUMONIA/person394_virus_786.jpeg,test,PNEUMONIA,1.561904762,2.966619172,905f64a886951a4ea16a3969fdf96f85b8568687094ac2fa3e9df1e8c6173a52
D:/chest_xray/train/PNEUMONIA/person502_bacteria_2117.jpeg,test,PNEUMONIA,1.395348837,2.825971014,915a2bb9c7811c17c4783ce0c8478d432c43a8523c7bab56bde93bd6afd438c7
D:/chest_xray/train/PNEUMONIA/person1349_bacteria_3434.jpeg,test,PNEUMONIA,1.733944954,3.096735047,95eaaa05e215405e10794273557d1dfc4ffe47b41d9407a4078d1ad13fbc0f8f
D:/chest_xray/train/PNEUMONIA/person1413_bacteria_3617.jpeg,train,PNEUMONIA,1.682242991,3.26029012,d4293fd4e500530b5e2f4b3c6f965c9a42f94cc118d56debd3a26aaa49a5829f
D:/chest_xray/train/PNEUMONIA/person445_virus_916.jpeg,train,PNEUMONIA,1.226415094,3.038423466,911f7fe8a76216851a75c75a5b8a487d85707c975615960178ae63c7c7e8703c
D:/chest_xray/train/PNEUMONIA/person1838_bacteria_4703.jpeg,test,PNEUMONIA,1.495495495,3.074775399,c05429efc685ca119e696a2dffea6ff16d4343874802422d6b4a7b95f5e8a568
D:/chest_xray/train/PNEUMONIA/person370_bacteria_1692.jpeg,train,PNEUMONIA,1.4,3.172301315,d42a6ff4afd00a4b812d1d6c7d6045f42c5161a17cf275e2f3ca78aaf2e04c7c
D:/chest_xray/train/PNEUMONIA/person1459_bacteria_3796.jpeg,test,PNEUMONIA,1.529411765,3.271045624,911ffba0c700145f407b1ee97af142f318a743ee4e8f59cb16c7584733c38e16
D:/chest_xray/train/PNEUMONIA/person469_bacteria_1993.jpeg,train,PNEUMONIA,1.396039604,2.967598999,91062bffe2a01f80d60b4e5b1e694a7c4d2178532dad3c43683dcb9e3e0758f7
D:/chest_xray/train/PNEUMONIA/person679_virus_1270.jpeg,train,PNEUMONIA,1.438461538,2.967495941,d44bb5f5e3d41b42a5224b023e0bebdc3dea30f5694a168760d030ad3ed6c3ed
D:/chest_xray/train/PNEUMONIA/person494_bacteria_2089.jpeg,train,PNEUMONIA,1.428571429,3.333124869,905f7da86f871e1e875a1a5987694b4f21f14e314b5acac57969d6b5687049b0
D:/chest_xray/train/PNEUMONIA/person487_bacteria_2056.jpeg,test,PNEUMONIA,1.299319728,3.178094466,c0bd2d506d035e2f483c4dbc0c3a0cbb0b6b1eb687da975a9c58d75ad7d65610
D:/chest_xray/train/PNEUMONIA/person613_bacteria_2479.jpeg,train,PNEUMONIA,1.306322351,3.143519253,d0ae1ff5c7608f4a9c2fc83d6cb49892c2d2974d9347c336a6b43c9be0d312c6
D:/chest_xray/train/PNEUMONIA/person400_bacteria_1807.jpeg,val,PNEUMONIA,1.517835178,3.062295501,915f25e8e6851e5fe25a3a59f1616e95bc1261d73d1e84be9e52f40bc250961a
D:/chest_xray/train/PNEUMONIA/person1130_bacteria_3072.jpeg,test,PNEUMONIA,1.337748344,2.842714253,940a6ff5ebd51e57085a0d023c161cfe1c6e4cb51c125efb4b6a1a2ccf1e1e0f
D:/chest_xray/train/PNEUMONIA/person1141_virus_1890.jpeg,train,PNEUMONIA,1.583673469,3.313953066,c002bab547021e1e4c6a92f86d6f9ca74b960eaa9a9e4b699ebd4b7b0da50b65
D:/chest_xray/train/PNEUMONIA/person900_virus_1554.jpeg,train,PNEUMONIA,1.677777778,3.076136406,d1faf181cf07bed6974a1e489368862dc8f6930b282109cf933d0cc79be93a76
D:/chest_xray/train/PNEUMONIA/person665_bacteria_2557.jpeg,val,PNEUMONIA,1.5,2.834647316,d0157fda5aad1a74017a3eeb91ca1885145501010823a8ab3efb55df57577d7d
D:/chest_xray/train/PNEUMONIA/person512_bacteria_2154.jpeg,train,PNEUMONIA,1.662162162,3.162784494,d00a2bfde7d21e0bc38d1f45952d42a41e24c3b56b05f0f4ed3c3cfec30a2c3e
D:/chest_xray/train/PNEUMONIA/person141_virus_287.jpeg,train,PNEUMONIA,1.376712329,3.200813014,905a7da0e6843e56a9782f703a7a28fd38b438fe2ab33c35283a3e1f38b46c1e
D:/chest_xray/train/PNEUMONIA/person940_virus_1604.jpeg,test,PNEUMONIA,1.23296355,3.021992479,9001797fe97e65aaada4c4bec6f2b251c2ab9715b604d2bfc785952a81ecab04
D:/chest_xray/train/PNEUMONIA/person1066_virus_1769.jpeg,test,PNEUMONIA,1.539823009,2.97600443,905f65aac7801a53e1287994fcfa6ff3bc5fc59208108429cf43bdb9caf50d2c
D:/chest_xray/train/PNEUMONIA/person1343_bacteria_3416.jpeg,train,PNEUMONIA,1.594594595,2.928939853,d0ad2fd2ff005a0d5024512b501316db18c81aff1b965bbe1ffe2e8c6bee6984
D:/chest_xray/train/PNEUMONIA/person600_bacteria_2458.jpeg,train,PNEUMONIA,1.395604396,2.693050112,d0ef3fd5e7135e0b182c49707db4399649da79aa79a45de6d9a0d1c35905d120
D:/chest_xray/train/PNEUMONIA/person629_virus_1207.jpeg,test,PNEUMONIA,1.666666667,3.038932967,916fa5d4c3531e6bc0766965f4bc4f803cafc3da2d8dd85a6d87383469481e1c
D:/chest_xray/train/PNEUMONIA/person464_virus_956.jpeg,train,PNEUMONIA,1.496038035,2.743695326,d0437deae6941a959a5ac33e4bb4bf56c6bbcb78b85ec22ee680384ab0784b14
D:/chest_xray/train/PNEUMONIA/person1814_bacteria_4669.jpeg,train,PNEUMONIA,1.583333333,3.140056118,d42a2bf5e940154f1d5f582a092108a648a2482a1e3f1bfd57d55fd3f803fabf
D:/chest_xray/train/PNEUMONIA/person1567_bacteria_4100.jpeg,val,PNEUMONIA,1.47,2.964135971,915723bff6805e03d42b486b3de258a7f5ea16a4f94a9784385ac52d5e9439a9
D:/chest_xray/train/PNEUMONIA/person275_bacteria_1294.jpeg,test,PNEUMONIA,1.200743494,3.252554065,94533fafef951a57096a18e965b048157c13c39e3e12d2a546837d0fd3d0716b
D:/chest_xray/train/PNEUMONIA/person1502_virus_2612.jpeg,test,PNEUMONIA,1.642857143,3.39909513,d0af2fd4ef027f274c341cf44cfd45f538c749350f141c340e2c3d37aab0af30
D:/chest_xray/train/PNEUMONIA/person649_virus_1231.jpeg,train,PNEUMONIA,1.37962963,3.032892573,901529bee5be1e80e6015a55fe3acabe3c78c0210d619c2beb503cf8fe1fb790
D:/chest_xray/train/PNEUMONIA/person328_bacteria_1512.jpeg,train,PNEUMONIA,1.203252033,3.031711748,d40b6ff54fd41a0b51681c003d254fbe3caf0b843c00bfc1efdee4d27486bc78
D:/chest_xray/train/PNEUMONIA/person625_bacteria_2499.jpeg,train,PNEUMONIA,1.685714286,2.674239874,d0fe6ec1a7531e4a87691f24792896b4187a617a96b4793c4d2d9a478b691e35
D:/chest_xray/train/PNEUMONIA/person1022_bacteria_2953.jpeg,train,PNEUMONIA,1.097560976,3.310409589,82aa3bfaf3a03c147a5da1403d41a51da7febfe0b4eb034a1dca41ea59e61e8a
D:/chest_xray/train/PNEUMONIA/person608_bacteria_2471.jpeg,train,PNEUMONIA,1.406593407,2.767857914,94403babd3941e5a94391df0bc2080963c419647c3dd1e4fc2b5c7b8bebfc3b3
D:/chest_xray/train/PNEUMONIA/person441_bacteria_1902.jpeg,test,PNEUMONIA,1.337349398,2.826798223,99ff3fad7814187097c31f0f95b88f8592bdd201c00f404a40af6afc37e53dd4
D:/chest_xray/train/PNEUMONIA/person1292_virus_2218.jpeg,train,PNEUMONIA,1.299145299,3.241336679,c01b3ea0c2501b4aad2e6d3d3c96cb7d8bdf197e836d4f14b86de3203a07f0e1
D:/chest_xray/train/PNEUMONIA/person450_virus_931.jpeg,train,PNEUMONIA,1.368322399,3.288978527,915ffea1a7971a5e836b0f35097487b4de3079ea12844c5a1e8f161b086b3c9f
D:/chest_xray/train/PNEUMONIA/person1088_bacteria_3028.jpeg,train,PNEUMONIA,1.213592233,3.125569293,d9123fbf63ae16541e2b4a7f1fea1c2061b82da82e96c32e038f2b2ec3cb4ad2
D:/chest_xray/train/PNEUMONIA/person515_bacteria_2188.jpeg,train,PNEUMONIA,1.631578947,2.708225471,d0af3ffeeb501e4b4c2dc4301c9068f37ef13ca3d0360b0d390f09ed1d254d3e
D:/chest_xray/train/PNEUMONIA/person1430_bacteria_3694.jpeg,val,PNEUMONIA,1.718309859,2.901846067,916abfa5c6163e5afaf0ea6938b5fb586ca53aeae1a496e27968ca942843b084
D:/chest_xray/train/PNEUMONIA/person619_virus_1190.jpeg,val,PNEUMONIA,1.714285714,3.097658239,915e74a5c6975a5bb9697906a0aa6c8330ca4184285a34e16c1c3debffc77d7a
D:/chest_xray/train/PNEUMONIA/person1176_bacteria_3124.jpeg,test,PNEUMONIA,1.317307692,2.899621923,905e79a861805256507f4a4d5a27cabc4e1f46956b087c3d69ee7c16bcb4e78b
D:/chest_xray/train/PNEUMONIA/person362_virus_741.jpeg,val,PNEUMONIA,1.533333333,2.996753861,d00a0ff5c7d00f4a9f2983602b409003e2d23ec1bedb6fdbbf093e3d6bd8b309
D:/chest_xray/train/PNEUMONIA/person23_bacteria_89.jpeg,train,PNEUMONIA,1.493670886,2.930436792,945500eaefa93e80c20f4aba1fc0c60a1f7ad62028ff3ef0e05d0fdfbd02f17a
D:/chest_xray/train/PNEUMONIA/person604_virus_1165.jpeg,train,PNEUMONIA,1.64,3.071719896,d02b7681e7523f2ccd243f92696a96c1684fc6490e95696d968d6b5e878d9e25
D:/chest_xray/train/PNEUMONIA/person894_virus_1546.jpeg,test,PNEUMONIA,1.474137931,2.952070195,d02a64b5c6d01a4bc0246d0ab5becf793d2590d20d0b92944d683cdfffd2cdf9
D:/chest_xray/train/PNEUMONIA/person1491_bacteria_3893.jpeg,val,PNEUMONIA,1.492424242,3.169208038,95fa680586351a7a196f5fe77d905d814e171c265e375e793fe14e001e603ae1
D:/chest_xray/train/PNEUMONIA/person977_virus_1652.jpeg,train,PNEUMONIA,1.391304348,2.967341855,c0007d5b25aa2cab4e95aed3645a4aa9eaddd561caabcb40c2feca765b82d835
D:/chest_xray/train/PNEUMONIA/person368_bacteria_1666.jpeg,test,PNEUMONIA,1.390691114,2.96582562,d42ef1a86f819e17ca4a1a69c9694fa5f1f47c92f896938ee85e1607c21e9561
D:/chest_xray/train/PNEUMONIA/person20_bacteria_69.jpeg,val,PNEUMONIA,1.510810811,2.997997673,d0bbf6a0e7171a4ee52d38b5e5f21c8369c886836858870b1e7dcd78963f6941
D:/chest_xray/train/PNEUMONIA/person2_bacteria_4.jpeg,train,PNEUMONIA,1.144827586,3.180090184,c1483afd76aa46d46f08b6196b4b120d743c6da035a87cb035b665a775ad6d4e
D:/chest_xray/train/PNEUMONIA/person801_virus_1434.jpeg,val,PNEUMONIA,1.35553379,3.14761487,9152a9b5c3cc1b4ac3754f4f3c3d4b712d0c30d46d09da3669eb9b87c8fe0b09
D:/chest_xray/train/PNEUMONIA/person1193_virus_2034.jpeg,train,PNEUMONIA,1.519201229,2.689766936,8155317fe7ead7803d05d2bf47553daa7297cd42b20548d8c52abe54395a94e4
D:/chest_xray/train/PNEUMONIA/person550_bacteria_2308.jpeg,train,PNEUMONIA,1.755813953,2.826953211,98aa2a82a3c52a6f822d1a296d2d171e6d788f307e6a79f24f17787b44a75a35
D:/chest_xray/train/PNEUMONIA/person475_virus_972.jpeg,train,PNEUMONIA,1.386138614,3.110718882,d056afa5c6851a57847f4a7d3d824bd7298710864d0e1c87cb5e1ea5796b4d69
D:/chest_xray/train/PNEUMONIA/person517_virus_1035.jpeg,train,PNEUMONIA,1.71875,3.020305381,d042e5ffc3d07f0ae13d1e5ae3a038c2e48b4b82b4396b83f0d263853c7f69e1
D:/chest_xray/train/PNEUMONIA/person704_virus_1301.jpeg,train,PNEUMONIA,1.56043956,2.924488026,941f69f0efd59e1ec30e194ec30c5a3cc71e4c1e312f1c39d0ebce3c38e3680e
D:/chest_xray/train/PNEUMONIA/person1164_virus_1957.jpeg,train,PNEUMONIA,1.389705882,3.162234872,d40b2ff5af500f435d255d125d4244d50cf20cb644bb5c0b569464fc3c3eefbc
D:/chest_xray/train/PNEUMONIA/person1164_bacteria_3110.jpeg,train,PNEUMONIA,1.613744076,3.174425815,d41f6ea8e7807a06bf6e39a438b587b16fd938e20294694bf7f91c192488c697
D:/chest_xray/train/PNEUMONIA/person253_bacteria_1157.jpeg,train,PNEUMONIA,1.640949555,2.915371575,d40a70bde7d03f03d42d4b20992e4b140d3a78d06d4a3cf4ef0beda1f1f3c7c1
D:/chest_xray/train/PNEUMONIA/person763_virus_1391.jpeg,train,PNEUMONIA,1.532846715,2.685267384,d8042940e1aa4bffb7d0c201856ffaa5cb7347eeb95301bd870a5aa1cb53c5ea
D:/chest_xray/train/PNEUMONIA/person768_bacteria_2672.jpeg,test,PNEUMONIA,1.753846154,3.119405424,900aaafda3510b0bc7851b04c1351f94fbfe1fb07c3ec7a54f1361f00f933978
D:/chest_xray/train/PNEUMONIA/person981_bacteria_2907.jpeg,train,PNEUMONIA,1.054878049,3.023496362,955e3bf47a803c85028516de147a475a1c691af63de918f43da37c2778e27c27
D:/chest_xray/train/PNEUMONIA/person260_bacteria_1223.jpeg,train,PNEUMONIA,1.306930693,2.911659138,c4aa6a81ebc02bcbab6b0a690835007440d200f8a0f1aa9aea97fe97ff8ffadf
D:/chest_xray/train/PNEUMONIA/person884_bacteria_2808.jpeg,test,PNEUMONIA,1.713910761,3.256942796,915f7b83ee053e1cbe7a0673184a834b4f6f136d00a5231631e734f3c6387eb8
D:/chest_xray/train/PNEUMONIA/person1428_virus_2442.jpeg,train,PNEUMONIA,1.627906977,3.130696399,d46f7e8587d21f1a87291d3701931e6f3de40f023cb10b090e1b65a5e358bcef
D:/chest_xray/train/PNEUMONIA/person255_bacteria_1182.jpeg,train,PNEUMONIA,1.670886076,2.759890055,90483bf5c6521e1bca6b2d603c2ac9c31f807a9f87c73b5c871d13d590bccead
D:/chest_xray/train/PNEUMONIA/person974_virus_1649.jpeg,train,PNEUMONIA,1.805970149,3.06921638,d42924bfe3d01b43c32f4b77df1fcf3d3f0cc2b43d30d3344f4038b4387282a2
D:/chest_xray/train/PNEUMONIA/person101_virus_187.jpeg,val,PNEUMONIA,1.213414634,3.14709937,d429bfdee3d00f2d449d4d695d654b760d2458344db05c32456c490f92ff2dbc
D:/chest_xray/train/PNEUMONIA/person124_virus_244.jpeg,train,PNEUMONIA,1.638888889,3.404095149,942f78b5e3e00683071b07dd065f0a5dfa69ca610a3808b47e3c7c34f7daef38
D:/chest_xray/train/PNEUMONIA/person23_bacteria_79.jpeg,test,PNEUMONIA,1.764705882,3.029489884,d0ab2fd2abcb2a2f823c0b203cb618d13cd16c913ef03ef8d3ca47c307a389f7
D:/chest_xray/train/PNEUMONIA/person735_virus_1356.jpeg,test,PNEUMONIA,1.347412883,3.095651378,91577aa04fa01a171978456879a1e9e1cfa57e3de71a961c3af83d6b160b584b
D:/chest_xray/train/PNEUMONIA/person1839_bacteria_4705.jpeg,train,PNEUMONIA,1.434782609,3.145463309,c0bfbfeaff015e2e9aaa93ab34158025a4019c1e005a0faa1e2f47ad9fa57a5b
D:/chest_xray/train/PNEUMONIA/person625_bacteria_2500.jpeg,train,PNEUMONIA,1.653333333,2.7046788,c0b43f4a45050a3f5caaab554daa96d4ad5557aaab5553a652a8a9545bad6b65
D:/chest_xray/train/PNEUMONIA/person321_bacteria_1488.jpeg,train,PNEUMONIA,1.67032967,2.941509498,d0f86e85a6163a7991251b1e6d62961e296db3e73e52e167d716696330876e12
D:/chest_xray/train/PNEUMONIA/person39_bacteria_198.jpeg,train,PNEUMONIA,1.613636364,2.737009861,942a2ef0a2820a2b1a2492b20ba31d47d6d3e7cb7548f4faebe95fa5dab4aba0
D:/chest_xray/train/PNEUMONIA/person306_bacteria_1439.jpeg,train,PNEUMONIA,1.390022676,3.078751497,915f6da0ae853a56cf5a3a4a8f6938a528f61cba28f586333c9e8e833cbcce30
D:/chest_xray/train/PNEUMONIA/person1455_virus_2490.jpeg,train,PNEUMONIA,1.413043478,2.688967997,d0a53fd2d201d82d7cb069e069c36b4f697c51d25cd354f594f194e19cf4d470
D:/chest_xray/train/PNEUMONIA/person444_virus_911.jpeg,test,PNEUMONIA,1.666666667,2.863552391,99e96c91c6133b6fc72c3b1471c06e1175e945c3249331c2e69669e579ed7878
D:/chest_xray/train/PNEUMONIA/person1935_bacteria_4850.jpeg,val,PNEUMONIA,1.2875,2.972226537,95fa3ea5b61f3a5e38691da118a31ea507b51fed1eed1ae739e3018701a53061
D:/chest_xray/train/PNEUMONIA/person445_virus_914.jpeg,train,PNEUMONIA,1.453333333,2.953492405,d40b2ff52f52076f05254d026d9b4cbb62c3728bf2af42abc7aa47a645e0e1f0
D:/chest_xray/train/PNEUMONIA/person421_bacteria_1852.jpeg,test,PNEUMONIA,1.516949153,3.142843454,80172abee3d43e55ff5f4f1d1d2ce0b56f6050e541c63a8761e1594b68346b4a
D:/chest_xray/train/PNEUMONIA/person1609_bacteria_4237.jpeg,test,PNEUMONIA,1.344827586,3.253569236,92f43d4b687f5a6c5ef05fe23f8b2c942a500205532dc567a52d2961aeb96ea9
D:/chest_xray/train/PNEUMONIA/person331_bacteria_1529.jpeg,train,PNEUMONIA,1.520833333,2.776502986,ccad7ed223c8390d1d2455927cf904f96ed97cf97cc0c6c928899ac0ab930db7
D:/chest_xray/train/PNEUMONIA/person640_bacteria_2532.jpeg,train,PNEUMONIA,1.383080607,3.014793113,91fe6fe0c7053a57e87a396869a46c943907c39f390ef3a9cb693865c3613861
D:/chest_xray/train/PNEUMONIA/person541_bacteria_2274.jpeg,val,PNEUMONIA,1.557894737,3.017942599,d1ea6f05ee1a0a5a146569423c864bc26fb77df66582b696a092a5a7c31ee5a5
D:/chest_xray/train/PNEUMONIA/person1746_bacteria_4585.jpeg,val,PNEUMONIA,1.438888889,3.201922961,90553aaaefaa6f155e51586959255c854da04d931cb75da747875fc600e5dfa0
D:/chest_xray/train/PNEUMONIA/person344_virus_705.jpeg,test,PNEUMONIA,1.482352941,2.962574082,d0abf6b0c7421f2be5343d42d4e94bc0bcebcbd0bc2ddaf02f0a98b66d201c3c
D:/chest_xray/train/PNEUMONIA/person255_virus_531.jpeg,train,PNEUMONIA,1.348314607,3.129028203,91a93f84ea151ed6b860cbc39b0e7db4cbd23f017290ca439c867ad397a43e72
D:/chest_xray/train/PNEUMONIA/person1219_bacteria_3172.jpeg,train,PNEUMONIA,1.372121212,3.088202819,d40a7ebca7d50b4ba12e1924283815903e7935e11e172df9bedf287e0025ebed
D:/chest_xray/train/PNEUMONIA/person430_virus_879.jpeg,train,PNEUMONIA,1.504477612,2.751054084,8915376ec6a0169bd4bf4e90b4bcca72adf2dc5eed4a3ac3696a52414c25d4e8
D:/chest_xray/train/PNEUMONIA/person500_bacteria_2110.jpeg,train,PNEUMONIA,1.494623656,2.787639896,900a2ff5e7903e02d67f5b5a1b69d32c5f0074296bd13c297b4e4f603c2678f2
D:/chest_xray/train/PNEUMONIA/person31_bacteria_161.jpeg,train,PNEUMONIA,1.794117647,2.771921898,d0962deaef001f1edb285b02fa2afa80fa01fa49fa81facbb814bb49d705d551
D:/chest_xray/train/PNEUMONIA/person33_bacteria_174.jpeg,train,PNEUMONIA,1.763157895,2.900985504,82bdaad0855b0fea87a50f5597a283020d23c3a3410310e6c3e331e5f3f3efff
D:/chest_xray/train/PNEUMONIA/person953_bacteria_2878.jpeg,train,PNEUMONIA,1.483870968,2.829969371,d4af6f903e4a1a7c0b25182f474d3c6700d30cb770834d1a34b22d3ebef2bf78
D:/chest_xray/train/PNEUMONIA/person508_bacteria_2143.jpeg,test,PNEUMONIA,1.509803922,2.895964363,d1aa2fb5e6007a5b746948613ca55ad765be1b947984c3941e960d2d479c5f2d
D:/chest_xray/train/PNEUMONIA/person9_bacteria_40.jpeg,val,PNEUMONIA,1.714285714,2.941208535,944aabf583ca0b2fc13443c044ed40e9df03d71e5d36142f67e83e2fc78f09b5
D:/chest_xray/train/PNEUMONIA/person111_virus_209.jpeg,test,PNEUMONIA,1.104651163,3.057736145,915ffea0ae800a15007a183e1d5a1c5139c11ef509ff1fbe38f21d0b1efc1daf
D:/chest_xray/train/PNEUMONIA/person1400_bacteria_3550.jpeg,val,PNEUMONIA,1.62244898,3.155274447,d42f2ed4a7521d21451d5f3c25b6076a3c3e44ea63e92ae92a5c2ea4f1f45c3c
D:/chest_xray/train/PNEUMONIA/person153_virus_304.jpeg,train,PNEUMONIA,1.542553191,2.85042534,c02ba7f4e2422a2df83c69e23ca3c2da7d8cd2df67c85e14db6b55a4585a4529
D:/chest_xray/train/PNEUMONIA/person518_bacteria_2197.jpeg,train,PNEUMONIA,1.344262295,2.990354388,99ea79558202184a10e41de73acfd7c45e7e34f5c6090c7908b64f2f39e1ffc2
D:/chest_xray/train/PNEUMONIA/person253_bacteria_1153.jpeg,test,PNEUMONIA,1.680555556,2.834390326,d0a52bf6ef480e05ca3e49603f02497a0e944a1f43dc3ed2786f56d23e5be1f4
D:/chest_xray/train/PNEUMONIA/person527_bacteria_2225.jpeg,train,PNEUMONIA,1.47,2.925401694,d08a2fd5eb42192f49b47dd3f4db5edc91a4d358970c92541d349a0d82cb96b3
D:/chest_xray/train/PNEUMONIA/person266_bacteria_1238.jpeg,test,PNEUMONIA,1.38372093,2.721633098,d4502fbfef81fa42946f5a7c1f60b0e17a781c094b0d470a169f4bd21d297c7c
D:/chest_xray/train/PNEUMONIA/person1549_virus_2690.jpeg,train,PNEUMONIA,1.279069767,3.018532365,d55effa0aff50a17034815a557fa05cb018507810fd707c71e15074b1e9b1fcf
D:/chest_xray/train/PNEUMONIA/person25_bacteria_121.jpeg,train,PNEUMONIA,1.276371308,3.110761348,905521aee7a01e85ee1f4a5e3d28c2fa6df8f1294d85348d7b97c74a62164b4e
D:/chest_xray/train/PNEUMONIA/person1556_virus_2699.jpeg,train,PNEUMONIA,1.532608696,3.241218213,954ae1ffc7901e42e8692da0f8964fd2384fd3e4ce18987d4f61387c66906c2f
D:/chest_xray/train/PNEUMONIA/person627_virus_1204.jpeg,train,PNEUMONIA,1.592105263,3.050056597,957b7fa1bf163b68ed207cb6ecf27cbf3ccc4d2d392d8c680e1c09608c291a48
D:/chest_xray/train/PNEUMONIA/person499_bacteria_2104.jpeg,test,PNEUMONIA,1.329179647,3.04924422,9015e4abc7b51a55cb6a6b06bd0f47d83845e0e6ce52b0eb87c3d03f83c19f0b
D:/chest_xray/train/PNEUMONIA/person710_virus_1308.jpeg,test,PNEUMONIA,1.68115942,3.049745034,d0ae3af5c7031c2f94b01dc3b4fb1fd2bca392b40d1894f00f5a95bccb4a097e
D:/chest_xray/train/PNEUMONIA/person689_bacteria_2586.jpeg,train,PNEUMONIA,1.373626374,3.213546883,944a2abdf2801e025e1fd27c3de8d8a5b58f9a94b0ca938e79cac3ca3d0e8acf
D:/chest_xray/train/PNEUMONIA/person1145_virus_1902.jpeg,train,PNEUMONIA,1.566666667,2.657217066,d0af280243aa0aa868254d5518048bbb0bbfaa7dab7dcb55df55d754ff70a30a
D:/chest_xray/train/PNEUMONIA/person592_bacteria_2431.jpeg,train,PNEUMONIA,1.407894737,2.670149168,85ea3f85f23e1a7a92e10b471c9ed2fe6d4919645fc11fa01d20fd2ff017901a
D:/chest_xray/train/PNEUMONIA/person886_bacteria_2810.jpeg,test,PNEUMONIA,1.679314565,3.152397223,915a7a814684185656f95f6b5ca577877dafa1a7018739ffc79e478d01804b4a
D:/chest_xray/train/PNEUMONIA/person390_bacteria_1781.jpeg,train,PNEUMONIA,1.072222222,3.113393174,d0422bf54aa01a45182b18551fe54efd1efa962ac750b7e1f6e8f7aab682e18a
D:/chest_xray/train/PNEUMONIA/person1709_bacteria_4524.jpeg,train,PNEUMONIA,1.149606299,3.2486565,c0157feaa7a81a150a56056c1ab50c794da17d65e5f05f873d0f47a11b874d5f
D:/chest_xray/train/PNEUMONIA/person690_bacteria_2587.jpeg,train,PNEUMONIA,1.25,2.76568156,98007ded56801e5fd27f1af0758001c5382f82870c1780bf0d4f90bf87ff9f7b
D:/chest_xray/train/PNEUMONIA/person255_bacteria_1162.jpeg,train,PNEUMONIA,1.691176471,2.707491437,d00f6fd5c7401b0b993549b63c82c2d0e7c1b4f1c2db1e8d01ff4b0f19ffc390
D:/chest_xray/train/PNEUMONIA/person505_virus_1017.jpeg,test,PNEUMONIA,1.5,3.122134665,915e21bdc3d01f43e42d59b43cbe4d90390fc9eddb0e183ccb0f19ecd2d4962c
D:/chest_xray/train/PNEUMONIA/person1337_virus_2307.jpeg,train,PNEUMONIA,1.394444444,3.403600945,915f7fa0a6851a5e387a49bb189a0caa4ba41d8e5ef50c7b1c7549617d695875
D:/chest_xray/train/PNEUMONIA/person1673_bacteria_4434.jpeg,train,PNEUMONIA,1.435897436,2.994749844,d48a3ef5d350930f1c2d9234499098a13c9b690f34e36c03d70bf92b9e4aff3b
D:/chest_xray/train/PNEUMONIA/person1482_bacteria_3870.jpeg,test,PNEUMONIA,1.637254902,2.737071622,9c15e12a6bfee5a0e5a13c36f6a13e16b0e9c3c6d07b0b54c2d2187d43f40f87
D:/chest_xray/train/PNEUMONIA/person1083_bacteria_3023.jpeg,train,PNEUMONIA,1.468085106,2.733679023,915f7ba1f682561e0071025350294e71592d5bed5faf53cc1ac31cadd7e91c6a
D:/chest_xray/train/PNEUMONIA/person549_bacteria_2305.jpeg,train,PNEUMONIA,1.605263158,2.780284141,c0ad3f50e5031c2f6cbccb616c95d0d2674d9e8222cacda3926b6cb582f6cde5
D:/chest_xray/train/PNEUMONIA/person1248_virus_2117.jpeg,train,PNEUMONIA,1.36,3.07848609,914a39f5e7841a53fa6fcb683d0038b74bd23d8bb0c6cd8296b4cbc2cda71a70
D:/chest_xray/train/PNEUMONIA/person1466_virus_2541.jpeg,train,PNEUMONIA,1.464285714,2.73364695,90aa3bf1e7503f42be2f4a7c1d691a6d492c1e14493817bc588731eb3a69be1b
D:/chest_xray/train/PNEUMONIA/person1033_bacteria_2966.jpeg,train,PNEUMONIA,1.204545455,2.801314837,94116beae3c51f01c60f5f053807433d3d3ff5f06f80382be4a97e0f74e0c3c3
D:/chest_xray/train/PNEUMONIA/person389_bacteria_1778.jpeg,val,PNEUMONIA,1.414414414,2.959689513,94057dfa7bed2fc1e30d4e00ee195e013c6b438d3f7e129d4f0b30f84f81342b
D:/chest_xray/train/PNEUMONIA/person1449_bacteria_3747.jpeg,train,PNEUMONIA,1.381944444,2.998360313,915f78a8e7213e15787a696839a528e749e338af09ee4b0f186d096b4f0759f4
D:/chest_xray/train/PNEUMONIA/person1022_virus_1712.jpeg,train,PNEUMONIA,1.192771084,3.137550446,d0422fe5e7a50a55396949ac3da47c3349533d6b5b7f4f6a1e2d4a701d2c1a16
D:/chest_xray/train/PNEUMONIA/person76_bacteria_371.jpeg,train,PNEUMONIA,1.183206107,2.979203657,d40a2fbd4e01185a49684df5ddb64fa8d42ace52f943c83dc02bd497c5b61db6
D:/chest_xray/train/PNEUMONIA/person1152_virus_1930.jpeg,train,PNEUMONIA,1.532690247,3.211865318,d4406fffa3d50b528b2b1b07863c1e0d3c7607861e970fe11add2d8b878369f8
D:/chest_xray/train/PNEUMONIA/person266_bacteria_1241.jpeg,train,PNEUMONIA,1.488888889,3.038655852,d1eb3fb5e206185a90f049c138a5799e618e1dc56d7deff07f434d03461a4d92
D:/chest_xray/train/PNEUMONIA/person1864_bacteria_4736.jpeg,train,PNEUMONIA,1.782608696,2.950883027,d400f4bfc3d01f42eb2dc7a4792696b04b34b4eb6f921edeb0b34de13c83604b
D:/chest_xray/train/PNEUMONIA/person277_bacteria_1302.jpeg,train,PNEUMONIA,1.75,2.838374165,dcea6ac087021f7f87290f3fc1a28f95697d9b3468f04bb4d07069e59872696a
D:/chest_xray/train/PNEUMONIA/person123_virus_230.jpeg,test,PNEUMONIA,1.617021277,2.952435983,905fe5a0c7951a4ae52d1e16e43a4fd139eec6971f5ac6b54b4ab038c3143d2d
D:/chest_xray/train/PNEUMONIA/person46_bacteria_224.jpeg,train,PNEUMONIA,1.362068966,3.00279457,80abaed0af521b4f4b351b9e456a45482cfa0e37429559e1569a78e83e1a5fde
D:/chest_xray/train/PNEUMONIA/person444_bacteria_1927.jpeg,train,PNEUMONIA,1.110917031,3.205595055,9815296ac6ea1e81da5b787f1dfa4afb1da1c2c11d2253dacfda1c7ac2d40c2c
D:/chest_xray/train/PNEUMONIA/person1540_bacteria_4023.jpeg,train,PNEUMONIA,1.32,3.1671617,d4027ab4e3d63b4ae12d34b5e07ea4a43c16e54ba61f0b54a72d7874e7c2e4b4
D:/chest_xray/train/PNEUMONIA/person513_virus_1030.jpeg,train,PNEUMONIA,1.300699301,3.312941247,90402bbfcaf05a4b782b59f239ab58fc18a0905596f8942581eb1ef0c6bfdf87
D:/chest_xray/train/PNEUMONIA/person1507_bacteria_3942.jpeg,train,PNEUMONIA,1.489795918,3.262719841,d4af2fd487571b4f172c4b0a0d3d0c582c586e8a6dab42eb0ecb1ec31fc21fc3
D:/chest_xray/train/PNEUMONIA/person88_virus_163.jpeg,test,PNEUMONIA,1.25170068,3.351094558,9d0b2af187535b024b2f2c262cd6365b70f84aaa38b093875d3d5ca74e3f3b61
D:/chest_xray/train/PNEUMONIA/person720_bacteria_2622.jpeg,test,PNEUMONIA,1.484375,2.73628765,d4002fff2bd53a43952b4b45097e44900c5b14995e5a5c2d56f05d6a56f54feb
D:/chest_xray/train/PNEUMONIA/person336_bacteria_1550.jpeg,test,PNEUMONIA,1.138613861,2.850959768,955f6fa0e7151e1ec36a1b693869c7a87e9268e2ef016d9485870e1be58ac78a
D:/chest_xray/train/PNEUMONIA/person413_bacteria_1832.jpeg,test,PNEUMONIA,1.138461538,3.100583613,945f6ca8a7f17a53875a1e29614c1e3c69f02d9138f16d83f6b5cbc26d2992d0
D:/chest_xray/train/PNEUMONIA/person585_bacteria_2414.jpeg,train,PNEUMONIA,1.55,2.900210871,d0af2fd4c74a1f0b9d2d4f043c34c6786e49b0e143c99e8fc3f88f0d9247934b
D:/chest_xray/train/PNEUMONIA/person1310_bacteria_3302.jpeg,train,PNEUMONIA,1.576576577,3.15788026,d02f7e94e7801f0b6d2f9eb62cb284af484b05e5c3d46d2d96747d24bc349f40
D:/chest_xray/train/PNEUMONIA/person9_bacteria_38.jpeg,train,PNEUMONIA,1.804597701,2.986559301,d42a2ef4e3c20b2bcb344bb26f9a2cf929c1c5cb49ca5faa48ad6b2d12d562d2
D:/chest_xray/train/PNEUMONIA/person1268_virus_2161.jpeg,test,PNEUMONIA,1.227642276,3.233509273,90522bf5e2805a17385a506931a5158e81fe15feb2ded4f8b7393c87bce3b521
D:/chest_xray/train/PNEUMONIA/person1494_bacteria_3901.jpeg,train,PNEUMONIA,1.483516484,2.924495177,90026ffdaf153a4ec36c5e16707e1f8179e747867c7c51c34e1745e83cb44870
D:/chest_xray/train/PNEUMONIA/person1530_virus_2664.jpeg,train,PNEUMONIA,1.708860759,3.914328183,c03ffca0e7900fca9a4ba707da0e396cb7928e0f692992d36d4d9dec21d21b49
D:/chest_xray/train/PNEUMONIA/person1361_virus_2344.jpeg,train,PNEUMONIA,1.4,2.933302149,d4002effaff55b4b1f4d5324491735ea46d54dc354e342970d4bd2c1c2da34a5
D:/chest_xray/train/PNEUMONIA/person3_bacteria_12.jpeg,train,PNEUMONIA,1.229739777,3.228612241,815f2da4e6841a5baa1f691c382cc0b47d6ff0a5410e394ff3df6d6b58616bc0
D:/chest_xray/train/PNEUMONIA/person1158_virus_1942.jpeg,val,PNEUMONIA,1.523809524,2.860031522,d40a2af5ebda1e0ac22d4f065e384b8a1ebe68e81e9669789698283faab2cbaf
D:/chest_xray/train/PNEUMONIA/person554_bacteria_2321.jpeg,val,PNEUMONIA,1.703296703,2.971081194,d40a2fd546005f6b1a2e4ab00a835adb4bcf3b8f33cf4be91e1e978543a16dd1
D:/chest_xray/train/PNEUMONIA/person1106_virus_1829.jpeg,train,PNEUMONIA,1.344370861,3.220595416,d04b6dfde7f57b52eb0f6fa438426ce92ca164f049803d2608ad494238f94fb5
D:/chest_xray/train/PNEUMONIA/person1507_bacteria_3947.jpeg,train,PNEUMONIA,1.410071942,3.235039361,90573bacd2905a5d5c2d5a461d615d6519c31a83490b43cb6b5b2bdd7bd23b5c
D:/chest_xray/train/PNEUMONIA/person258_bacteria_1215.jpeg,train,PNEUMONIA,1.34,2.968380053,d42b2ff5e7d01f4bd23f5f4a923f4b5c7c2452d03c8730da2d89b0d691c01c3c
D:/chest_xray/train/PNEUMONIA/person553_virus_1093.jpeg,train,PNEUMONIA,1.370689655,3.203819721,d40a6df5e3503f4ae92d3c92a8ab0ed82802c0c22905d1f46f1efeb5ebe07e3d
D:/chest_xray/train/PNEUMONIA/person69_bacteria_338.jpeg,val,PNEUMONIA,1.517857143,2.778781952,9c016856e15e15aae59440063eb8d5bda17ebc7ea14e05ef3d2fd4ab12f51cc4
D:/chest_xray/train/PNEUMONIA/person498_virus_1007.jpeg,train,PNEUMONIA,1.80952381,2.909313586,d0bf62b5c6d01a4acb681d2884b44f0231854f83a4924f87ed296bdeef1ff3c3
D:/chest_xray/train/PNEUMONIA/person490_bacteria_2068.jpeg,train,PNEUMONIA,1.35,3.01062965,d1576ea10ff71a12896a5920fcb4c6b37cdfc7a94a1e9248cb09b858d3619a5e
D:/chest_xray/train/PNEUMONIA/person1603_virus_2781.jpeg,train,PNEUMONIA,1.311688312,3.175344607,d42b74d093d25b0385293d1ce9ec9614687ba5c7aa5f25e59a1f2969a29e961e
D:/chest_xray/train/PNEUMONIA/person1580_virus_2739.jpeg,val,PNEUMONIA,1.578125,3.154403086,d4007efd83d05b0aab363cc5e8783cd068f387cb385f0f41bce9c87d8e0d1cf0
D:/chest_xray/train/PNEUMONIA/person628_bacteria_2505.jpeg,test,PNEUMONIA,1.316839585,3.36185634,94177ceaa7b11e151b5e196a0d6104b068d115eb4ed634b64e9e2f8ad6ba6f23
D:/chest_xray/train/PNEUMONIA/person462_virus_951.jpeg,train,PNEUMONIA,1.734094617,3.230053918,d4027cbde7503f42bf6b4b4c0b40bc3c7cd438c2a0873cdb3ccb30db06d33c5b
D:/chest_xray/train/PNEUMONIA/person1468_bacteria_3822.jpeg,val,PNEUMONIA,1.413793103,3.382871608,915525fae6a01e55e84f4a7ead3b43f929e5c1af2b5670af69c378506a183d20
D:/chest_xray/train/PNEUMONIA/person328_bacteria_1515.jpeg,train,PNEUMONIA,1.028731045,3.320665026,9000286fe1be17a0b6404a943e50f84e6f1ef8bd6bd2bd2a78f13d0b7cbc63d4
D:/chest_xray/train/PNEUMONIA/person462_bacteria_1967.jpeg,val,PNEUMONIA,1.547945205,2.713021237,942b6aaaaf951a4b43095f04c7245816e5e87df2e5f25e96a4f3c69660fb0695
D:/chest_xray/train/PNEUMONIA/person626_virus_1202.jpeg,test,PNEUMONIA,1.220689655,3.558904018,d5554aab5fff5ea15a5a595b596869a52da41cd114d052a052ad79a879b8752a
D:/chest_xray/train/PNEUMONIA/person1579_bacteria_4133.jpeg,val,PNEUMONIA,1.481012658,2.996402138,d4007dbac7d55b4b836c4b25a15e86d06853b5e1c6174bd0b683cf4a5bc4f0de
D:/chest_xray/train/PNEUMONIA/person1683_bacteria_4460.jpeg,train,PNEUMONIA,1.438888889,2.984891147,914a21f5c2fd0e41e6242a022c1be1393ca0e0fc7fbe7f97e1f038fefa1e8780
D:/chest_xray/train/PNEUMONIA/person1159_virus_1944.jpeg,train,PNEUMONIA,1.47826087,3.123831667,916f3bc5ea813e0b5e2a4d781d75487f39c658c659ea09d6494e41c5585a7aea
D:/chest_xray/train/PNEUMONIA/person292_virus_597.jpeg,train,PNEUMONIA,1.243421053,2.902479733,d8426ebfc3f53bc2cb4d3d04697597d43cb44c5a1782585025d13e0d4bd8b5ab
D:/chest_xray/train/PNEUMONIA/person525_bacteria_2218.jpeg,train,PNEUMONIA,1.348837209,2.994352499,d0003ebde1f15fc0940bc25f5f4a9e086a481f2c5a5a696b17a56d5235bd2fd6
D:/chest_xray/train/PNEUMONIA/person619_bacteria_2490.jpeg,train,PNEUMONIA,1.263868066,3.306284522,904461fbc3b51e86c21b3a5af1694fb53ca642d62c03f0de6fd290b561f89e39
D:/chest_xray/train/PNEUMONIA/person544_bacteria_2286.jpeg,train,PNEUMONIA,1.512195122,3.071446984,90ee6850cf411d1f67781fb439fc4b8018e671e34e377838e3a594bc38e4a4af
D:/chest_xray/train/PNEUMONIA/person1398_virus_2401.jpeg,train,PNEUMONIA,1.643678161,3.025064658,95ea1685c7161a4bad68cd27396ac7e16b5e31b8c6926969b2d4cf13b1a55358
D:/chest_xray/train/PNEUMONIA/person862_virus_1507.jpeg,train,PNEUMONIA,1.265151515,2.988038246,81572be8c7a01a878a5fca57785ee0fa6bf038ab4bf10b21503d43425a8f7afa
D:/chest_xray/train/PNEUMONIA/person937_bacteria_2862.jpeg,train,PNEUMONIA,1.595238095,2.751147197,d8f72d508f090e3c4bf82e91c0d15f41d79fd70a948a478a56ae47af51aa53aa
D:/chest_xray/train/PNEUMONIA/person353_virus_728.jpeg,val,PNEUMONIA,1.438461538,3.262111656,914a2df4e3801a4aec3c68f438b641df29af10ffcbed183dc8f40de1b872c7c2
D:/chest_xray/train/PNEUMONIA/person840_bacteria_2759.jpeg,train,PNEUMONIA,1.823529412,2.921961993,d01f5ea2e7805f0ebb2c9724382285f1698158db69c3e58b385b9c9b5ada3c7a
D:/chest_xray/train/PNEUMONIA/person716_bacteria_2617.jpeg,train,PNEUMONIA,1.671875,2.752851188,c41a66eda3d13242d3294914e120cf92f47b1c78593e93a64b6f0be51af64daf
D:/chest_xray/train/PNEUMONIA/person1187_bacteria_3136.jpeg,train,PNEUMONIA,1.347826087,2.797794021,900a3ff576821c0ab07f29f8bff0eb5a3bde3b9a5bda0b50c100a80510a7c9ff
D:/chest_xray/train/PNEUMONIA/person384_virus_769.jpeg,train,PNEUMONIA,1.486238532,3.023993236,905229fde2141e43e82d39a4fd976dd33c87c11e19074861cd6a5ebdcd790d63
D:/chest_xray/train/PNEUMONIA/person749_virus_1374.jpeg,train,PNEUMONIA,1.32967033,2.939697754,d1af2f946012184ac0e06b4f3cb741b03d8639deb784325ee1499e57a1ff87c7
D:/chest_xray/train/PNEUMONIA/person963_bacteria_2888.jpeg,val,PNEUMONIA,1.005813953,2.925242678,d00b2fd56ef53740f2471b42f06f6b403c254b793c3d48741cb070b66fa0f4b7
D:/chest_xray/train/PNEUMONIA/person525_bacteria_2220.jpeg,train,PNEUMONIA,1.543726236,2.964784629,90bf52a8c7151e1ec4395b41342d4bf42db6d8d74c429dbc7a5f1c213069e9eb
D:/chest_xray/train/PNEUMONIA/person1284_bacteria_3247.jpeg,train,PNEUMONIA,1.454361055,3.206522399,90d66dabe7b11ad0c35a3b09e92d6f3c39382c903c7171ca6e9334f2c69725ca
D:/chest_xray/train/PNEUMONIA/person1185_bacteria_3133.jpeg,test,PNEUMONIA,1.45,2.88497842,955f6fa823950a060f6a1db54dd0efda60d9e04138e9ffcfbf0575c0ee042541
D:/chest_xray/train/PNEUMONIA/person1211_bacteria_3163.jpeg,train,PNEUMONIA,1.198948291,3.154113687,d40b7ca9e7f51e10b73e4b0b2d2da5bd2cdbb4e50e502c32c3d16d0b92d04f1c
D:/chest_xray/train/PNEUMONIA/person41_bacteria_207.jpeg,val,PNEUMONIA,1.576470588,2.748065259,95aa3ff5fa8f1e2ad8600bc098a721febc8da1ef35ad002b05ea005aaa3b8bd7
D:/chest_xray/train/PNEUMONIA/person1226_virus_2077.jpeg,train,PNEUMONIA,1.714285714,2.821779938,d42be4f7c3d01b49c12d4f263c3ec7186c2db0f26c4b38b4d3cb6c0f92d06f0d
D:/chest_xray/train/PNEUMONIA/person502_bacteria_2120.jpeg,test,PNEUMONIA,1.544444444,2.739342321,91e86a87ef123c38476d1c2c7960ff207940c3c578a178a2eeb4f1a17bd73c71
D:/chest_xray/train/PNEUMONIA/person1896_bacteria_4788.jpeg,test,PNEUMONIA,1.465346535,3.125156891,d40a6ffda355034a092d552449265115792055527ea34d616f285fc1ebebd7fd
D:/chest_xray/train/PNEUMONIA/person1098_bacteria_3039.jpeg,test,PNEUMONIA,1.301671064,3.174735974,91da3b01c2af7ade58da414a11a11986c3b492de18dc96949ec29ca7dfee0daf
D:/chest_xray/train/PNEUMONIA/person1236_virus_2096.jpeg,train,PNEUMONIA,1.428571429,3.187270615,d14221bde2b00f50ae0dca5f3caf487f25bd1d0728fbc5b53c0a6995cb807c2f
D:/chest_xray/train/PNEUMONIA/person965_virus_1638.jpeg,train,PNEUMONIA,1.472081218,2.655105154,9800297fe5ea5fa0b500c22b1f5ff4abc3d53d0a6817c7c31e81705ef7e03e15
D:/chest_xray/train/PNEUMONIA/person504_bacteria_2130.jpeg,train,PNEUMONIA,1.68,2.975020623,c0f62fc8f5055d3653b84f85527a6bad2adfa9c92c80ba6b2d819402d1ed4da7
D:/chest_xray/train/PNEUMONIA/person1921_bacteria_4828.jpeg,train,PNEUMONIA,1.443298969,2.905790973,915aabfde2801e4b782f68fa1ca360be1b6030a6c3ca960d50f8d4b53c7a77e9
D:/chest_xray/train/PNEUMONIA/person993_bacteria_2921.jpeg,train,PNEUMONIA,1.494949495,2.844205228,c0ad2fd0e7020f0fc23d43f02e23c4db45cb54fb4bea6ec3e0f5e54124d834fc
D:/chest_xray/train/PNEUMONIA/person884_virus_1534.jpeg,test,PNEUMONIA,1.524271845,3.097113687,d02ffa94f7d25f4bfb289524282284020403684ba4c1c687efebf7ffbfc0616c
D:/chest_xray/train/PNEUMONIA/person466_bacteria_1986.jpeg,train,PNEUMONIA,1.482352941,2.783252719,95ea6a87e69e3e5a48610f691d64fff2fe397f681f401e703fe09f0888611007
D:/chest_xray/train/PNEUMONIA/person1276_virus_2198.jpeg,train,PNEUMONIA,1.407894737,2.918406211,82ab2a95d2155e7a186888e129c59382395ecb508b507fffb5b487f2bfb53096
D:/chest_xray/train/PNEUMONIA/person1308_bacteria_3290.jpeg,train,PNEUMONIA,1.525862069,2.922138168,940a3ea0af552e1a2c28a5f02fe12c7e87528f1f8f5e8f5e075d416dc35dc345
D:/chest_xray/train/PNEUMONIA/person564_bacteria_2345.jpeg,val,PNEUMONIA,1.512820513,2.796614231,d4aa2bf5c300540b567f4b585e0b430a5f3e4b562b1e1c7a45690d7c2f7d873c
D:/chest_xray/train/PNEUMONIA/person1592_bacteria_4178.jpeg,train,PNEUMONIA,1.293478261,2.86985451,955627f5c7819e16bc5ae9f829a0b895eb18b78c78e486b8ce0fe863c5e03e28
D:/chest_xray/train/PNEUMONIA/person23_bacteria_81.jpeg,test,PNEUMONIA,1.609756098,2.815321282,954a2bffffa01e0fd23e02f01e01421f0f791b690d3d2f38390e2be23aad383d
D:/chest_xray/train/PNEUMONIA/person951_virus_1622.jpeg,train,PNEUMONIA,1.457943925,3.053852937,915e39a8e6851a178a4dde087e5ee7f94e15202d81a1382fb5e5eb43fc3c2794
D:/chest_xray/train/PNEUMONIA/person1000_virus_1681.jpeg,train,PNEUMONIA,1.395833333,2.946969257,d44b7ce9e7d51b57eb6ccf24591695b84a14312c87903c3e31e1860f6c6b33c3
D:/chest_xray/train/PNEUMONIA/person1554_bacteria_4057.jpeg,train,PNEUMONIA,1.514563107,3.319333439,d00abee5e3d20f0bc52f43110d2fc2bd4f6b10bf43c20c2bb2d98b49be1cbbd2
D:/chest_xray/train/PNEUMONIA/person1449_virus_2476.jpeg,train,PNEUMONIA,1.67842031,2.961746585,d0aa2f81af521e6f412d19e644b64edb3ccf4e389e2c38b50c292cbc8f346db6
D:/chest_xray/train/PNEUMONIA/person319_bacteria_1477.jpeg,train,PNEUMONIA,1.4625,2.737162466,95556beaea801e1a427809411d2649b61d4250af1f69debfd7fe9e25b86d8a29
D:/chest_xray/train/PNEUMONIA/person1433_virus_2447.jpeg,train,PNEUMONIA,1.495327103,2.970182609,97875ad48670187931698da479f47bcb95990850218b96309ef37ffbb62c4cd1
D:/chest_xray/train/PNEUMONIA/person1608_bacteria_4235.jpeg,train,PNEUMONIA,1.825,3.09618135,9057e5a89695fa49390c6dc23c836dc3c697fccade52f8f01c38c3c15c3de1d0
D:/chest_xray/train/PNEUMONIA/person384_bacteria_1755.jpeg,train,PNEUMONIA,1.486880466,3.303773946,8151e5ba92a01a45c16e6b41942f6f85b987c792391690bd695ab87fc7c57d2d
D:/chest_xray/train/PNEUMONIA/person1636_bacteria_4337.jpeg,train,PNEUMONIA,1.5703125,3.045852623,915e3f209e1538580d6918969c7adf793b7dc7394b4100cec38730f81adb97cb
D:/chest_xray/train/PNEUMONIA/person1311_virus_2259.jpeg,train,PNEUMONIA,1.428571429,3.326492066,815725eac6801a57e37a3b79a87f43f838f7c3da3c9578f2ee0ab882e3803c14
D:/chest_xray/train/PNEUMONIA/person647_virus_1229.jpeg,train,PNEUMONIA,1.103626943,2.856700793,915a3ba1c6225c5e185359eb5ba739feded496109e728a73cee398a5d8a5c201
D:/chest_xray/train/PNEUMONIA/person55_bacteria_266.jpeg,train,PNEUMONIA,1.416666667,3.173846853,915e71a4b6814e17e6593c7061c431a36895b0f53cd6e39634bd3c1ab7c338f6
D:/chest_xray/train/PNEUMONIA/person458_virus_945.jpeg,train,PNEUMONIA,1.447424135,3.309435914,dd002abd43b217424b2f1b3c1c19ea7d3ca4a492b1923da7f1e739d2694bca5e
D:/chest_xray/train/PNEUMONIA/person331_bacteria_1527.jpeg,val,PNEUMONIA,1.214953271,2.989215696,c02b3fb5c3d45f5b5e2d493c3ca24cf06da53cc748e2c70a1a5a88789a1c9e7d
D:/chest_xray/train/PNEUMONIA/person1816_bacteria_4674.jpeg,train,PNEUMONIA,1.703296703,2.84199159,81e87e87d65e596883240e3748a393356955d712be7269aaa7146c45678ebe5d
D:/chest_xray/train/PNEUMONIA/person598_virus_1151.jpeg,val,PNEUMONIA,1.456490728,3.048587927,d4007eaae49f2ede3a4aa4294af57a72a17a6fb82945912dfa0c1a4b97ad1ed0
D:/chest_xray/train/PNEUMONIA/person1262_bacteria_3220.jpeg,train,PNEUMONIA,1.225,3.134831041,d02b2dfefad05a41520f416a5d306b5b6eb55a2940fa1e6af943f2d3be58d012
D:/chest_xray/train/PNEUMONIA/person294_bacteria_1380.jpeg,val,PNEUMONIA,1.470588235,2.828436006,941f7cebefd1be56a52a5a05a12c4f2bbc3c4e20c94a35a078783d836d9f0ce1
D:/chest_xray/train/PNEUMONIA/person62_bacteria_302.jpeg,test,PNEUMONIA,1.37691522,3.176540073,90022bbfefb53fc0c2471b4a3d2e4e342d2f4b842c2018f56d81d97467c3bdb7
D:/chest_xray/train/PNEUMONIA/person426_bacteria_1862.jpeg,test,PNEUMONIA,1.23255814,3.259914732,915a7bfc63a026851616425e1e5a56697a601c45690d69e17c6b4e5ed7c71ee7
D:/chest_xray/train/PNEUMONIA/person492_bacteria_2085.jpeg,val,PNEUMONIA,1.411146162,3.243232344,946b70aee7d01e43c36b2d2d6c3c0e9a287c34e27c56b4e2ca17c669b0c7cf46
D:/chest_xray/train/PNEUMONIA/person1252_virus_2124.jpeg,val,PNEUMONIA,1.152777778,3.296894824,c05a6a8186955a5eed282da565f187856ad683d29abb61f1a5b379f2ab96b430
D:/chest_xray/train/PNEUMONIA/person988_bacteria_2915.jpeg,train,PNEUMONIA,1.593267882,3.018352772,d46f6ef48f52194bc72d5c14c460de18cc7ec6194858ce0bdebcc9e98e0d1e9c
D:/chest_xray/train/PNEUMONIA/person883_bacteria_2807.jpeg,train,PNEUMONIA,1.726027397,2.916748393,915f1fa5ce005e1f9a785961b8a550f655b4388ad53caaa8f559aa38d551ae2d
D:/chest_xray/train/PNEUMONIA/person544_virus_1076.jpeg,val,PNEUMONIA,1.155172414,3.229388647,d40aaafde7d55f50572bc3341c02741747dc7d0050f757c31c03c3f747835297
D:/chest_xray/train/PNEUMONIA/person974_bacteria_2899.jpeg,train,PNEUMONIA,1.181818182,3.065707472,d0a533ded2401e29b4bf21e83480b18a3fcab34f2bf51e50e92e2ea3eaa3e5a5
D:/chest_xray/train/PNEUMONIA/person723_bacteria_2625.jpeg,train,PNEUMONIA,1.518072289,3.148222021,d0ca2fb5e6041e5ec2782b413c2f62943d8048ae29aa3a9ce7de3f8db3fc23d1
D:/chest_xray/train/PNEUMONIA/person1667_bacteria_4417.jpeg,train,PNEUMONIA,1.580246914,3.171190582,d1123ffeefc21b4f7c241a903d03c00561823c0ae1a9f5a878abf4a97de97c79
D:/chest_xray/train/PNEUMONIA/person1737_bacteria_4573.jpeg,train,PNEUMONIA,1.171945701,3.450950775,94476ef56f505d021c2248aa0a831a4f8f3d973c9d7e87fc87d83cd681eb83c3
D:/chest_xray/train/PNEUMONIA/person511_bacteria_2153.jpeg,val,PNEUMONIA,1.370709382,3.037036858,904ba9f4c2f51e42d21f4d291c32c9797cbdd8f445801cd6d1ffd796d038c32c
D:/chest_xray/train/PNEUMONIA/person420_bacteria_1850.jpeg,train,PNEUMONIA,1.5625,2.776618645,94df6ae0a3517d5fc7253597ebdad709ba945f40ba885540ab4ad548aa285758
D:/chest_xray/train/PNEUMONIA/person423_bacteria_1857.jpeg,train,PNEUMONIA,1.242718447,2.912227903,91573bf0c4041a569a5a0af93de32d874d8a3d8356abd60e5eaa563942bb58fa
D:/chest_xray/train/PNEUMONIA/person825_bacteria_2736.jpeg,train,PNEUMONIA,1.819672131,2.742548222,d54a2fa0ea01a00f123f0a7817625f53b457fa5fbaa9cacb016a5ad5143bd1f5
D:/chest_xray/train/PNEUMONIA/person1183_virus_2018.jpeg,train,PNEUMONIA,1.469654528,3.359052091,905561bee6907e03c26b3f2dc3746f3068d36da56a0a68f03c3f691ea7ac6a16
D:/chest_xray/train/PNEUMONIA/person866_virus_1511.jpeg,train,PNEUMONIA,1.467153285,3.256282026,d0422dbde3ba3f51e62d4b60bca54b903c2160f02c0370786a9a3da769fa7d3f
D:/chest_xray/train/PNEUMONIA/person1176_virus_1997.jpeg,train,PNEUMONIA,1.436170213,2.847781439,d42beaf4e7d2a9438135191ed176493540ea64ca6555e0d5e02f57c75d3d583c
D:/chest_xray/train/PNEUMONIA/person328_bacteria_1511.jpeg,train,PNEUMONIA,1.279661017,2.979483683,942f6aa167d11ad2074a1a0d396c5e3e6de64fae68f23c2e3c3de78ae0962592
D:/chest_xray/train/PNEUMONIA/person1015_virus_1701.jpeg,val,PNEUMONIA,1.112299465,3.386334864,c02b6af5b7d2b7c8ab4d2d3d64b4059045d207da416d456f057f45fc417c41fc
D:/chest_xray/train/PNEUMONIA/person1239_bacteria_3195.jpeg,train,PNEUMONIA,1.308641975,2.641796232,95522bbf57805405521f425a18e06843010f0b543de939f73de93d63b57b3ff5
D:/chest_xray/train/PNEUMONIA/person49_bacteria_237.jpeg,train,PNEUMONIA,1.68447205,3.107748745,851a27b5e2c03e4be92f2cf2e49469c4b6f6635e1608ea5cbf6d3815e1e13c16
D:/chest_xray/train/PNEUMONIA/person503_bacteria_2125.jpeg,train,PNEUMONIA,1.411214953,3.111374631,d00a2bfd77801e035e3d596915a561d731e303c261cf52d2f386f0f2bea4b8b5
D:/chest_xray/train/PNEUMONIA/person1304_bacteria_3269.jpeg,train,PNEUMONIA,1.531746032,2.866549359,c0bdaf40ad42af050b1703b41d351cba14fb15fb147954fa56b75ca91aab4a8f
D:/chest_xray/train/PNEUMONIA/person607_virus_1173.jpeg,test,PNEUMONIA,1.303448276,3.146257051,91577da8afa03a158b7d1d2539f60db9387d0dff1f1f0b5a870b0a4a0181ce39
D:/chest_xray/train/PNEUMONIA/person1264_bacteria_3222.jpeg,train,PNEUMONIA,1.709198813,3.047348126,94faff81af0708588729297f83a81a207dead6be4143aa95aa7b2eab5a5a454b
D:/chest_xray/train/PNEUMONIA/person1552_bacteria_4055.jpeg,val,PNEUMONIA,1.314814815,3.23894442,915427e0c6809e57b87a61b531bf00ff077d109fcb7b9ea17861f5e07e2035a4
D:/chest_xray/train/PNEUMONIA/person290_virus_594.jpeg,train,PNEUMONIA,1.03271028,3.0079294,9dff6a00870438574d5b952d38e6a5f21cd168d3c79b1a3f493e87351a789349
D:/chest_xray/train/PNEUMONIA/person586_bacteria_2420.jpeg,val,PNEUMONIA,1.492753623,2.725289809,d1ea7fa0f6151a5a96684a611f7f4e3978591f296d0869986f0729c631c769f0
D:/chest_xray/train/PNEUMONIA/person1083_virus_1795.jpeg,train,PNEUMONIA,1.655172414,2.919126123,945575abe1a53e94e65a4b69982dc3600e143865c3e1385a38b5cfc2bd3ff2f0
D:/chest_xray/train/PNEUMONIA/person440_bacteria_1898.jpeg,val,PNEUMONIA,1.245098039,3.119644706,955e3be863805e15143c42344e7a1e7b437b4f6a387b39e30f4a5a54796b56a1
D:/chest_xray/train/PNEUMONIA/person1576_bacteria_4120.jpeg,train,PNEUMONIA,1.284552846,3.245094281,c10a2fbde6b4d2529b761e14695c7d08695e3d0c1d246d266c6334d62d8fb5c7
D:/chest_xray/train/PNEUMONIA/person392_virus_782.jpeg,train,PNEUMONIA,1.449152542,3.019375559,c1ef3dd4d2d10b4390364f08fc2de7fc6da9349801c3008760dae58ffa5fcb58
D:/chest_xray/train/PNEUMONIA/person596_bacteria_2444.jpeg,val,PNEUMONIA,1.333333333,2.652551412,80af2ad0a3420f2fc6bc4f9a7c6be2a86c22e0f26e81b4ddc7c68c1fc0d24faf
D:/chest_xray/train/PNEUMONIA/person73_bacteria_358.jpeg,train,PNEUMONIA,1.205607477,3.046677334,9000286ef0fa5eb4ff075a0d3f547c0f695a3d287c3c3d6a7f014b5e07a5694a
D:/chest_xray/train/PNEUMONIA/person423_virus_869.jpeg,train,PNEUMONIA,1.443169969,3.202335283,915725aac7a11a57806f4a683976c1b06f13b0becb87bd0a92d8cf1ebc2d69c6
D:/chest_xray/train/PNEUMONIA/person1449_bacteria_3745.jpeg,train,PNEUMONIA,1.260273973,3.749413531,95002ebf43d50fc20c0f441d5cb47c1a67fa7eca78e9c3c02be1a07cab6cbf07
D:/chest_xray/train/PNEUMONIA/person16_bacteria_55.jpeg,train,PNEUMONIA,1.58974359,3.241931182,905b64b5e3941b4a852d6b343c0862982f42b0f76bda388f92f1ef6bb61ec34e
D:/chest_xray/train/PNEUMONIA/person149_virus_299.jpeg,train,PNEUMONIA,1.480620155,3.02809077,917e69a0e6173e5aa96929e5b8a648d338a700fbce73183dcd231865dd70cf0d
D:/chest_xray/train/PNEUMONIA/person1413_bacteria_3620.jpeg,val,PNEUMONIA,1.76,3.449212615,d99a7880c605125e462c9b6d3b3c4cf336f338e910c1495e12de9ed7f96d18f8
D:/chest_xray/train/PNEUMONIA/person913_bacteria_2838.jpeg,train,PNEUMONIA,1.6401766,2.722575916,9155397ae1fb47e4a584c2a5efd135e3e0c321c13bf8f0188b5a1e04f85e47ec
D:/chest_xray/train/PNEUMONIA/person549_bacteria_2304.jpeg,train,PNEUMONIA,1.594202899,2.63499387,900a3fe4ef451e1f4c2d4b50392941f74743f2b7ebc63785175a03c315d211fb
D:/chest_xray/train/PNEUMONIA/person280_bacteria_1318.jpeg,val,PNEUMONIA,1.495238095,3.121709466,905565eac7a81ac587454a17a17ace38787933e168153da0a7f6787b3a072fb6
D:/chest_xray/train/PNEUMONIA/person1507_bacteria_3943.jpeg,train,PNEUMONIA,1.326666667,3.159849257,d5026fbb0af11a4a856f0bb508370cb47cb474f05e97d7d397811d8487a51fe4
D:/chest_xray/train/PNEUMONIA/person274_bacteria_1289.jpeg,train,PNEUMONIA,1.253731343,3.105172432,d4292fd7ebd02b4b1e2d4a7e5f62170241fa1cf154d160f114b46d69e1f23cf0
D:/chest_xray/train/PNEUMONIA/person1648_bacteria_4376.jpeg,train,PNEUMONIA,1.388349515,2.987962444,d0af3cd5afd58e5b0b09872c4b3c59709d2559484b6a5ca278a378e15b4b929f
D:/chest_xray/train/PNEUMONIA/person870_virus_1516.jpeg,test,PNEUMONIA,1.691588785,2.923913585,91fe4aa1c615185e81687d2df9b4f787685e8148843c6942b7ed7e798f0f94a4
D:/chest_xray/train/PNEUMONIA/person1489_bacteria_3889.jpeg,train,PNEUMONIA,1.838235294,3.012055377,d00064af96d55b56930e1b25f87a5fb1684bc7e278966d299685694b96f86a96
D:/chest_xray/train/PNEUMONIA/person1293_virus_2219.jpeg,train,PNEUMONIA,1.341463415,3.185920887,94017caae7a01e94bf524b4a1f6b857f0af0087bc1fb0855b4fb47923d52c5bc
D:/chest_xray/train/PNEUMONIA/person1702_bacteria_4508.jpeg,val,PNEUMONIA,1.284313725,3.019483713,d42d2f5effc05a0d5aae42300f2b12bb02aa052a148a55fa5fadb8b5abd5af15
D:/chest_xray/train/PNEUMONIA/person1406_virus_2409.jpeg,train,PNEUMONIA,1.419847328,3.168850851,d0af7ef4c7b41f4aad2fe53c2cadc49428c210c2c2c3050982f8cd4b3eb6f5fc
D:/chest_xray/train/PNEUMONIA/person598_bacteria_2454.jpeg,train,PNEUMONIA,1.568965517,2.64443463,c48e3fd5d3c00b0092172d3d9605c716a6349e6d65f4935ac4be96da9cfb06f8
D:/chest_xray/train/PNEUMONIA/person441_bacteria_1905.jpeg,train,PNEUMONIA,1.43902439,2.808585264,9aaabfd0d45a9869dee1ee83340ff6ba66925608f298e3a8c28a4b284b0f6b6b
D:/chest_xray/train/PNEUMONIA/person134_virus_268.jpeg,test,PNEUMONIA,1.206349206,3.247161408,901421eae7e01ed4ea436a1f390f48bf2d7d60a781d6182fc1ef3d60f854d78d
D:/chest_xray/train/PNEUMONIA/person1320_bacteria_3345.jpeg,train,PNEUMONIA,1.463768116,3.188713112,90bf2bd4ea017f4f7c7c5a687cb058fb6491131769961b54691dd31c4f1c123c
D:/chest_xray/train/PNEUMONIA/person531_bacteria_2236.jpeg,train,PNEUMONIA,1.392405063,2.645022106,9c156cfa66b93a84c7d23b8240423742daa58b873b1edb52635b987c6b0fc63e
D:/chest_xray/train/PNEUMONIA/person458_bacteria_1953.jpeg,train,PNEUMONIA,1.285714286,2.788445001,90ff3bf569421c2b683d0ab838aad2a16f82146a44da3ca8f294ed4ab75e6d7a
D:/chest_xray/train/PNEUMONIA/person73_bacteria_360.jpeg,train,PNEUMONIA,1.33676622,3.17268638,90156deaa5ae1680e3cd3e05285d0f4a7e7861e829a56da36fe37af521c24f87
D:/chest_xray/train/PNEUMONIA/person1439_bacteria_3722.jpeg,test,PNEUMONIA,1.536842105,3.030334499,917b7ea087b51a1e96781f69396787a4798779c2478a681a34f06e973958b0f1
D:/chest_xray/train/PNEUMONIA/person1525_virus_2659.jpeg,train,PNEUMONIA,1.490196078,3.162668501,d42bfee4a3d03b0badbd2b85207a06a06ce2c7e84d47a5f1c3542df493356972
D:/chest_xray/train/PNEUMONIA/person9_bacteria_39.jpeg,train,PNEUMONIA,1.345794393,2.994531052,c4456fefc3d04b02c93f50e668c2e4e95aa1cb0fc3b8387048f097e95adb969b
D:/chest_xray/train/PNEUMONIA/person30_bacteria_158.jpeg,val,PNEUMONIA,1.432525952,3.01887644,91fabe25ee171a5896e14b4715ac4b961c9250900c7b90f5cb43dee08b7ccfb9
D:/chest_xray/train/PNEUMONIA/person71_bacteria_350.jpeg,train,PNEUMONIA,1.43373494,2.926306944,90ef7b00e3013c07c63c3f7831e287f80ff81bfe2fec18aa60e39a23e086fa87
D:/chest_xray/train/PNEUMONIA/person929_bacteria_2854.jpeg,test,PNEUMONIA,1.500729927,3.09677442,9015a16e67aa9e85c6170e539c4b46b99d6868f5dda17da783d4f4af5096270a
D:/chest_xray/train/PNEUMONIA/person867_virus_1512.jpeg,train,PNEUMONIA,1.412162162,3.140630687,d40afcd487d55b0baf301f1f29ad0e163c3a24842c3e3cc32e9a3c3d2f875e1d
D:/chest_xray/train/PNEUMONIA/person958_virus_1630.jpeg,train,PNEUMONIA,1.414814815,3.271285671,815f6fa0eea57e556b7a59eb1da649b60d2a48690a6818708e751535587256bf
D:/chest_xray/train/PNEUMONIA/person721_bacteria_2623.jpeg,val,PNEUMONIA,1.397260274,2.999902013,95fe6aa06a85380e403a180b38534f293dfffff77fe171e14581203c03a5a3be
D:/chest_xray/train/PNEUMONIA/person1730_bacteria_4559.jpeg,train,PNEUMONIA,1.463768116,2.746068524,d0ff3ead6b53692f1d2d5214495014a0485004b05eb13c5bcf9bcfd33dfa1e1e
D:/chest_xray/train/PNEUMONIA/person451_bacteria_1942.jpeg,train,PNEUMONIA,1.37357631,3.214337627,954329fae3843e17e25e2a5ab9694ba13c2352d66d0e30b667c630b769c2ec3e
D:/chest_xray/train/PNEUMONIA/person1516_virus_2643.jpeg,train,PNEUMONIA,1.531914894,3.354051194,915421bec2fe0bc0c7044a56fe0bc2bd3d21f0bc6f7cbc16e3d1bca0b07a6fa0
D:/chest_xray/train/PNEUMONIA/person1927_bacteria_4836.jpeg,val,PNEUMONIA,1.552631579,3.422474936,80557fa82f9f3d50157905651df64fd24e836e984e8a4e185e0a5782cfa1edad
D:/chest_xray/train/PNEUMONIA/person570_virus_1112.jpeg,train,PNEUMONIA,1.552941176,3.086635756,c0afe280c7c25b4fc36d4f3469b04a9368f3d3c5d65a54a5925a69e89e963969
D:/chest_xray/train/PNEUMONIA/person1562_bacteria_4087.jpeg,train,PNEUMONIA,1.237804878,3.223842008,d02b2ff4ff008e4b0c2904704df215d34dd21dd311d743c34febdae87ae89aaa
D:/chest_xray/train/PNEUMONIA/person1051_virus_1750.jpeg,train,PNEUMONIA,1.195266272,3.444363684,d02b2ff7f3d04b495f2d69543d427c8769d23c8260d349e33da141e70de14da5
D:/chest_xray/train/PNEUMONIA/person1068_bacteria_3002.jpeg,train,PNEUMONIA,1.221428571,3.314561589,90536afa4f805e15485b48e91c234d3d1df98e9e879e9ed1ca78cf585e31c970
D:/chest_xray/train/PNEUMONIA/person327_bacteria_1508.jpeg,val,PNEUMONIA,1.393162393,2.939879673,90426bbf57a25f40586919600d2c09783c73a2d63daa7c1e1f8f3c2fc72dbd27
D:/chest_xray/train/PNEUMONIA/person1048_bacteria_2982.jpeg,train,PNEUMONIA,1.605263158,2.705881653,941f6afc67401c4bc70e1a05eba21f2a59735f15f8b12ba23cba556a55541bd5
D:/chest_xray/train/PNEUMONIA/person511_bacteria_2152.jpeg,train,PNEUMONIA,1.513157895,2.827228743,90402fade2a01e505e0b4b5e1c385e3c45b0186040fe1ea73cffc1fa4f9f9fde
D:/chest_xray/train/PNEUMONIA/person1294_virus_2221.jpeg,train,PNEUMONIA,1.704081633,3.03966032,d42aeec087500b0fc13d5f32197c97f55f7e7da812a27ada2d83068a3ac83cc7
D:/chest_xray/train/PNEUMONIA/person747_bacteria_2650.jpeg,train,PNEUMONIA,1.262626263,2.636076112,d40a2b95f7521e0bd03d2bf23e87d2de9dec9241c0099638c96b9eb61c5ab4bc
D:/chest_xray/train/PNEUMONIA/person10_bacteria_43.jpeg,train,PNEUMONIA,1.581538462,2.981510491,c4af36fd9740192b85bd6a1481a46bb4b97643d2382e9e426d2f967d0f09b0f9
D:/chest_xray/train/PNEUMONIA/person318_virus_644.jpeg,train,PNEUMONIA,1.386740331,3.199628569,d02dbd50cad53d2fec303ce538af2cf238a718b628a738f52a783c3683b2386b
D:/chest_xray/train/PNEUMONIA/person124_virus_251.jpeg,train,PNEUMONIA,1.4375,3.17483682,95fcffd0e2812e1fe77d1c10387c3fd4385041d35c5648d34f9e58f043875c38
D:/chest_xray/train/PNEUMONIA/person581_bacteria_2395.jpeg,train,PNEUMONIA,1.452380952,2.705773047,80fa6a80aa172a58c74d975dc95e876abebc4bc0dc093d50a54abc78f96b58ad
D:/chest_xray/train/PNEUMONIA/person1102_virus_1822.jpeg,val,PNEUMONIA,1.65060241,3.084928798,c0fe3448e3493d27b61e6d093c58ef482c1fb8696fc7bc4a39612e4b9b684d86
D:/chest_xray/train/PNEUMONIA/person618_virus_1189.jpeg,train,PNEUMONIA,1.734939759,2.867587009,d02b76b5f3c23f4bc52c3f4081602cc03863c249284394f83c0dcf6be5fcfedf
D:/chest_xray/train/PNEUMONIA/person956_bacteria_2881.jpeg,train,PNEUMONIA,1.358974359,2.719470875,91622baaee141c1a5a7d4b41296760a53de27cb7e9e8b6a149b097da52579778
D:/chest_xray/train/PNEUMONIA/person1397_virus_2400.jpeg,test,PNEUMONIA,1.689655172,3.372951947,904a6fb5c7923e4bc3287d20703442d03c0040c21c22d866eda3df7ef6feff7e
D:/chest_xray/train/PNEUMONIA/person302_virus_623.jpeg,test,PNEUMONIA,1.21797207,3.344264601,c40b6dada7b53b42af0e6f252cbf4eb9287c05b40d16b4af4f499b4903960b4b
D:/chest_xray/train/PNEUMONIA/person1191_virus_2032.jpeg,val,PNEUMONIA,1.380875203,3.334055809,c0032ab7e2944b439e2d693d3de26ca169723ce36a1af2de3e922d2db4f81e58
D:/chest_xray/train/PNEUMONIA/person441_bacteria_1917.jpeg,test,PNEUMONIA,1.269662921,2.854386803,c0ea6af4e7d26d0bc52d17c09f299205c9166936493ef4fab4ba9229ca1f493e
D:/chest_xray/train/PNEUMONIA/person893_bacteria_2818.jpeg,train,PNEUMONIA,1.785714286,2.909600444,d0bb6ad5975e492a412c929568f1f2a57f54fd76f7d47ffaefe2820200480085
D:/chest_xray/train/PNEUMONIA/person702_bacteria_2601.jpeg,train,PNEUMONIA,1.653333333,3.067734196,80ef35d5c7421e29412c8f046906d2b44a153b7d57926a2fb2f5d76aad3c92f6
D:/chest_xray/train/PNEUMONIA/person1576_bacteria_4121.jpeg,train,PNEUMONIA,1.25984252,3.329156524,d00a2bfdb3d49b4a992f180e1c5e5ccd54c71cc690b7d0e390e1b26db42fbd64
D:/chest_xray/train/PNEUMONIA/person1500_virus_2610.jpeg,train,PNEUMONIA,1.196319018,3.156680766,d40af4a0b6f57a57c7ea0f0fbd78830f292b92870f2e90f0db0b297c1a520d1f
D:/chest_xray/train/PNEUMONIA/person1066_bacteria_3000.jpeg,test,PNEUMONIA,1.127659574,2.944921261,d5406fafe2bf1fd14b4a1d650d35cfbc1c3c141e07d01cf014fc1e431ad016f7
D:/chest_xray/train/PNEUMONIA/person1320_bacteria_3339.jpeg,train,PNEUMONIA,1.3125,3.206245891,945e6ba0af813e17eb6a3d2939fc2da72cf301d30ebf08f00f3f083c19b50c3c
D:/chest_xray/train/PNEUMONIA/person303_bacteria_1431.jpeg,train,PNEUMONIA,1.412296564,3.450802832,98006957c5ee1ea0c61b1ea5c7050fbabd02c7fa3c50e43baf50bc39e5f1bd03
D:/chest_xray/train/PNEUMONIA/person337_bacteria_1558.jpeg,train,PNEUMONIA,1.605263158,2.64215781,993f6ec5b754292a062d28f2a6826a51e9853a70290a9e782dac0e798eeb3fdf
D:/chest_xray/train/PNEUMONIA/person383_bacteria_1749.jpeg,val,PNEUMONIA,1.15625,3.387404437,c1550fea7ea05a17585a48e83d2c4baf296517ad2bd61feb4bd257d656054143
D:/chest_xray/train/PNEUMONIA/person1287_virus_2210.jpeg,train,PNEUMONIA,1.168918919,3.309174195,d4022ef983f70b40052a0f984d6f44be2eb248ebc79f6d1f45e70a4f696dc394
D:/chest_xray/train/PNEUMONIA/person1940_bacteria_4862.jpeg,train,PNEUMONIA,1.43902439,3.56329885,c00a2fb536d21b4d1b2449d02c836cc36da23ad669fb5a785a5a5a3c5e7a5a7d
D:/chest_xray/train/PNEUMONIA/person1589_bacteria_4172.jpeg,train,PNEUMONIA,1.228571429,3.036926283,91eb3ed5a6163a5a9c7d0af019d780b64692100fc2a85d223435cdb17d6bf9bd
D:/chest_xray/train/PNEUMONIA/person1571_bacteria_4110.jpeg,val,PNEUMONIA,1.528301887,3.23701405,d0af6ab5e7801a529a2b812d392681a76b932dc3e5cf7d8efc62c6907d29e960
D:/chest_xray/train/PNEUMONIA/person885_bacteria_2809.jpeg,test,PNEUMONIA,1.744444444,3.176612375,905b3bb5c20a1c6b187449e61c9640db578d5f7d69e50b8b787c9be18b0eb871
D:/chest_xray/train/PNEUMONIA/person72_bacteria_354.jpeg,train,PNEUMONIA,1.302083333,3.367700282,94002faba3d51a568b6a1d2444345ef0087444b65e375f7a5fa57dae4fa569e4
D:/chest_xray/train/PNEUMONIA/person1149_virus_1925.jpeg,train,PNEUMONIA,1.442176871,3.404978917,9c556500e2bd1bd5eb40196be2153cdf3e18865e1e8307c92bed7e413e5f0f88
D:/chest_xray/train/PNEUMONIA/person253_bacteria_1156.jpeg,test,PNEUMONIA,1.573529412,2.742389935,94002abaebd01f02c54f1f55996bcb2d5f0cc52f4f803cfa5efc0e1b61f80bd2
D:/chest_xray/train/PNEUMONIA/person442_virus_902.jpeg,val,PNEUMONIA,1.544303797,2.727533323,911c6ba8c7841e1eda5a4b697d6145a53eb579f7e3c53cb434a0458271fa41e3
D:/chest_xray/train/PNEUMONIA/person1411_bacteria_3603.jpeg,val,PNEUMONIA,1.310126582,3.140501209,94003affeaf647c0471c0d356db23cd21cdb50f8596141f04aae5f8f4f825e3e
D:/chest_xray/train/PNEUMONIA/person837_bacteria_2754.jpeg,train,PNEUMONIA,1.591549296,3.130388498,802a6fa5ee17585ec5754887e806dd34adafc637cb2b6a0b4a725d7c18654b64
D:/chest_xray/train/PNEUMONIA/person1268_bacteria_3228.jpeg,train,PNEUMONIA,1.453703704,3.329879257,957e3ad0e3c17f05541a563a5c6a46584f5a187b4eab1e2b1ae84f381e0d78d7
D:/chest_xray/train/PNEUMONIA/person914_virus_1571.jpeg,train,PNEUMONIA,1.8,3.156847233,917a64a5869d3a5ac569396e95e26d9739eac79a3c96bce31c1a38c284a13cb6
D:/chest_xray/train/PNEUMONIA/person495_virus_1001.jpeg,train,PNEUMONIA,1.82278481,2.912041256,91fad7a0c7951a5ac16d3920b0f24a11b01242c2b403c2decf2dfe7aefceb63e
D:/chest_xray/train/PNEUMONIA/person48_bacteria_231.jpeg,train,PNEUMONIA,1.176470588,3.144554485,95047bee7ae01e05505f5bf839434bad3d0a92de93ca921ad2f85f185ad51f81
D:/chest_xray/train/PNEUMONIA/person1784_bacteria_4631.jpeg,val,PNEUMONIA,1.405063291,3.073757739,d07f3ef1bf10930f97a59426d024948214830c0b952dc41e6c2e6cbf6efaabfb
D:/chest_xray/train/PNEUMONIA/person61_bacteria_297.jpeg,train,PNEUMONIA,1.264646465,3.071894308,c03f62b5e3d09a4ac12f692de4b44e5180e3c282f96fd2cd3c7d96f46d3b40d2
D:/chest_xray/train/PNEUMONIA/person662_bacteria_2554.jpeg,train,PNEUMONIA,1.414634146,2.821406828,915d6fa8ae95105a83291a55c155975b506ad16172f773f270b870f071cb70fe
D:/chest_xray/train/PNEUMONIA/person28_bacteria_141.jpeg,train,PNEUMONIA,1.558823529,2.802580267,c50060a017d55b4f832e5f34826a4fad6dbc4fc7687c1bc36c2f1be04b0f16f5
D:/chest_xray/train/PNEUMONIA/person1318_virus_2274.jpeg,train,PNEUMONIA,1.576923077,2.953388039,d40174ab87955b46c52a1b34e17a3ca469c03ca369568783787f3f4b769fe1c8
D:/chest_xray/train/PNEUMONIA/person1590_virus_2764.jpeg,train,PNEUMONIA,1.495327103,3.248942516,907aeeaaa78102d78f4a1ba58397147b438d877443e60b70b4e36f90efc70f34
D:/chest_xray/train/PNEUMONIA/person279_virus_576.jpeg,train,PNEUMONIA,1.232,3.278791715,d4422db5e2b51b40c3264f36f06967dc2d4c60f46d527cd369d07c2f5bc34b83
D:/chest_xray/train/PNEUMONIA/person1411_bacteria_3598.jpeg,val,PNEUMONIA,1.329032258,3.322315362,95573af86ae07e015c1b5c725e4559f51ae1587349e31c5e2a3d1bc13a6970f8
D:/chest_xray/train/PNEUMONIA/person1408_bacteria_3579.jpeg,train,PNEUMONIA,1.424836601,3.248320704,943b7ca1e791bf14a342b34e8b6e1b471b6f187f283d0b2d0a691a792a93270f
D:/chest_xray/train/PNEUMONIA/person898_virus_1552.jpeg,train,PNEUMONIA,1.466101695,3.212094842,915a3fa5d697585f71a82182350e0038b188140b85283d8f29deefdc3f5affde
D:/chest_xray/train/PNEUMONIA/person553_bacteria_2316.jpeg,train,PNEUMONIA,1.402061856,2.9574175,d4022affe2d25f4ad70f4b7c1f2c52574f401e5443d01da55c5a4be196b570f2
D:/chest_xray/train/PNEUMONIA/person774_bacteria_2678.jpeg,val,PNEUMONIA,1.528089888,2.87771681,c03f6ec0a7ca1f25459492926cf1c1e116d86860ebe5be3eab458f1f9a5d2947
D:/chest_xray/train/PNEUMONIA/person486_bacteria_2051.jpeg,train,PNEUMONIA,1.412371134,2.790286587,94402abfebf51f4ac20f077e1f00431f1f2a48b4056a1c54c57e1f87fce3c3f4
D:/chest_xray/train/PNEUMONIA/person658_bacteria_2550.jpeg,train,PNEUMONIA,1.588235294,2.850892858,d4016ffda7481b4b83251912a5a71c9ab4abb6a9787be3867a5a29a52e1d0d6d
D:/chest_xray/train/PNEUMONIA/person616_virus_1186.jpeg,train,PNEUMONIA,1.83,2.963648918,91e53583c61f3b6d94b4cd7338f6c2d2651930dac1c31218381cc74bb0f2ff79
D:/chest_xray/train/PNEUMONIA/person1039_bacteria_2973.jpeg,train,PNEUMONIA,1.437148218,2.981098653,d0ad3dd0e5031f4f787c69643cb6e0d24d833c9769c9cd86987bc9e59a605878
D:/chest_xray/train/PNEUMONIA/person882_bacteria_2806.jpeg,val,PNEUMONIA,1.76056338,3.030526403,d00b3bd5c7401e0d183449e41e92695f97d63d69f1f61f287c3852795f2d507a
D:/chest_xray/train/PNEUMONIA/person1345_bacteria_3422.jpeg,train,PNEUMONIA,1.312977099,3.141903282,d04a25ade7b53a52f64b2b4938af48b62dba20f70d2f10fe49871c38f9d84e15
D:/chest_xray/train/PNEUMONIA/person757_bacteria_2661.jpeg,train,PNEUMONIA,1.453488372,3.046873669,95546a2a4a3d1af04f405a01590045264d3fad6acf2baf7dabfdcab7aabc82a9
D:/chest_xray/train/PNEUMONIA/person328_bacteria_1514.jpeg,val,PNEUMONIA,1.271186441,2.917291209,942b6e95e3d82fd103c943085f48d3eb1f4b38611d015e3a6cb87eaf6e3868e9
D:/chest_xray/train/PNEUMONIA/person1532_virus_2667.jpeg,test,PNEUMONIA,1.54,3.22331638,d14a2ff4e6103a4bbc2e68fe3c82ec962dc29cb7e9781c326c25c9601e71ce3e
D:/chest_xray/train/PNEUMONIA/person1881_bacteria_4767.jpeg,test,PNEUMONIA,1.577319588,3.044954909,c40be4a4f3d01b5fe92e2f95687a86e82cc6e0c296934a4986b94a5e87bd9e7c
D:/chest_xray/train/PNEUMONIA/person1643_bacteria_4354.jpeg,train,PNEUMONIA,1.638554217,3.003632873,c02b2ff7e7d00b4b9f2d4bf02d824297c1ca1a87c86f83a91a5b586c4d2a4fed
D:/chest_xray/train/PNEUMONIA/person1403_bacteria_3559.jpeg,train,PNEUMONIA,1.697916667,3.462713987,c02b3f91ba527b2cb9686b6d712706f26db8969e6d9e93c12acb80db968f4818
D:/chest_xray/train/PNEUMONIA/person1295_virus_2223.jpeg,train,PNEUMONIA,1.157142857,3.271550737,d005ea54a37aad0bad0cb4ae3dea742a97ac787d6be592152ad505b5d25655a4
D:/chest_xray/train/PNEUMONIA/person445_virus_915.jpeg,train,PNEUMONIA,1.267973856,3.131307563,d5017ffe6fc016411a4a0b202d352cbf01d54706469e1fd6d6be1f0f1f2b5ea1
D:/chest_xray/train/PNEUMONIA/person331_bacteria_1528.jpeg,train,PNEUMONIA,1.5875,3.038182418,d01b3ea8e3f41a52c60a5b0d1c4ec33c1f1a1cbc67fa14a53c7c2df93cb7485a
D:/chest_xray/train/PNEUMONIA/person291_bacteria_1374.jpeg,train,PNEUMONIA,1.25,3.048973652,94036cabe3f51ed5c35e1f0ec5134bd23c6b43c21c7242b40f0f50f14fda3e69
D:/chest_xray/train/PNEUMONIA/person543_bacteria_2282.jpeg,val,PNEUMONIA,1.471264368,2.91474942,c08d3ed2e3c11f0ddc3ecb3a2cb692786ba23a3555d237c174daa6cb65921278
D:/chest_xray/train/PNEUMONIA/person540_bacteria_2273.jpeg,train,PNEUMONIA,1.274161736,3.170793505,905565eae2843e57e85a393ae1b01b87b40f8b96b52ec7a89c25d9e17970585f
D:/chest_xray/train/PNEUMONIA/person277_bacteria_1303.jpeg,train,PNEUMONIA,1.555555556,2.795347375,902a6ff4c7401e0b822d0ba0692e83b46b917beb6fe3e9e12bc04a5355dd575d
D:/chest_xray/train/PNEUMONIA/person1190_virus_2031.jpeg,train,PNEUMONIA,1.28255814,3.388693904,946eeea1af543a4a0d2d3c9604e14c5915f64e1e1879cf8d4f4ad2d34c3e57a3
D:/chest_xray/train/PNEUMONIA/person409_bacteria_1824.jpeg,train,PNEUMONIA,1.126780627,3.143946669,917a29f0c740185fc96e6938b0b59ac59f6f92424e09b6787f4ba63e32926d1e
D:/chest_xray/train/PNEUMONIA/person1497_virus_2607.jpeg,train,PNEUMONIA,1.831234257,3.106890335,901165aac7951e57c34f4b0e923a4358382531ec4b46b1a0e7a72d1fc7f5ef0f
D:/chest_xray/train/PNEUMONIA/person624_virus_1198.jpeg,train,PNEUMONIA,1.621359223,2.983734948,915a25bfc2801a50e00d3a56fe1b6bfd3c0040843952d4bfe9cbbcafc3de978b
D:/chest_xray/train/PNEUMONIA/person537_bacteria_2263.jpeg,test,PNEUMONIA,1.216,3.016045706,d40a2bfd69f51f407c0b4b5e3d29acb42d9038d0f1d293c19b4f8f258f1c991e
D:/chest_xray/train/PNEUMONIA/person24_bacteria_108.jpeg,train,PNEUMONIA,1.494949495,2.859699912,910eaba4ee801e1a476b1e1296384aa85eaf4ffd185702a52c29d3ef5de5d1a7
D:/chest_xray/train/PNEUMONIA/person307_virus_629.jpeg,test,PNEUMONIA,1.759493671,2.81874395,d02b52a5c3505b0ae5247db2b03a6780386ef4eb6b43b4fcef253c4dc2f88f0e
D:/chest_xray/train/PNEUMONIA/person1916_bacteria_4821.jpeg,train,PNEUMONIA,1.697247706,3.337781731,d42e6ef5e6d82f4991358b12093f939e4f0a7db613a26c2970b092976cb479f0
D:/chest_xray/train/PNEUMONIA/person842_bacteria_2762.jpeg,train,PNEUMONIA,1.468085106,3.254394466,d1ee3b85e2868a1e387a42796d6118e769daddbc1d96498293865b2ab3e7462a
D:/chest_xray/train/PNEUMONIA/person446_bacteria_1931.jpeg,train,PNEUMONIA,1.373831776,2.84969034,99576da8a6901a57c67a3844c16838f5e8fd4e21794ec6b1387cc79e3c2c939e
D:/chest_xray/train/PNEUMONIA/person334_bacteria_1545.jpeg,test,PNEUMONIA,1.248979592,3.14823471,d400cab75fc01e0b41f515c2c2c30d69e13f2f38f0fa0de2d2da4f58f09f6f38
D:/chest_xray/train/PNEUMONIA/person880_virus_1529.jpeg,train,PNEUMONIA,1.552631579,3.191866118,905669aec2801e034a095e556f7f7d3d7d2543d0180f418d6b4e7adecb4f5a56
D:/chest_xray/train/PNEUMONIA/person1389_bacteria_3531.jpeg,val,PNEUMONIA,1.419354839,2.875922963,81febed5f55756a882f401fa087d12a86bc105aa18f405ed57c6fbe87d857888
D:/chest_xray/train/PNEUMONIA/person465_virus_957.jpeg,train,PNEUMONIA,1.666293393,3.092634716,915b64b0c3901a5bcd7c389f80e2c6937defc6970108b96cff9779f080864d3e
D:/chest_xray/train/PNEUMONIA/person1472_bacteria_3833.jpeg,train,PNEUMONIA,1.31884058,3.157786136,c0076ed4b7dadb69892d85970d932d5b3ffc3ef22d7a24f926d04969044816f0
D:/chest_xray/train/PNEUMONIA/person1879_bacteria_4764.jpeg,train,PNEUMONIA,1.547169811,3.073939189,95ea7f95e6171a5ed2684b4a34a56ab23c9231904f1ab0b449489c2cbbedcf6d
D:/chest_xray/train/PNEUMONIA/person441_bacteria_1907.jpeg,train,PNEUMONIA,1.424657534,2.741448641,90ab3f95f412903f90e89d43942f8df09d75ecf7af34aa522d508f502b58ab70
D:/chest_xray/train/PNEUMONIA/person349_bacteria_1606.jpeg,train,PNEUMONIA,1.568421053,3.033175732,d1fa7e81e7131a1e896d1b2c3d6cb5e3285338e564857852f494430778d16dbd
D:/chest_xray/train/PNEUMONIA/person31_bacteria_163.jpeg,train,PNEUMONIA,1.518987342,2.863793598,9aaa6fa2ef123c7e99710957392ec594fd12fc02ec178c3f887d847c8969f404
D:/chest_xray/train/PNEUMONIA/person711_bacteria_2612.jpeg,test,PNEUMONIA,1.727272727,3.244095957,d4536bbda7b51ad2874b1a1d836b16095a4a16b45a29c7e39e3d62f81e3932d1
D:/chest_xray/train/PNEUMONIA/person508_bacteria_2142.jpeg,train,PNEUMONIA,1.474747475,2.927646407,c00a2eb5e7109a4ac529c7b065d3c2db6cd2d0e0e4927f6bf4d26d2cfc9c6b89
D:/chest_xray/train/PNEUMONIA/person1544_bacteria_4035.jpeg,train,PNEUMONIA,0.977186312,3.109241398,9d40ebef82bf1a02c36e5b855b574f085a474f424e0d496d4f094a1f4fe84e1f
D:/chest_xray/train/PNEUMONIA/person596_bacteria_2441.jpeg,val,PNEUMONIA,1.325,2.837583007,d0a93fd65e01501f0a7f2aa73887a147b4d7b06af0e2143e00bd06fc1d3d3d7e
D:/chest_xray/train/PNEUMONIA/person1283_virus_2206.jpeg,train,PNEUMONIA,1.795918367,3.096680406,d00b6db5e7103e4be36c3b44ff3062d03c07e1a5795ab61fc3cb388fc3c8098b
D:/chest_xray/train/PNEUMONIA/person1549_bacteria_4050.jpeg,train,PNEUMONIA,1.475,3.338666503,d44a6fa9a7d51b46812e09a5487b0129387f017e3c0f60d2e70fe5e1e3cc7e1f
D:/chest_xray/train/PNEUMONIA/person646_bacteria_2538.jpeg,train,PNEUMONIA,1.372750643,3.10107526,dc50efeff7f11e11c34e1f54f41a0a4838286be274f241d17d3561c26392b2ba
D:/chest_xray/train/PNEUMONIA/person1447_bacteria_3741.jpeg,train,PNEUMONIA,1.405797101,3.122813165,d0af7f5057421a6a0a3e0d223c0a0cf12dbf38aa1cb31cbe159e1d7c1d7c1f4f
D:/chest_xray/train/PNEUMONIA/person45_bacteria_220.jpeg,train,PNEUMONIA,1.534482759,2.918183106,d4032eafeb921e0b960f1b6b1f2d9f2c0ba09c688ab50d293de1cb7831f99696
D:/chest_xray/train/PNEUMONIA/person1502_bacteria_3922.jpeg,test,PNEUMONIA,1.339449541,3.007815451,85a17c17e45e596858250ca6488a2df0cef3c93b095bca6bcb4acb2dcb5ec71e
D:/chest_xray/train/PNEUMONIA/person1174_virus_1980.jpeg,train,PNEUMONIA,1.5,3.295272849,d009e4aac6b15a56c72e391e856a1eacede4de8369d3c6926c9fd3c3c139301e
D:/chest_xray/train/PNEUMONIA/person810_virus_1445.jpeg,train,PNEUMONIA,1.184834123,3.164616753,dc022dbfe2d53f60e7225f687d2d55be5d3094f845c81c43d7c31943d1854b61
D:/chest_xray/train/PNEUMONIA/person29_bacteria_144.jpeg,val,PNEUMONIA,1.797297297,3.012289203,9015e5bae6811e47c56e5f68d1694f799c69c3e41d8690e24e4a9cbbcbd09c39
D:/chest_xray/train/PNEUMONIA/person1582_bacteria_4140.jpeg,train,PNEUMONIA,1.554347826,3.158181306,d402ebffefca3c0dce353862c7f81c0040c11c0170354f0970f85f8f7c70ffde
D:/chest_xray/train/PNEUMONIA/person1247_virus_2115.jpeg,train,PNEUMONIA,1.524752475,3.017569803,c4021cefb2f44b401f4ee43d6c743c78d2d66dd23c8b925bcb42b58d835a61fa
D:/chest_xray/train/PNEUMONIA/person500_bacteria_2106.jpeg,val,PNEUMONIA,1.568421053,2.888626138,d9ca2681e6171a5fc37d1b79757dcf783ca092e16da81188679a3482698a6d9d
D:/chest_xray/train/PNEUMONIA/person1071_bacteria_3005.jpeg,train,PNEUMONIA,1.257142857,3.244720518,95e87d05ee133e561c6846784a691d684eb44d96609e4fbe40bec4f8c2ff487a
D:/chest_xray/train/PNEUMONIA/person1285_virus_2208.jpeg,train,PNEUMONIA,1.710144928,2.823073008,91ff3ea4c6155e1a9c69cff03da294bc67d03dad38dccf38382d486a1421187d
D:/chest_xray/train/PNEUMONIA/person450_bacteria_1941.jpeg,test,PNEUMONIA,1.323149236,3.122889107,9855ffe8c7811e17825a1b60697c07f07855b5e03e96b55e1681385e95ad4a5f
D:/chest_xray/train/PNEUMONIA/person1092_bacteria_3032.jpeg,train,PNEUMONIA,1.6,3.142913244,95f46a812a171a5e136a5b6f29e44ea6398655a37868b5aae694b0f1a1e5cf78
D:/chest_xray/train/PNEUMONIA/person598_virus_1154.jpeg,train,PNEUMONIA,1.789049919,2.91831394,91552ba8ee053c15d0784bd1b40b42949607507bc552161f73bd96dffc6b35e3
D:/chest_xray/train/PNEUMONIA/person1625_bacteria_4290.jpeg,train,PNEUMONIA,1.262135922,3.03954209,c0adaffff748cb0b3d2dd03c414a75c35443414b65919e5bcb7dcad01a925a70
D:/chest_xray/train/PNEUMONIA/person633_bacteria_2522.jpeg,train,PNEUMONIA,1.458590853,3.135009658,d17b3fe5ea52ce4b1c2d497094a249d6969ec35e963802511769f2f03de920f6
D:/chest_xray/train/PNEUMONIA/person447_virus_921.jpeg,train,PNEUMONIA,1.464285714,3.021897899,915ab7a8c6159a56e960a9c3352dcbd13d1c90d8ce497c35c9e536b57958b683
D:/chest_xray/train/PNEUMONIA/person1244_bacteria_3200.jpeg,test,PNEUMONIA,1.636363636,3.061023111,915f2bace6801e5ed6795b6934a54f36350f41ed5104531e674f1a4f69489b0f
D:/chest_xray/train/PNEUMONIA/person427_bacteria_1867.jpeg,train,PNEUMONIA,1.453488372,2.688549344,8aaa2ad5a1400f49933f4f2cd12e0f96692896b86dac90e50fd3e1ef1ed668eb
D:/chest_xray/train/PNEUMONIA/person1503_virus_2613.jpeg,train,PNEUMONIA,1.604166667,3.095701693,91517e0b0fa01a900a4a39684b2d3c766b8ece7a3f86cf9ce7d269a96ad1a1e7
D:/chest_xray/train/PNEUMONIA/person1036_bacteria_2970.jpeg,train,PNEUMONIA,1.25,2.981245285,d1423bafe2a45a8056434a5f1c7d497865381bf16da892fe2debd2d24b745e14
D:/chest_xray/train/PNEUMONIA/person916_bacteria_2841.jpeg,train,PNEUMONIA,1.78125,3.225662976,d0bdfd4005a90abf0a920d5b07fa2b5a6df0ff5b2ff0a5462d4aa152a56e0d26
D:/chest_xray/train/PNEUMONIA/person661_virus_1245.jpeg,val,PNEUMONIA,1.410714286,3.335384911,d40afff5a3ff0b55a2a857a5196f9380031f196a16b5496c91e45d5e1ef103c2
D:/chest_xray/train/PNEUMONIA/person1385_virus_2380.jpeg,test,PNEUMONIA,1.542056075,2.969813164,915f37e8c6a51a57b86ec134280280980a01140f82d0cf5ebebdefc2fefff2bc
D:/chest_xray/train/PNEUMONIA/person428_virus_876.jpeg,train,PNEUMONIA,1.519101124,3.185033457,d400aabfa3d43f4ac52f7d0dc42c2e9cbc6c45f65c43c2d05f0dd3e5c3da14b0
D:/chest_xray/train/PNEUMONIA/person1514_bacteria_3964.jpeg,train,PNEUMONIA,1.452991453,3.253182689,d00075aac2b51e50eb280bb43cb968fd3c0340ffc9431caf495e1f0d5ffce96c
D:/chest_xray/train/PNEUMONIA/person877_bacteria_2800.jpeg,train,PNEUMONIA,1.590361446,3.02469966,90293ff47610544b387d6169f5f43547b7d6a3e833aa3b7deeb1ab400c2104b5
D:/chest_xray/train/PNEUMONIA/person55_bacteria_261.jpeg,val,PNEUMONIA,1.462264151,3.209565593,894438aef2e0cf01d61f5e75f0784d30d4397c7535216970b6b56c3d3f60652d
D:/chest_xray/train/PNEUMONIA/person472_bacteria_2008.jpeg,train,PNEUMONIA,1.647058824,3.045070153,d4036aff21503500c7973d22a50e3d9eb5be1f8b1aab17eb1d6c120f5b4713e1
D:/chest_xray/train/PNEUMONIA/person339_virus_695.jpeg,train,PNEUMONIA,1.269230769,3.206123919,d0022db5c6b01a42a8256b143c2f40ff2dfb30ff8bcb2d2da9f84f0b3ab5e5e0
D:/chest_xray/train/PNEUMONIA/person1070_virus_1773.jpeg,val,PNEUMONIA,1.829787234,2.957121535,d0af74f4c7d23f4b952fc3343d16a4942c483c24c407434b90f46c1b6dafc7cf
D:/chest_xray/train/PNEUMONIA/person1180_virus_2007.jpeg,train,PNEUMONIA,1.505747126,2.934287257,90aa2ea0ee46386ac1a10e1294964fc29cefcb9a832b92f3cf2e5cb6c9e35f3c
D:/chest_xray/train/PNEUMONIA/person1267_bacteria_3226.jpeg,train,PNEUMONIA,1.344086022,2.869905924,944029afe3bcb7a0d6971eda1a4b425d174b5a16871c5e05796b4b58787a5f49
D:/chest_xray/train/PNEUMONIA/person1426_bacteria_3668.jpeg,test,PNEUMONIA,1.69,3.015811942,942a4bfdc3d00d41c82f18f4d86999edd821c32fdf789a7992e1b658e3583ec1
D:/chest_xray/train/PNEUMONIA/person1518_bacteria_3969.jpeg,val,PNEUMONIA,1.156097561,3.127393444,915fa195c7b51a4fc36f2e15f85b65a9789421a62b8729ca8187085eb1afc787
D:/chest_xray/train/PNEUMONIA/person1358_bacteria_3465.jpeg,train,PNEUMONIA,1.578947368,3.242013547,d02a27b5e3001a4bad2d69b43897c1df09cf90bfcb7c9925b8a4e962be87cce0
D:/chest_xray/train/PNEUMONIA/person1234_bacteria_3190.jpeg,test,PNEUMONIA,1.602739726,3.376188799,905c2fea6a813c16407e3b5070254df735b549d234ae63d4b58e38bd87c9787d
D:/chest_xray/train/PNEUMONIA/person529_bacteria_2228.jpeg,train,PNEUMONIA,1.50617284,2.754574033,940a29f5e2901f02461f4f5a1ea04b5e5f3c4b1e87ac3e1769652e173c2dd3e7
D:/chest_xray/train/PNEUMONIA/person1381_virus_2375.jpeg,test,PNEUMONIA,1.60952381,3.050907997,915665aac7941a57c7497f09f77a4fd0383c02a12928787c7f07b43ec2d3870f
D:/chest_xray/train/PNEUMONIA/person45_bacteria_221.jpeg,train,PNEUMONIA,1.655737705,2.904215255,91ea2bf4e7123e0bd67c4a483c2568747d353cb4fcb894a53ca724e01ca634fe
D:/chest_xray/train/PNEUMONIA/person1067_virus_1770.jpeg,train,PNEUMONIA,1.58974359,2.934905911,905525fec7a81ec3c66d4a4494064a1834104a612be8be17e7e5bde3796fcbf5
D:/chest_xray/train/PNEUMONIA/person1246_bacteria_3202.jpeg,train,PNEUMONIA,1.658227848,3.021987894,d0af2fd0a9021a7f437c5fa95c3a5dd039d148c5180748835e834eb85eb45fbf
D:/chest_xray/train/PNEUMONIA/person1517_bacteria_3968.jpeg,train,PNEUMONIA,1.349593496,3.110409467,d42baef4abd62b2bc1b55c0a546d6f542cf42ad22c194ad04d2f5cb4596b45bc
D:/chest_xray/train/PNEUMONIA/person1052_virus_1751.jpeg,val,PNEUMONIA,1.604606526,2.698578792,dd556d5fa4aa1ea9fa5587ae6e84b83f87aa6940817bda0f78688171879a1e20
D:/chest_xray/train/PNEUMONIA/person1542_bacteria_4029.jpeg,val,PNEUMONIA,1.505263158,2.976516162,d400b4afc2f60b409f0fcf3d6f04963d6f789c2570d4e5e836b57852a5e11e83
D:/chest_xray/train/PNEUMONIA/person1505_virus_2615.jpeg,train,PNEUMONIA,1.305970149,3.248836761,815725bde6801a45e83d6a783caa41bd2da370d729ef309e43ef3d0032f8cf2d
D:/chest_xray/train/PNEUMONIA/person1063_virus_1765.jpeg,train,PNEUMONIA,1.472527473,3.079168143,d411edaac7ad1ec5c74e1f21a857c78a3c51c5f84ad4bc5bc789cbc2943b82d0
D:/chest_xray/train/PNEUMONIA/person25_bacteria_113.jpeg,train,PNEUMONIA,1.438202247,2.832742871,9402aabfebf4bea0c35a1f48586d0f50383e4f083cac795a161779e0e68769fc
D:/chest_xray/train/PNEUMONIA/person609_bacteria_2474.jpeg,train,PNEUMONIA,1.187456446,3.41795447,94522befe6853e116b1f6bfe3ce34af13ca718a743d23cac4e3a0b680a3c0e38
D:/chest_xray/train/PNEUMONIA/person1945_bacteria_4872.jpeg,train,PNEUMONIA,1.59047619,3.174809598,d0bd7f40856b05ad05922ed22ff5878557054fa48a862901ada9ffa963e9e6da
D:/chest_xray/train/PNEUMONIA/person1584_bacteria_4146.jpeg,train,PNEUMONIA,1.75,2.924479796,d43f7ab4a7d03b4abd2f1f006f1e2cb092406e5a3c6096c1b95bf0f93b83b06c
D:/chest_xray/train/PNEUMONIA/person413_bacteria_1828.jpeg,test,PNEUMONIA,1.294117647,2.948349244,ddff7fb5e7941e12e16c382969740795695314e34d16156c47745f6913e012c1
D:/chest_xray/train/PNEUMONIA/person605_bacteria_2468.jpeg,train,PNEUMONIA,1.318181818,2.887924696,81553faae785c614143a4a787c7958e1796b3eb76b6a1da41d4e1ce84e90d70b
D:/chest_xray/train/PNEUMONIA/person1453_bacteria_3772.jpeg,val,PNEUMONIA,1.603773585,3.649685635,91da2481175f5a689a213ad5ef7f5cd258a21eb56c742e3afed2471a10746956
D:/chest_xray/train/PNEUMONIA/person355_bacteria_1637.jpeg,train,PNEUMONIA,1.76056338,2.658157643,9ffa7f85e21f1c7ac4405e4b14ea43e63dae69a03e873de94780553c4145551e
D:/chest_xray/train/PNEUMONIA/person378_virus_761.jpeg,train,PNEUMONIA,1.504201681,3.124151561,d40b75b5e7d43f4aed343cd2a4382c503882429c3c2d46d12d1a7cb46f1fbc7d
D:/chest_xray/train/PNEUMONIA/person441_bacteria_1915.jpeg,train,PNEUMONIA,1.329268293,2.70808277,d0a82bd6af421e0fd2f45f00d0b702d600abd2c1c3c0d2ed42f9b8a5fbd4ffe1
D:/chest_xray/train/PNEUMONIA/person1764_bacteria_4607.jpeg,test,PNEUMONIA,1.772151899,2.877999394,d0fa6ad0e3c31b4bc32d9d24483685b04a16816896927c36ebc3969f69f8f78f
D:/chest_xray/train/PNEUMONIA/person464_bacteria_1974.jpeg,train,PNEUMONIA,1.607843137,3.196971075,d15a2fb5e7863a5af66d6bcd1e7941fa4c873c2b42d23487e52663c03c2558d0
D:/chest_xray/train/PNEUMONIA/person441_bacteria_1900.jpeg,train,PNEUMONIA,1.513157895,2.680775482,815466f28e1a4b6c83254976c1b64edb68cbdeeb78ddd2855a3b02ad8a3f0a69
D:/chest_xray/train/PNEUMONIA/person496_virus_1003.jpeg,train,PNEUMONIA,1.109195402,3.135459544,d1402dbde6a01a55e92d69fc3ca048b13d0278bf4d7b1c3f4b7c1f2b1a744d29
D:/chest_xray/train/PNEUMONIA/person357_bacteria_1640.jpeg,train,PNEUMONIA,1.336206897,3.213210141,94002abde2ffabfbe3590769f169c32d3f04e0e51f42f84143e06d0d697d4f04
D:/chest_xray/train/PNEUMONIA/person1186_bacteria_3134.jpeg,test,PNEUMONIA,1.305642633,3.125295677,95fa6c21af053e168e78097909694cb54dc0c7935f5ad7195f3cd365473c5162
D:/chest_xray/train/PNEUMONIA/person724_bacteria_2626.jpeg,train,PNEUMONIA,1.452054795,3.032333785,840f6fedafd51a5f8b2d0b0589408f4009458d656ab5e5d2a0daead32dadeaf8
D:/chest_xray/train/PNEUMONIA/person51_bacteria_243.jpeg,train,PNEUMONIA,1.279569892,2.975746251,9c41695ba2aa1eb542d25b0a430b5e945e1e5e5ded2d5f054a3c1f05f42fe785
D:/chest_xray/train/PNEUMONIA/person1342_bacteria_3407.jpeg,test,PNEUMONIA,1.617283951,3.067370028,d00a7eb5e7501e4aed2d3cb46c343ef07c66c6c34c5b94694f0c91ec1e1c3c79
D:/chest_xray/train/PNEUMONIA/person1695_bacteria_4492.jpeg,test,PNEUMONIA,1.2875,2.949148162,90057effefaa4e851e17ce1e0e10881ac20a8200900fc368cf55fb2ffff0fb7a
D:/chest_xray/train/PNEUMONIA/person1607_bacteria_4232.jpeg,val,PNEUMONIA,1.705128205,3.5520808,c49f3bd1e3057c07d05e6c20b01046003c1138022c8338b7e9f57cf77d7f7dff
D:/chest_xray/train/PNEUMONIA/person1288_virus_2211.jpeg,test,PNEUMONIA,1.481818182,2.965437157,d0ad6e90c6921b4b892e8932283f80bd4c1f38bec3c24d1bf2c4d7c9fd2cf3d2
D:/chest_xray/train/PNEUMONIA/person300_virus_621.jpeg,test,PNEUMONIA,1.317258883,3.411177407,c02f3d5013901b6d1d2dbc36b8d218a490f6e9c393c75ae5d86e926a0f7ec6f4
D:/chest_xray/train/PNEUMONIA/person1588_virus_2762.jpeg,train,PNEUMONIA,1.653846154,3.447691369,d0292ff6c34a1f25e83409ea9c8b49ef18e7c96fc74e5c61f0e05a42be719271
D:/chest_xray/train/PNEUMONIA/person1018_bacteria_2949.jpeg,train,PNEUMONIA,1.305263158,2.910368431,95102beae3a11e84c61f5a1d3c48c22d4d6f1c3d45d505a769bf87e545d709ee
D:/chest_xray/train/PNEUMONIA/person504_bacteria_2133.jpeg,train,PNEUMONIA,1.629179331,3.047661436,90f862a0a6173a6a8f256f34352c471f6d4ab1a56c5231ebc687e968b68f9a4f
D:/chest_xray/train/PNEUMONIA/person1294_bacteria_3257.jpeg,val,PNEUMONIA,1.567164179,2.759040707,d4d028b5e5505f42802f43fdbf00822f4b0a953c4b7c1d2fdaf4437a94fd5f54
D:/chest_xray/train/PNEUMONIA/person48_bacteria_233.jpeg,train,PNEUMONIA,1.448101266,3.200407353,940065be47f41fd487561b4a834b5b2db165583eb1604e162da569f66c783f97
D:/chest_xray/train/PNEUMONIA/person363_virus_742.jpeg,train,PNEUMONIA,1.392857143,3.119989567,d02b7e80e7d20b4b8d2d81b6298a00ef43e905c9107f4479c71dde5aed3cef1e
D:/chest_xray/train/PNEUMONIA/person846_virus_1491.jpeg,train,PNEUMONIA,1.468038207,3.193489376,904629f5e2a09e11fa5bc32d3f05e43e4b803ca7edf46f8661a741c2781e6bd6
D:/chest_xray/train/PNEUMONIA/person54_bacteria_258.jpeg,val,PNEUMONIA,1.374570447,3.204802646,915f3fa5c2c11a5ff86871a03585d3859ec396bdce609ca568f297a56d02eb48
D:/chest_xray/train/PNEUMONIA/person537_bacteria_2261.jpeg,train,PNEUMONIA,1.243243243,3.263460399,95556abf6bbb3e80c21e0a581868cf2c0d7048f06df27c39c7a05f0fd1c7c796
D:/chest_xray/train/PNEUMONIA/person493_bacteria_2087.jpeg,train,PNEUMONIA,1.792336218,3.151516438,d0ab34d0c61b1e0bd53c4d129c92eddbfcff90d24109961bfff22d340212db0f
D:/chest_xray/train/PNEUMONIA/person475_bacteria_2023.jpeg,train,PNEUMONIA,1.483516484,2.84406159,d42f3ff52fc23f0b012d3a0060786dd1785be5c13e1b3fcb87873e438581e2d2
D:/chest_xray/train/PNEUMONIA/person406_bacteria_1818.jpeg,val,PNEUMONIA,1.185714286,2.986104883,91dc6920c7a21a95c67c5e55397cc6f2797b51e94f2c318c45ad6d2b39c4471c
D:/chest_xray/train/PNEUMONIA/person1381_bacteria_3517.jpeg,train,PNEUMONIA,1.258883249,3.169629971,c40f6fd405560aaa0ea92caa6ed56e8a6e836a83efa76cb668b46cbc68b66836
D:/chest_xray/train/PNEUMONIA/person368_bacteria_1668.jpeg,val,PNEUMONIA,1.640625,2.92020338,811a6abfe1f43bc3d25e4b4e9e2fc25c4d6dd4754f485a5d6a5c87a502740878
D:/chest_xray/train/PNEUMONIA/person1506_bacteria_3933.jpeg,train,PNEUMONIA,1.364238411,3.204834399,817e2fa086a02b50b87ce870682b48b54bfb199f38fe497d0a3f094bcbad9b0f
D:/chest_xray/train/PNEUMONIA/person605_bacteria_2464.jpeg,train,PNEUMONIA,1.585714286,2.748287612,94126abee3d51e0ac3285970e174e115e835e8bceaaa7a2ae52a5d766d572d15
D:/chest_xray/train/PNEUMONIA/person1923_bacteria_4831.jpeg,train,PNEUMONIA,1.550847458,3.140131491,d06a7eb5e7921b4b1b6d433439be3cba46d96cc138c24bc2380b92d2cf617c3c
D:/chest_xray/train/PNEUMONIA/person397_bacteria_1797.jpeg,train,PNEUMONIA,1.355555556,2.825173422,940a6bf5e7c01e0bd63f1f50392fc72c6d2db4f46c8234b861f0a52f31e1c5c3
D:/chest_xray/train/PNEUMONIA/person1929_bacteria_4839.jpeg,train,PNEUMONIA,1.452380952,3.007463871,d02a3ff5e7d05b421a4bd26d5a601828c0b44f003d2ef2970b43bcebb0fdcf7a
D:/chest_xray/train/PNEUMONIA/person799_bacteria_2705.jpeg,train,PNEUMONIA,1.322033898,2.74193092,c8aa3ff6c2100d4b1a7f6bec3da09ad26ddb9a543b08ca393ef81a704c929ed2
D:/chest_xray/train/PNEUMONIA/person38_bacteria_191.jpeg,train,PNEUMONIA,1.445783133,2.735824476,90ab2bd4cb0a1e0bca7c0b403ca7f6db35d355c2570ad63a175a177e45f254aa
D:/chest_xray/train/PNEUMONIA/person1272_virus_2190.jpeg,val,PNEUMONIA,1.519230769,3.211734179,d4217650a3402f01a61f2d7a2c7926d92c3dc6fd2c1b3c362f457c3cee9e6d29
D:/chest_xray/train/PNEUMONIA/person579_virus_1123.jpeg,train,PNEUMONIA,1.39047619,2.961371117,8013d5eac7a81e04ea108f69385fe5ea1e5b68c181ca5e97e9f6d70fda5094e9
D:/chest_xray/train/PNEUMONIA/person364_bacteria_1658.jpeg,test,PNEUMONIA,1.285714286,2.96152593,c9fa3e05e61f5a5a156841b43c8b92be6fca978c52d829699a65697b5e244a1b
D:/chest_xray/train/PNEUMONIA/person1476_bacteria_3842.jpeg,train,PNEUMONIA,1.565217391,3.203083483,c02a3dff5bc00a0a5a3d6a305d28397579fe1dc316d290d61e8f1a8f52ae5ea5
D:/chest_xray/train/PNEUMONIA/person111_virus_212.jpeg,train,PNEUMONIA,1.162774725,3.411143394,d95529fee2ea5a41fa065a9b790b49b9395050e519f438971be1386c96bd1da8
D:/chest_xray/train/PNEUMONIA/person258_bacteria_1207.jpeg,train,PNEUMONIA,1.23364486,3.021916638,ddff7faaea815a5f963e3e14965a6858f0685e4135c84b0525a58b963cb0b285
D:/chest_xray/train/PNEUMONIA/person1546_bacteria_4045.jpeg,train,PNEUMONIA,1.659793814,3.054693356,91fe64a2c6951a5aca69782db5e84e1739687d876852d78fcc7439c8ce1ed0c2
D:/chest_xray/train/PNEUMONIA/person537_bacteria_2264.jpeg,test,PNEUMONIA,1.380530973,2.928395093,90df6ca0c7a53a07c61f1a5a316bda342d2c57b04d5a31e97bc33ceb70e16c1a
D:/chest_xray/train/PNEUMONIA/person741_virus_1364.jpeg,val,PNEUMONIA,1.782608696,2.897787899,c0af2fd4a348194fc5344d924da2c4944dc65d7fd6cb5a6996a4d38d942d978d
D:/chest_xray/train/PNEUMONIA/person275_bacteria_1293.jpeg,train,PNEUMONIA,1.234782609,3.004272981,917a3fb5fe961e5a45683c65a5a538c3142f83ca3429a79f3d09b5f8870c952a
D:/chest_xray/train/PNEUMONIA/person712_virus_1310.jpeg,train,PNEUMONIA,1.396103896,2.843491813,9155196a65ebc3e56f809f03f60fcbff17601ca8f217e2de5ba53ec068104295
D:/chest_xray/train/PNEUMONIA/person1619_bacteria_4269.jpeg,train,PNEUMONIA,1.567567568,3.23889024,900a2aa0aa51173fc73d5d7a19f49fa22bbc155814686ea8aaad87c13ddf3ce9
D:/chest_xray/train/PNEUMONIA/person1865_bacteria_4737.jpeg,train,PNEUMONIA,1.134408602,2.880226779,945fabfde3aa0f80ea01c2135c1b405e4a7e781a69f87e52797f5bd27810605e
D:/chest_xray/train/PNEUMONIA/person271_virus_556.jpeg,test,PNEUMONIA,1.494382022,3.073860811,806b2bf5c2901e4bd67c5f40942342961f82f296ef82969ce3dc9785e8f5c7a5
D:/chest_xray/train/PNEUMONIA/person391_virus_781.jpeg,train,PNEUMONIA,1.444444444,3.009625958,815ee00786813a55a461380129e06da579e7ffef796b3df24c1e39e118747979
D:/chest_xray/train/PNEUMONIA/person1368_virus_2352.jpeg,train,PNEUMONIA,1.59223301,3.223524959,940a2bf547501f43492c1b701c3a44bc5cf85c3fc3e9196bc93d4b4f1c4fcaed
D:/chest_xray/train/PNEUMONIA/person1551_bacteria_4053.jpeg,train,PNEUMONIA,1.445378151,3.316916689,c0012bd6fac05f4dfc7e407018fb50df09ff1a5ecafcd300ba08ee90de81fc92
D:/chest_xray/train/PNEUMONIA/person155_virus_307.jpeg,train,PNEUMONIA,1.443609023,3.149604137,d4027ebde7d43f42ad2d2db528b724f9285324fb2a9d3c0ba2b03c12acbccf90
D:/chest_xray/train/PNEUMONIA/person1321_bacteria_3359.jpeg,train,PNEUMONIA,1.680555556,3.084935749,d03e7a80a7c1796ba5a59c97685ae508f87c61d2ec3c7ad0e54fc2b4694b24ad
D:/chest_xray/train/PNEUMONIA/person1278_virus_2201.jpeg,train,PNEUMONIA,1.375,3.018939224,80afad50e2053a2df83a69a03093c1c89e9cb0edcfa58e3db9e16e973879b3c3
D:/chest_xray/train/PNEUMONIA/person1125_bacteria_3066.jpeg,train,PNEUMONIA,1.137082601,3.070096908,915739fce1ea978096e1c6859e57961b4a52cc0f681ecf4a6c1f4b786d29907c
D:/chest_xray/train/PNEUMONIA/person1454_bacteria_3781.jpeg,val,PNEUMONIA,1.644859813,3.334469256,d42a2bfdf3d05b415d2d68dc3da83c28e18e11833d4b71cf3f4f4b4a425e12ca
D:/chest_xray/train/PNEUMONIA/person1422_virus_2434.jpeg,train,PNEUMONIA,1.339805825,3.112526188,d094ffd8e7e90d2580b6afdbadfda2fc0b6420378341a817ba7e8b25a01e824d
D:/chest_xray/train/PNEUMONIA/person1223_bacteria_3178.jpeg,train,PNEUMONIA,1.358974359,2.745355781,cfff3aad2200175d4d2408a62e82cf05bf4b8c96cb4df093e574c371e1f4c1f1
D:/chest_xray/train/PNEUMONIA/person1306_virus_2249.jpeg,train,PNEUMONIA,1.746987952,2.962455028,d0ab7ca1e7943a5ab2688b25297ea5a54a53b9ebe3a56c2ab1e26a92e53a1685
D:/chest_xray/train/PNEUMONIA/person669_bacteria_2562.jpeg,val,PNEUMONIA,1.768115942,2.979110136,d02c2fd4e7c15e0bca2e4a293e3d187d4d610e38c17e078f96f2e1f23ae318d3
D:/chest_xray/train/PNEUMONIA/person96_virus_179.jpeg,train,PNEUMONIA,1.245398773,3.117334339,815a2bf5ea80ca0fd47f005055ec41ff69a339af41df2fff55f4cf500c384054
D:/chest_xray/train/PNEUMONIA/person982_virus_1658.jpeg,val,PNEUMONIA,1.171597633,3.118605743,802a7aa9f5bd3e94b2523f423d4a3d2a3c283c7e3f7d3c693d5e3c5600f00e07
D:/chest_xray/train/PNEUMONIA/person836_bacteria_2752.jpeg,test,PNEUMONIA,1.790123457,2.728879684,d42aead0ab54090f158f5d0a15f01d575dfb1e834aea1e87480d96e36eff1c70
D:/chest_xray/train/PNEUMONIA/person1229_virus_2080.jpeg,val,PNEUMONIA,1.40776699,3.089339678,950a27b5d6c01b4bc53e286de0af08d738db830f7c1e93887f5efd24df007838
D:/chest_xray/train/PNEUMONIA/person256_virus_537.jpeg,train,PNEUMONIA,1.198757764,3.27557985,d7fd2956a215323a1cea39e13ba73fbe7f1aff52335130576164c1a40cc40cc4
D:/chest_xray/train/PNEUMONIA/person1416_virus_2427.jpeg,train,PNEUMONIA,1.605042017,2.999361557,907e768186955a0ac5203d05e9fbf6bf78d6858b109949c0841d3fcdefc33cbc
D:/chest_xray/train/PNEUMONIA/person1186_virus_2021.jpeg,train,PNEUMONIA,1.456692913,2.704506855,d4147cbae6b0aad11a55a04a87e85ea1a857a5fe868b6855e1eba78b0a5e74ba
D:/chest_xray/train/PNEUMONIA/person601_bacteria_2459.jpeg,test,PNEUMONIA,1.322210636,3.124347106,d40074aae7d51e54e34a3d2d6925269978fda5b94e52c3cb9e0d4d6c87344e1e
D:/chest_xray/train/PNEUMONIA/person50_bacteria_238.jpeg,train,PNEUMONIA,1.393700787,2.94813492,91f86a154e3d58684d6149bceda8c73cb138c61ab71a978c071cbbeffec53900
D:/chest_xray/train/PNEUMONIA/person660_virus_1244.jpeg,train,PNEUMONIA,1.452830189,2.880453116,916ba7f4c3c0184fe4107c49f5ff6fd2b8cf8300082ec3806f3db9e6cfa43878
D:/chest_xray/train/PNEUMONIA/person918_bacteria_2843.jpeg,train,PNEUMONIA,1.575,2.933404136,d06aefb5f780184bc37e1e7ec2601f69c1fd1e4990fc0f0db1f04f49943c0fc0
D:/chest_xray/train/PNEUMONIA/person95_virus_177.jpeg,train,PNEUMONIA,1.565130261,3.226818635,c10b37f5e2d01b4b9e2d693cb0e1ca70e5f01ac76d63f2d639074d07d34238e9
D:/chest_xray/train/PNEUMONIA/person439_bacteria_1895.jpeg,train,PNEUMONIA,1.317307692,2.983086828,c82a3fd41e0a4a28c2a58a9ea6fca344a40fa0d32dc3f4d3f641f528fe8a6ebf
D:/chest_xray/train/PNEUMONIA/person535_bacteria_2256.jpeg,train,PNEUMONIA,1.362962963,3.280588576,91de6980e7853e16ca5a6a49386d4ba53921f9e5c5a7397678583d2d39e54964
D:/chest_xray/train/PNEUMONIA/person1700_bacteria_4500.jpeg,train,PNEUMONIA,1.351851852,2.999976173,95f87a17dc7818e894a77ebafa98e6956859ea254a044a4847c451d4f1dcf47a
D:/chest_xray/train/PNEUMONIA/person510_bacteria_2149.jpeg,train,PNEUMONIA,1.523809524,2.836892218,91577baaef843e96e67e1ed03a4ac2581f78527d0b613c784254873f30f585a1
D:/chest_xray/train/PNEUMONIA/person1045_bacteria_2979.jpeg,train,PNEUMONIA,1.326315789,3.094907885,99fa6ea1a7011a56876a7b2c232c0c2228ca86b348ea869f0e7705fe87ff1dfa
D:/chest_xray/train/PNEUMONIA/person383_bacteria_1753.jpeg,train,PNEUMONIA,1.360655738,2.960314604,84fa6e85a7d41c4b0b6895b53db66992beba7eb96b822d923cb26a4a454bd4c0
D:/chest_xray/train/PNEUMONIA/person110_virus_208.jpeg,train,PNEUMONIA,1.620359281,3.055826173,817eeba1fe8ffa50ce713ce2c5e7490d80b44f02b4a4cf02b4b0cf3d951f4964
D:/chest_xray/train/PNEUMONIA/person1482_virus_2573.jpeg,train,PNEUMONIA,1.406593407,2.662342923,d0aa3fd5ff423b2d5d347a8214819080b88198f2db6bbfa49e3c5d1eaeae092e
D:/chest_xray/train/PNEUMONIA/person589_bacteria_2425.jpeg,train,PNEUMONIA,1.533333333,2.878795953,91552bebe7011c0ec6bc1dc0540742d5bc25eaa1bea87afac7aa5cb8c5e34f15
D:/chest_xray/train/PNEUMONIA/person543_bacteria_2279.jpeg,train,PNEUMONIA,1.25,2.947557265,d50034aab2fd0b40932b499f9e18697425b25a1225fa5a54f5345bf3d95f52db
D:/chest_xray/train/PNEUMONIA/person30_bacteria_146.jpeg,val,PNEUMONIA,1.402173913,2.847909619,90af2fd0fe031a3d1038158a14be8ea81fa997aeaf2cfdb57cc3440b405f45d7
D:/chest_xray/train/PNEUMONIA/person1779_bacteria_4626.jpeg,train,PNEUMONIA,1.808823529,3.182906373,d0bfefd4e7407f0bd1201fa0382a93a54f1df5a46f86782030f44e1f592dc297
D:/chest_xray/train/PNEUMONIA/person1042_virus_1737.jpeg,val,PNEUMONIA,1.333333333,3.190873066,905525ffe7ee1e51e34d5b55bc12421b380800e50a103095e3a53d7afa5fd7d7
D:/chest_xray/train/PNEUMONIA/person1019_bacteria_2950.jpeg,train,PNEUMONIA,1.448717949,2.642498164,d1aa2bb5e6004a1a747b42504f41367fcaff2fea3af54b421e6912704f75252d
D:/chest_xray/train/PNEUMONIA/person377_virus_760.jpeg,train,PNEUMONIA,1.673684211,3.02288579,904aeda5c7d13a55cf2d399ee4b52dc2b8a549d2bc1ec785396858f44d611c3c
D:/chest_xray/train/PNEUMONIA/person1234_virus_2093.jpeg,train,PNEUMONIA,1.669491525,3.134870847,91fa2f80c613187ac86949b7a8bf499f396f81e50b6f1061eac4396deac37a49
D:/chest_xray/train/PNEUMONIA/person1670_bacteria_4430.jpeg,train,PNEUMONIA,1.326086957,3.216645775,d1fa3b05d20f1b5839e9dbebbf8b9a08961a904ac453858fbc86ade0a68469de
D:/chest_xray/train/PNEUMONIA/person66_bacteria_323.jpeg,train,PNEUMONIA,1.552631579,2.962342752,94442fbaa384be03da5f1e683d2b4eb0ed2a1ea739a743870de1c03f3d0bc3c3
D:/chest_xray/train/PNEUMONIA/person1657_bacteria_4398.jpeg,train,PNEUMONIA,1.385714286,3.44175401,c8bf3ed0d3525b2f1c3c48b03cf128f229eb3c0dcb0dfbcbbad4c15a93021c5a
D:/chest_xray/train/PNEUMONIA/person1496_bacteria_3909.jpeg,train,PNEUMONIA,1.296,2.953378916,915aabfdfe805e1a54fd417014af403817a07801d7fc1f8d71ad16b05c2dd6bd
D:/chest_xray/train/PNEUMONIA/person43_bacteria_213.jpeg,val,PNEUMONIA,1.652173913,2.960166772,944aafa0a6943a4a81614f95219fc2957d0294bfced07cb9c3d4cfad78ec4bc3
D:/chest_xray/train/PNEUMONIA/person294_virus_606.jpeg,train,PNEUMONIA,1.363515313,3.373788421,917f6fe2ef855e17c65a5a504569438595164296cfd2c3ebc39c9748d2a5bc20
D:/chest_xray/train/PNEUMONIA/person1395_bacteria_3544.jpeg,train,PNEUMONIA,1.276243094,3.128768481,95ffa80207f5165e0f2a0f1d0f541c2d7da45d367cb47c257c2475ac4c3cf429
D:/chest_xray/train/PNEUMONIA/person504_bacteria_2129.jpeg,train,PNEUMONIA,1.45,2.755844131,c0be2fd0fb01193450321a8130f2c3cb38f790d05947f87edb2c5e1dd2d7969f
D:/chest_xray/train/PNEUMONIA/person1484_virus_2576.jpeg,test,PNEUMONIA,1.511627907,2.912246588,c0aa2af5e3d02a0b923dcb543d25c2be6f283c30695a1db538da67ab168768fb
D:/chest_xray/train/PNEUMONIA/person563_virus_1103.jpeg,val,PNEUMONIA,1.636363636,2.939342866,81482abfe6903e4ada1e4f0016024318152454f77de178f0fdf53e96febcb696
D:/chest_xray/train/PNEUMONIA/person1030_virus_1722.jpeg,test,PNEUMONIA,1.506756757,3.17150233,d02b2df5e2533f47683569d32d83492f082b483948291c71ca1685e17e7adfdf
D:/chest_xray/train/PNEUMONIA/person422_bacteria_1853.jpeg,train,PNEUMONIA,1.426556992,3.144408132,815e2bb1c6825a5ed86dca683da1d8d76da29a9fd09e83a9321e49c9b6d27859
D:/chest_xray/train/PNEUMONIA/person471_bacteria_2005.jpeg,test,PNEUMONIA,1.5,2.841689627,902a2ff1e7c31f0b432d4b2c182d43345d50757145d3355f47d03d5f3c5547d3
D:/chest_xray/train/PNEUMONIA/person521_virus_1040.jpeg,train,PNEUMONIA,1.676056338,3.010475365,945835bbc3f41a52de5b4a7cbc34c6f43d86b496e6d73788e43e43063425c364
D:/chest_xray/train/PNEUMONIA/person1375_bacteria_3510.jpeg,train,PNEUMONIA,1.607843137,3.127874832,c0abbbb4da801e69587029e11fa169ad9bc6bb4bd34a1f49d1419ac33e6b96d2
D:/chest_xray/train/PNEUMONIA/person442_virus_905.jpeg,val,PNEUMONIA,1.702380952,2.93400173,c0fc3f82ea8b3e2c3a70ebb02e3728b768d73c1938d1fbc37b1079184b48cb34
D:/chest_xray/train/PNEUMONIA/person336_bacteria_1548.jpeg,train,PNEUMONIA,1.322222222,2.838550657,d0a52dd6ee501e0f437c1d205c964fdb3cf2496a3c96e8db2fd3005e05174c7b
D:/chest_xray/train/PNEUMONIA/person1527_bacteria_3989.jpeg,train,PNEUMONIA,1.302521008,2.992888545,d0415ff542021a6b1a280bff1a0a0a9f2f5fbf1fcf5c1f0c9f7c0f18b436e580
D:/chest_xray/train/PNEUMONIA/person7_bacteria_24.jpeg,train,PNEUMONIA,1.366071429,3.121402751,84bb6abbef551f0f492541e04482468bcfc9c3e1cfd29f38cbf0a9f228b42d26
D:/chest_xray/train/PNEUMONIA/person518_bacteria_2200.jpeg,train,PNEUMONIA,1.409337676,3.226223052,914221ffe3f43e50e80f683d3cb1c1d43d86b09603cf9c2dc9784e1d98b5ed8b
D:/chest_xray/train/PNEUMONIA/person13_bacteria_50.jpeg,test,PNEUMONIA,1.147882736,3.1804298,d0553baff6a05e10585f58fd196231cd39c69e8683de1ce9a87a89eb0bc30963
D:/chest_xray/train/PNEUMONIA/person429_bacteria_1870.jpeg,train,PNEUMONIA,1.356435644,2.963918051,90556faac7a83a85cf5a6b293c48ce597a796d6d47b2387405b64d870c5216f3
D:/chest_xray/train/PNEUMONIA/person510_bacteria_2150.jpeg,train,PNEUMONIA,1.248496994,3.170306851,91562bffea801e03fa7a5a58396941b579a63082c9ca1f0eda41cf7a1e47c9e3
D:/chest_xray/train/PNEUMONIA/person928_virus_1586.jpeg,train,PNEUMONIA,1.34939759,2.95936824,9055efead6a07a57cf7a5badc5645ca1b0861e80a00f4383385ec7a8ef0ff14a
D:/chest_xray/train/PNEUMONIA/person1903_bacteria_4797.jpeg,val,PNEUMONIA,1.752136752,3.068386803,d0bf76b4c3503c2be52c3c83e4fd7dd3bcfbc7930830003129123cb06f723c3d
D:/chest_xray/train/PNEUMONIA/person504_bacteria_2127.jpeg,train,PNEUMONIA,1.348648649,2.968113739,941fe0a8a3d1da5a972b4b25916a6f8de34c342c287034c3f1dfe7c383c1b5cb
D:/chest_xray/train/PNEUMONIA/person399_bacteria_1806.jpeg,train,PNEUMONIA,1.569444444,2.917063928,d0b82af8ebc0af0ba75d0f559f57927c1b06b72e7a149d1e12d505961a3e8d24
D:/chest_xray/train/PNEUMONIA/person1482_virus_2569.jpeg,train,PNEUMONIA,1.738095238,2.692571788,8ab52d52d72a4a355d326b8b7d9522e96da7bed6654334ad9649a582c48943ec
D:/chest_xray/train/PNEUMONIA/person1362_virus_2345.jpeg,train,PNEUMONIA,1.049382716,3.304493385,d0023ad552fd1f221a1708793ca3a1fb3db5304385af169b396d87b11d2d65b7
D:/chest_xray/train/PNEUMONIA/person339_bacteria_1572.jpeg,train,PNEUMONIA,1.322916667,2.703125163,85fa6e0065423d2a4d2847a52a97ceebc2854a3dc3a4c6af583ac5a34f9e4dfd
D:/chest_xray/train/PNEUMONIA/person590_bacteria_2428.jpeg,train,PNEUMONIA,1.406511628,3.230319892,900f6fa883951a0e416a2cabe2e8eeafeaaeaa9a6ab78a0d3875df17550571c4
D:/chest_xray/train/PNEUMONIA/person56_bacteria_269.jpeg,train,PNEUMONIA,1.789203085,3.082378149,857e7ca0b6854b1eb678387848613ec7697c27242485696eff9e5a1e0102b6ff
D:/chest_xray/train/PNEUMONIA/person1524_bacteria_3983.jpeg,val,PNEUMONIA,1.436619718,3.009931197,81422bbd56801e47403f1d7a693b69fe39c741de3d06614f3ad2381fa70b3a57
D:/chest_xray/train/PNEUMONIA/person1669_bacteria_4424.jpeg,train,PNEUMONIA,1.517647059,2.927352738,d0ff7e52d30b1a2d187493f23c4394e486821c82b48186833c2796f7ff27fd2d
D:/chest_xray/train/PNEUMONIA/person1238_bacteria_3194.jpeg,test,PNEUMONIA,1.486842105,2.65556601,d0022bb5eb801e0afa7f4a3c3c2070b576b81f85f0f5d5f09786d18729fc4d87
D:/chest_xray/train/PNEUMONIA/person1411_bacteria_3609.jpeg,train,PNEUMONIA,1.328947368,3.208715528,90543bea67850e150c57297f3db435b47cd218825a6b1e795e3dc70dcf69c078
D:/chest_xray/train/PNEUMONIA/person1510_virus_2628.jpeg,val,PNEUMONIA,1.436363636,3.001613871,d15ffea0a7951357453a552078f885757c5555c2568778fa96a55c5b51c0961a
D:/chest_xray/train/PNEUMONIA/person1150_bacteria_3095.jpeg,val,PNEUMONIA,1.46419327,2.881666274,c0b43c40f14b6d27b8106df03ed06cc964df9b6d6c9e9b426d047cd2d9a47cd3
D:/chest_xray/train/PNEUMONIA/person731_bacteria_2633.jpeg,train,PNEUMONIA,1.482352941,3.229334593,945f7aeaebc17a1fe30a1c0361431e0a287c1e1f28fc038360f11fc738bf1ff1
D:/chest_xray/train/PNEUMONIA/person1153_virus_1932.jpeg,train,PNEUMONIA,1.570224719,2.929734551,915326a7ea841a4aef3c1b41a46b43e16cc7a8eb2c81b97bfed7396284a1695e
D:/chest_xray/train/PNEUMONIA/person347_bacteria_1597.jpeg,train,PNEUMONIA,1.404958678,3.178494009,94152fbae3a41a85384b69ac3cb4443449e85d4043d55be47c3e4bf46fc6fc3e
D:/chest_xray/train/PNEUMONIA/person500_bacteria_2111.jpeg,train,PNEUMONIA,1.57226792,3.12215568,915e65a0e6151e4eca48396965b56c96b0d27e8694bc49723c3f63f13c3d38e5
D:/chest_xray/train/PNEUMONIA/person23_bacteria_90.jpeg,val,PNEUMONIA,1.576086957,2.9302417,d0aa2ff4ef023e0ffa3c3a60382b4b123da078c3ace31adae3e93a61b8788e36
D:/chest_xray/train/PNEUMONIA/person1324_virus_2285.jpeg,train,PNEUMONIA,1.589285714,3.24466633,95fa782fae173a500b6b096d28ed09660c3229d605de0cf56d7186187dd57bce
D:/chest_xray/train/PNEUMONIA/person325_bacteria_1501.jpeg,train,PNEUMONIA,1.752808989,3.106833472,8ade2952f54b5e2a8af51d5598a64dc31cd58ac21c59c2db0e0d1c78db49fc7c
D:/chest_xray/train/PNEUMONIA/person1000_bacteria_2931.jpeg,train,PNEUMONIA,1.515789474,2.957341565,d0af2bd0f7407c6dc034482210321e5b1abb128d165f93d797de97f897da97c0
D:/chest_xray/train/PNEUMONIA/person55_bacteria_264.jpeg,val,PNEUMONIA,1.475247525,3.448921047,c1553dfab6b04ac1961f5a1af25a4b1e4e1e7ef8587c781a4f1486dc64a13e94
D:/chest_xray/train/PNEUMONIA/person295_bacteria_1389.jpeg,train,PNEUMONIA,1.67816092,2.946519704,d40a6ef5ef401b2bc9341cd2e8fb0e59387982901c0f92e82e1a9e9e6f961f3e
D:/chest_xray/train/PNEUMONIA/person654_bacteria_2546.jpeg,train,PNEUMONIA,1.40776699,2.668872728,d0ad3fd2e50a182d1af01bc3388d92d02b0898aed3dfdf2c92f45f651cf159d1
D:/chest_xray/train/PNEUMONIA/person851_virus_1496.jpeg,val,PNEUMONIA,1.432,3.029643896,940328f7e3d01b41c2254f60fd396ff87d6b68f269834038480b3ca7e3ea7d2f
D:/chest_xray/train/PNEUMONIA/person296_bacteria_1392.jpeg,val,PNEUMONIA,1.495238095,2.969366833,90aa7d15e5172a1a386882e17b7138e9ce967c3a79e4f7825c86f5c2570e5596
D:/chest_xray/train/PNEUMONIA/person1470_bacteria_3829.jpeg,train,PNEUMONIA,1.625,2.780615345,c0adaf52c21f5afdfee0eb407c053cfb6f903fd21b58835db7d821284294128d
D:/chest_xray/train/PNEUMONIA/person116_virus_221.jpeg,val,PNEUMONIA,1.479452055,2.961299361,80bdadd8e7525d475c3ed2aa5e28f53c47b23cab60ea4ea1183f40f80e0b389f
D:/chest_xray/train/PNEUMONIA/person707_bacteria_2606.jpeg,train,PNEUMONIA,1.393258427,2.847574781,9fff2802eb5e3c7e1e7547613b6b39ac6e022806218a429a10ba419e875ebdfe
D:/chest_xray/train/PNEUMONIA/person592_virus_1141.jpeg,train,PNEUMONIA,1.375,2.888445335,915429ffe7a00e95be57ca5b3809d02d0f703c2540d78f80b41ee397b785387f
D:/chest_xray/train/PNEUMONIA/person1344_virus_2319.jpeg,train,PNEUMONIA,1.771428571,2.95861349,d0fb7aa1e7815f0b6a5a97899e5d79689725ce3c7964b5c9c2345878250f9214
D:/chest_xray/train/PNEUMONIA/person477_bacteria_2031.jpeg,train,PNEUMONIA,1.048580442,3.20741076,917a3a40ea05ea1d383c5af25bca596a59cf49e159b459870db097bc19de1df0
D:/chest_xray/train/PNEUMONIA/person568_bacteria_2358.jpeg,val,PNEUMONIA,1.637681159,2.862652995,c0002abf5fc0560f46bc4ba80aaf4bf26be57bd46955b95a6b50082e487e17f7
D:/chest_xray/train/PNEUMONIA/person1110_virus_1835.jpeg,test,PNEUMONIA,1.693877551,3.011232529,d00b66fde3d01f4be52f4b3c943c4b943c02c0d02d0bd2d2c7b03c2fcbc2dbcf
D:/chest_xray/train/PNEUMONIA/person347_bacteria_1595.jpeg,val,PNEUMONIA,1.686440678,2.888530563,d42d3ef4e3ca0b69903749d23c21e2f42d60165c43da1d875bf8eba51e1e6978
D:/chest_xray/train/PNEUMONIA/person1291_virus_2217.jpeg,train,PNEUMONIA,1.663157895,3.049970604,d07f60a1c7955a16db684f250976cda3789639c2c4b56d0ee1cbde1a6d1cc3c1
D:/chest_xray/train/PNEUMONIA/person409_virus_816.jpeg,train,PNEUMONIA,1.465116279,3.116974812,944a2ff0ab421a4b8b7d4ba41cb454b05cb074b4d4b450bfd0b756b57c0f5fe1
D:/chest_xray/train/PNEUMONIA/person623_virus_1197.jpeg,test,PNEUMONIA,1.461538462,3.13929285,9156abb8e2813e03ca7a5be83dbd6bd4398740950f0a70a74bd09f8dc9d28fe1
D:/chest_xray/train/PNEUMONIA/person1496_bacteria_3908.jpeg,train,PNEUMONIA,1.464912281,3.082701981,d14abffdee800e96903ec27a14ad725cc7601e95617b86b5384b70f59681387b
D:/chest_xray/train/PNEUMONIA/person1444_bacteria_3732.jpeg,train,PNEUMONIA,1.183783784,3.302246214,915e6920e6a13a41eb6979ae7c7e49f9386540f339c3387a4f18386b6b781a1e
D:/chest_xray/train/PNEUMONIA/person325_bacteria_1500.jpeg,val,PNEUMONIA,1.377358491,2.872955872,d8af3d70e5021f0b983c09e818a7c8f24d8b9e19cff1963cdb6c8f2ebc386c30
D:/chest_xray/train/PNEUMONIA/person64_bacteria_320.jpeg,test,PNEUMONIA,1.61237785,2.730102661,9002643be7fa3ab0e4555d6af345c5f62880a79f7fa86141cc7a71f943909e1b
D:/chest_xray/train/PNEUMONIA/person265_bacteria_1235.jpeg,train,PNEUMONIA,1.549450549,3.052904294,80aa2af5d553392b093d951a7c2bf0b9f6db3c2bb4fb960b044f145e061f287c
D:/chest_xray/train/PNEUMONIA/person1576_bacteria_4124.jpeg,val,PNEUMONIA,1.414814815,3.320764743,c1fd3f12d2575a6e92f032f030b132b63195939683040b8d0b4a6ba73ff33df2
D:/chest_xray/train/PNEUMONIA/person46_bacteria_225.jpeg,train,PNEUMONIA,1.372206025,3.167736189,915f2ba0e6843a17da687af91d07c383796b986e43c0396a7bf269e3184a7bc1
D:/chest_xray/train/PNEUMONIA/person392_bacteria_1787.jpeg,train,PNEUMONIA,1.835443038,2.779418658,c8fc624017ad3aa583161f0239f2cf9228db65d10e3a29f9079b3a9b2d9f59d3
D:/chest_xray/train/PNEUMONIA/person402_virus_799.jpeg,train,PNEUMONIA,1.186868687,3.305732499,dd5028afc2aa4fd85f2b695f3daa699568f67ac04a0a1f466b0709693a5bb10d
D:/chest_xray/train/PNEUMONIA/person1463_bacteria_3809.jpeg,val,PNEUMONIA,1.560344828,2.995221276,942a6ea003d10f0b4f3e1faf082a4ea83cbb42db46831c7b5e1f1e877fc0e793
D:/chest_xray/train/PNEUMONIA/person1145_virus_1905.jpeg,train,PNEUMONIA,1.571428571,2.799223734,902a2bf5ea825e0ade3f5eb0dcae8e86ae83aa8fababab2d8b2a9aa19c389a80
D:/chest_xray/train/PNEUMONIA/person298_bacteria_1410.jpeg,test,PNEUMONIA,1.38317757,2.858388984,8aa12bd75fea4baa5c1648aa1c709c625a6b49ea1b408a6cd73e9e3cbf34a27c
D:/chest_xray/train/PNEUMONIA/person992_bacteria_2919.jpeg,train,PNEUMONIA,1.5,2.865356125,908a2af0c7401e2b9c7d1af0349552d938c391f75ad7dabd477d1f284a3c5e38
D:/chest_xray/train/PNEUMONIA/person1208_bacteria_3160.jpeg,train,PNEUMONIA,1.311844078,3.286178331,90ee25a5c3943b4ac9396927b096ccd2386bc9e50928daf9df691c79831a9f1e
D:/chest_xray/train/PNEUMONIA/person854_bacteria_2776.jpeg,val,PNEUMONIA,1.410958904,2.816397338,c5043eb5c2525b481c2f50be4dfa9eb469e61ea41a52a0b51a546f2de2f75af8
D:/chest_xray/train/PNEUMONIA/person1575_bacteria_4119.jpeg,train,PNEUMONIA,1.531531532,3.110012819,91e860a796165a7a8729383ea10f0c3769c684de79c1c7097ad379cef6716953
D:/chest_xray/train/PNEUMONIA/person26_bacteria_123.jpeg,train,PNEUMONIA,1.352941176,2.721474611,941f6ff0e3d51e17957bdb7d5b6ca9ad1ebe1ca80aa15a0382871a961078a2b1
D:/chest_xray/train/PNEUMONIA/person518_bacteria_2198.jpeg,val,PNEUMONIA,1.505050505,2.874032459,d94a6da0c6b01e52927f4f6c307c4b5a3c6930f02d2d34f433c72c25bef26d0f
D:/chest_xray/train/PNEUMONIA/person808_bacteria_2716.jpeg,train,PNEUMONIA,1.378806334,3.218659571,91e82ba5ee15be5afc615b433c07ca742d03583fc47a1e34f83ac6f0be20c335
D:/chest_xray/train/PNEUMONIA/person44_bacteria_219.jpeg,train,PNEUMONIA,1.265060241,2.95684866,c40b2fd7d3c04f225c1668df3ca558ba19e9ba8fa36d9e1c8e1aa4b0bcb42539
D:/chest_xray/train/PNEUMONIA/person1538_bacteria_4021.jpeg,train,PNEUMONIA,1.485148515,3.415602278,95c2683dae143a4a2b6f0d250f968e9a0a0b0b1e9e344a2c5e1c7fa47f1cdf6f
D:/chest_xray/train/PNEUMONIA/person1717_bacteria_4534.jpeg,train,PNEUMONIA,1.450980392,3.115119559,8055ffaae7815a15185e10e95b011d8d47b60fa71dafd386978316b15429cf6f
D:/chest_xray/train/PNEUMONIA/person459_bacteria_1957.jpeg,train,PNEUMONIA,1.45045045,2.864137175,d0f53842e70f1d2d387ce9e4390338d7b9cb2e4fb0c09b43cf3c9c309b0aed86
D:/chest_xray/train/PNEUMONIA/person349_bacteria_1607.jpeg,test,PNEUMONIA,1.378640777,2.924873906,d80a2ff5c6901e4a4c7d49f81cb3ca03c5c49e1cc31e96dd5e1bc3cb16e15a5b
D:/chest_xray/train/PNEUMONIA/person1441_virus_2454.jpeg,train,PNEUMONIA,1.428571429,3.36236952,d0402dbfc2941a58bf2d68d43cb169d52da13cd769eb187f687b11a5287a4d2d
D:/chest_xray/train/PNEUMONIA/person1057_virus_1756.jpeg,train,PNEUMONIA,1.530120482,3.030078859,815fa3eee6853a5bfc786b713ce76af56d0b3096694a9258483c8d6968534931
D:/chest_xray/train/PNEUMONIA/person1645_bacteria_4363.jpeg,train,PNEUMONIA,1.734939759,2.878529548,d0af3fd0af1bca099a6c4e20688012920a8b4c291aea4f2e4f3c5cfa7d7f5f1f
D:/chest_xray/train/PNEUMONIA/person415_bacteria_1837.jpeg,val,PNEUMONIA,1.4,3.040060532,d40a29bd73b45ed296034b4f1f2d1e186d3517a46c2d84a73de038b764bf0f83
D:/chest_xray/train/PNEUMONIA/person292_virus_598.jpeg,train,PNEUMONIA,1.181818182,3.529278952,90542bbff6a85e15401a4868182051c759c730a552be3d0ef1f63bff3e3e63dc
D:/chest_xray/train/PNEUMONIA/person77_bacteria_377.jpeg,train,PNEUMONIA,1.409756098,3.237733179,905529ffe3aa1e81861f4ade3b4a4b393f0910b143d11dab75fcc78330d6c7c2
D:/chest_xray/train/PNEUMONIA/person294_bacteria_1381.jpeg,train,PNEUMONIA,1.739583333,2.889860954,9aaa6894ac181a73876d9a3d296705b718f63b8eb6927f48b680bc8278cf86bd
D:/chest_xray/train/PNEUMONIA/person1187_virus_2023.jpeg,test,PNEUMONIA,1.748091603,3.141689944,904b2d95c65a3a4fc43439d2b4f36d9b38a769e8191a1ad669e439e569709b27
D:/chest_xray/train/PNEUMONIA/person1345_bacteria_3427.jpeg,train,PNEUMONIA,1.396946565,3.22008437,d0ad2bd6eb405e0d5e2c4b3819e218a709eb38e3b1ffabfd1a7d524c56205878
D:/chest_xray/train/PNEUMONIA/person599_bacteria_2455.jpeg,val,PNEUMONIA,1.273080661,3.14718518,9157edeac7a01615867b4a4b147e4f50386b59a16d6f73a54d4210b40b97cfec
D:/chest_xray/train/PNEUMONIA/person1383_bacteria_3521.jpeg,train,PNEUMONIA,1.8,2.910130739,91e8e905ce163c5aca63794fb3954e1235a4e3923d86f7d24f2b38f02fda182c
D:/chest_xray/train/PNEUMONIA/person1602_bacteria_4218.jpeg,test,PNEUMONIA,1.580645161,3.233257143,d07b7f81e7943f5a87780b74196f0335283f04f62b3e3c3c2b233c1e3a280f0f
D:/chest_xray/train/PNEUMONIA/person1261_bacteria_3219.jpeg,train,PNEUMONIA,1.136733186,3.193765231,904029ffc3aa3ec5ea57694b392f4bad3cf278c243c21297c3df9c315870a5b4
D:/chest_xray/train/PNEUMONIA/person1514_virus_2633.jpeg,train,PNEUMONIA,1.530612245,3.095585061,917e3fa1e6153e5ebc686a713c05c8f46b123886e99e9794980bc2f09e1ebc3c
D:/chest_xray/train/PNEUMONIA/person40_bacteria_202.jpeg,val,PNEUMONIA,1.266666667,2.970832535,d4082bfd83560b210da54fba5d4a434d4d59daad5be91fa2d3e40d6d9ac70be0
D:/chest_xray/train/PNEUMONIA/person1055_bacteria_2989.jpeg,train,PNEUMONIA,1.209090909,3.140231529,d5ff3ff452801c0b3ce191c33d87bcbf819a9658c87de0552844217e63ae361e
D:/chest_xray/train/PNEUMONIA/person438_bacteria_1889.jpeg,train,PNEUMONIA,1.316455696,2.848544803,9413efa8e3d51e51c36a5b41b5054b042c1a2ab52d4fb0b56f5ab4bb6ad23c6b
D:/chest_xray/train/PNEUMONIA/person52_bacteria_251.jpeg,train,PNEUMONIA,1.431034483,3.356514159,d05b34e9e7943b5aed68eb653dc6c0f460d23c87e0d2e50fb4c9e05a96c138b2
D:/chest_xray/train/PNEUMONIA/person486_virus_990.jpeg,train,PNEUMONIA,1.837209302,3.126825628,815637fcc3d01e53ec3f5a7c3d24e5383da3794ae29c3d0f4b48638a392c4f14
D:/chest_xray/train/PNEUMONIA/person379_bacteria_1722.jpeg,test,PNEUMONIA,1.454545455,3.247881487,95ff6fa8a7051f55876a5929e1f5658260d244ea4aa80dfa6c1f7c09ec2d3d09
D:/chest_xray/train/PNEUMONIA/person1139_bacteria_3081.jpeg,val,PNEUMONIA,1.506666667,2.937998846,90af3fb5f10214fbb5f03f4ab5342b50bd1429d03d00580d1fe15a9951f87eaf
D:/chest_xray/train/PNEUMONIA/person981_virus_1657.jpeg,train,PNEUMONIA,1.782608696,2.953200458,d40a64bfc7f51fd2934bcb2c3926d53d4b503960e1e56d0678f62d833a1f23c0
D:/chest_xray/train/PNEUMONIA/person1054_bacteria_2988.jpeg,train,PNEUMONIA,1.253731343,3.24793267,d40a2efd83d50b42152a4baa0eab68f24bc2c69fe3fbc7c54056c1f0d4b5787a
D:/chest_xray/train/PNEUMONIA/person1331_virus_2299.jpeg,train,PNEUMONIA,1.422680412,3.015745224,91fd3e456a165c7a54f04fc33da78596290eb8dc2be0492d3861df433634db43
D:/chest_xray/train/PNEUMONIA/person1261_virus_2145.jpeg,train,PNEUMONIA,1.361904762,2.878308147,d400aaffefc0550b5535551014ab10ab17ff95ef57aa9fabbbe58be80ba00d00
D:/chest_xray/train/PNEUMONIA/person1850_bacteria_4721.jpeg,train,PNEUMONIA,1.692307692,3.194568227,d4002afde15151001407c257a24a1240320bd27da75ffe2ff74f67eb6f1f2e5b
D:/chest_xray/train/PNEUMONIA/person866_bacteria_2788.jpeg,train,PNEUMONIA,1.686567164,2.721798897,d57fea8083c55b57d16f17273d3297aa4e28a4e986872c62c687161e24e1c71f
D:/chest_xray/train/PNEUMONIA/person337_bacteria_1562.jpeg,train,PNEUMONIA,1.337662338,2.82242071,d500ecaaa0f50b54854a1e0bbc2d1f0d695c95a17f6d41e8d69769f03da17ade
D:/chest_xray/train/PNEUMONIA/person1445_bacteria_3735.jpeg,train,PNEUMONIA,1.020725389,3.143623994,d0452aaa57ffd6b15e5a5c75787e58c4594256a15e235f03560754305479cd7a
D:/chest_xray/train/PNEUMONIA/person436_virus_886.jpeg,train,PNEUMONIA,1.579096045,2.917889393,915a23e0c3813a4acc6b6b69343cca703d37b0d44d1792d7c9cb969d6b9ccf0d
D:/chest_xray/train/PNEUMONIA/person1320_bacteria_3353.jpeg,train,PNEUMONIA,1.491803279,3.106838057,d40abff5b5565f6a80a90f801d1f07b40d0a10fe0a93287b02f36c1f61fc6f9f
D:/chest_xray/train/PNEUMONIA/person1059_virus_1758.jpeg,val,PNEUMONIA,1.647887324,2.933438638,915725eac7853e1ec2793e53c4f94e6530ee6f86b43c4bacbd0e70f09e129038
D:/chest_xray/train/PNEUMONIA/person525_bacteria_2217.jpeg,train,PNEUMONIA,1.564102564,2.799614662,d0026ef5ef50af0ba2b52b1485b64b2695244b6c3c2d6bc065a96bf16f2d7cf0
D:/chest_xray/train/PNEUMONIA/person337_bacteria_1560.jpeg,train,PNEUMONIA,1.268817204,2.765152058,957a7f85ef877e5ad6385a185860c3905e07d5865fd255d297990f2b42a116b1
D:/chest_xray/train/PNEUMONIA/person348_virus_723.jpeg,train,PNEUMONIA,1.705263158,2.999991768,95fa7ea1efd53c1a0a511e2b780947051d2833c70f1a3a4d27871c717f96e70e
D:/chest_xray/train/PNEUMONIA/person1635_bacteria_4335.jpeg,train,PNEUMONIA,1.443396226,3.154078454,954a3df7fa47384fe8a4198380070960982d48418c21cb74bf6bded6efad787e
D:/chest_xray/train/PNEUMONIA/person652_virus_1234.jpeg,val,PNEUMONIA,1.580645161,2.885364525,d0faf4a5e6131b6bc524393eb4a169d33c8341ca9403d0cbcd4e9e97c3699e1d
D:/chest_xray/train/PNEUMONIA/person1396_bacteria_3545.jpeg,train,PNEUMONIA,1.355140187,3.15874072,d04225bdc6b01e40b82f687c1cb649ff05af1886c1eb9f057c68d6b4bf077965
D:/chest_xray/train/PNEUMONIA/person1308_bacteria_3283.jpeg,train,PNEUMONIA,1.520325203,3.25241082,d02a2bf5ed5a2d011d05550d150d3c63687040f97cf8507fc6bc3ae90a7dfe5d
D:/chest_xray/train/PNEUMONIA/person441_bacteria_1910.jpeg,train,PNEUMONIA,1.35,2.724884906,91ab3b95ea023c0b907d4bf01d63d0ff49ea18aadaea0bc29aca1afa1f01b8de
D:/chest_xray/train/PNEUMONIA/person23_bacteria_91.jpeg,train,PNEUMONIA,1.575,2.861607397,94006abae3f50fd0c10a0fdd9b54c7551f4cb1ab1fe3d142d3f41b40f06d1ef4
D:/chest_xray/train/PNEUMONIA/person1639_bacteria_4343.jpeg,train,PNEUMONIA,1.427101201,2.759104778,9410042aebbf4bd0a542c2ab2fd5b42b4afda56a38a54bc0f5a9f85f69e896a5
D:/chest_xray/train/PNEUMONIA/person1544_virus_2685.jpeg,train,PNEUMONIA,1.493055556,3.146641978,91eb2d85e6163a4af8256bc23d8649ef6daf10ef6b69183d7858096f38700c79
D:/chest_xray/train/PNEUMONIA/person1638_bacteria_4341.jpeg,train,PNEUMONIA,1.307228916,3.338685983,d42a2ff503510f01473c5fb61c125eba7ef27cb27ed03e80e7873682f0b2e486
D:/chest_xray/train/PNEUMONIA/person1347_virus_2323.jpeg,train,PNEUMONIA,1.32,3.381543606,d16a3f94ea517a4b5e294fe01da6455f10ff127d83fa1ad98a3c86b528a5838c
D:/chest_xray/train/PNEUMONIA/person1001_bacteria_2932.jpeg,train,PNEUMONIA,1.441483198,3.206036285,9117efa0c7871e9fc65c0a7983684e3b61fb41eb21a94786ac7e38a5491ceda8
D:/chest_xray/train/PNEUMONIA/person892_bacteria_2817.jpeg,val,PNEUMONIA,1.37755102,3.170331539,911a3bb8e3000a079c6f4a7d1e601e3e4afe5f124ab558d718d0cbd6bb873d87
D:/chest_xray/train/PNEUMONIA/person297_virus_614.jpeg,train,PNEUMONIA,1.402396054,3.095924309,914229bdeb003b4b79ad79c019c1d06e9aee9a7d86f096d0b6df87c3425a4e1d
D:/chest_xray/train/PNEUMONIA/person1351_virus_2330.jpeg,train,PNEUMONIA,1.577319588,3.065631062,d14a35a4c6f51a43c62d6f10bc1aceb96c31b8f44fc3b8e1ca5a4e1f92c2cf0b
D:/chest_xray/train/PNEUMONIA/person143_virus_289.jpeg,test,PNEUMONIA,1.379032258,3.256257882,815521aec6a01a51e22d6a7ebc2941bd3d27420709ee3c3f6b4a5e97e34af73c
D:/chest_xray/train/PNEUMONIA/person1345_bacteria_3428.jpeg,train,PNEUMONIA,1.660377358,3.321141223,d0022af5e3d05f4bc62d4b7c1e3e43bc2eab54f76ba23ca9ead2afa129846908
D:/chest_xray/train/PNEUMONIA/person280_bacteria_1320.jpeg,test,PNEUMONIA,1.224299065,3.03394881,d14a2bf5fa804a4a543f417809e50057092f10df097e079c3a5b6bf31ed63f3f
D:/chest_xray/train/PNEUMONIA/person1507_bacteria_3948.jpeg,train,PNEUMONIA,1.458646617,3.238878776,905f2ea907d51e520d781c354d706b9f7bc743c35f4b568b4b50d078c27cf03c
D:/chest_xray/train/PNEUMONIA/person634_bacteria_2525.jpeg,train,PNEUMONIA,1.490384615,2.893187679,d50a6af50a87400a45685fd54be30b8f4f4a0f4d0a5c4faa4f8f0fc20f878fef
D:/chest_xray/train/PNEUMONIA/person533_bacteria_2250.jpeg,train,PNEUMONIA,1.626666667,2.811222173,90aaaaf5e7501d0ac22f0b549d65c3fe1fca9cbf4fda1e0308fa0eda1c3501f2
D:/chest_xray/train/PNEUMONIA/person1353_virus_2333.jpeg,train,PNEUMONIA,1.375,3.300298011,d1002abfe2d45f40d62e4f5d1d59c0b54de018e34bf71d32d0b74f2378e741f0
D:/chest_xray/train/PNEUMONIA/person419_virus_855.jpeg,val,PNEUMONIA,1.082191781,3.552004631,d4a828d4f2d50d7a1fd16d200c344eea60ae134e6be9f0451a6ddf2dc2934faf
D:/chest_xray/train/PNEUMONIA/person1634_bacteria_4326.jpeg,train,PNEUMONIA,1.503649635,3.353826885,905f6fe087d71a5c4b613db544d216d3935a973eb0789638b83c91e0bc3c3387
D:/chest_xray/train/PNEUMONIA/person938_bacteria_2863.jpeg,train,PNEUMONIA,1.369047619,2.714997117,d5557feb83950a0a4b684f6d094441f24bd251fa47f0525a53dec7c3187e13c7
D:/chest_xray/train/PNEUMONIA/person1555_bacteria_4059.jpeg,train,PNEUMONIA,1.554347826,3.117344952,d0adffd0c7431b2d90240fa23cb786d22e09b0958d40b52db1ca4f0fb6fa6d2f
D:/chest_xray/train/PNEUMONIA/person554_bacteria_2323.jpeg,train,PNEUMONIA,1.710754017,3.068988554,d440f7bf87941a02a12d2db425d226d7126f872c8f3c99f18f904b7bf6872f18
D:/chest_xray/train/PNEUMONIA/person1186_virus_2022.jpeg,train,PNEUMONIA,1.675,2.744193333,d0a02f55d74049255e3e48d81df5df5bedea9b015a0dd3a55a09da2dd3483a4b
D:/chest_xray/train/PNEUMONIA/person501_bacteria_2115.jpeg,train,PNEUMONIA,1.456521739,2.978289674,942b6ab0abd03e0b432d3ca4e4b27c92247a46a97c53f4ba3c14692eef867d2f
D:/chest_xray/train/PNEUMONIA/person480_bacteria_2039.jpeg,test,PNEUMONIA,1.389473684,2.834586728,90002abf57a05e555e3b4a7a5d694825692b3a8769736b3c7b1a6b5e5b50685e
D:/chest_xray/train/PNEUMONIA/person281_bacteria_1328.jpeg,val,PNEUMONIA,1.277777778,2.86951877,9015edaae2c01e57ca5f4e1cdc384be039e569c7928f4b5a161f5b780e585a79
D:/chest_xray/train/PNEUMONIA/person1343_bacteria_3417.jpeg,train,PNEUMONIA,1.494736842,2.924769807,d1442aabefbade02dc5f58643da450b6143314dbc38f158f1cbccd2e4b0ec31d
D:/chest_xray/train/PNEUMONIA/person331_virus_684.jpeg,train,PNEUMONIA,1.574468085,3.02481969,905765aac7905a52e72d7bd4c7347ad0b9c2c7923869974bc3c2f0972f4a38a3
D:/chest_xray/train/PNEUMONIA/person1405_bacteria_3566.jpeg,train,PNEUMONIA,1.487179487,3.228285936,90ab3bd09242182d14b655d394d70fef1cae4d624d4a28f36b7b107bd979d178
D:/chest_xray/train/PNEUMONIA/person1405_bacteria_3567.jpeg,train,PNEUMONIA,1.823529412,3.178801611,90e86a05251f1d6d07a63b96308306df64fd45cc487a32e84f7d1dbd1e5d1d3c
D:/chest_xray/train/PNEUMONIA/person562_bacteria_2332.jpeg,train,PNEUMONIA,1.654834761,3.239495511,c517a7e18387090e85695d34e3707641546a166d586dd6cc6acdcbe950daeaf9
D:/chest_xray/train/PNEUMONIA/person1400_bacteria_3553.jpeg,val,PNEUMONIA,1.183206107,3.154655669,d02a2bf5fa005a0b5c7a507009f918bb838a9f6f9a78c67986b9147934b5be97
D:/chest_xray/train/PNEUMONIA/person51_bacteria_244.jpeg,test,PNEUMONIA,1.590909091,3.19283175,dd7f68ade1a50697c3d23a4383dd0b53c3fd1f0b61cb1290614b86bc70d28787
D:/chest_xray/train/PNEUMONIA/person1071_virus_1774.jpeg,train,PNEUMONIA,1.6,2.902480776,815f25e8c6851a5fc0694aa53cbfc6953d0fb4b4cf12b4bccb528d295a70ce2b
D:/chest_xray/train/PNEUMONIA/person1298_virus_2226.jpeg,test,PNEUMONIA,1.463636364,3.12363783,d0f73d40e101430f5a3ecbb62fb52c1d4d596e0c2a5c29c52cc778fb61d447c7
D:/chest_xray/train/PNEUMONIA/person1349_bacteria_3438.jpeg,train,PNEUMONIA,1.477876106,3.063671279,94422fbfe2d53ac2be2b4b2c1d625cb569d23cc34adb05e21ad30c3b07c31af3
D:/chest_xray/train/PNEUMONIA/person125_virus_254.jpeg,test,PNEUMONIA,1.286764706,3.271454389,905125bfc2b81a40ee254b52380f43fd3caec0f729eb14b7e1f035af2a5ee781
D:/chest_xray/train/PNEUMONIA/person1830_bacteria_4693.jpeg,val,PNEUMONIA,1.434782609,3.056682847,d0af3df4c7420b6f3c24689068c99bedcf3cd93dd27c4f2c1250494b97854a5b
D:/chest_xray/train/PNEUMONIA/person841_virus_1481.jpeg,train,PNEUMONIA,1.462414579,3.184376447,d4082ffd83d50f50c57e4de00582c6f16ecbc3edcbc9383edbe1c1cb1072253a
D:/chest_xray/train/PNEUMONIA/person1649_bacteria_4379.jpeg,train,PNEUMONIA,1.384615385,3.07554318,c2f0fd4bf50f583c5aa20a810b3d087c4a534a1e789f2f810f1502de0fde7fde
D:/chest_xray/train/PNEUMONIA/person1396_virus_2399.jpeg,val,PNEUMONIA,1.269503546,3.182404379,d44275bfe3f51b50ef065f2c380fc5bf2804b0f20883385a82b73d07b1f8cf1e
D:/chest_xray/train/PNEUMONIA/person501_virus_1010.jpeg,test,PNEUMONIA,1.546875,3.101333443,d42b6cb5a7403f0aad2c2c942cda6edd3cff2ef02c16282128963c3c6fa56afa
D:/chest_xray/train/PNEUMONIA/person328_bacteria_1510.jpeg,train,PNEUMONIA,1.07850912,3.267952477,944171eac2bd1eb587885a51b34b1f0c696ab1e5687a3ce97ad565e8b4e5a84a
D:/chest_xray/train/PNEUMONIA/person162_virus_320.jpeg,val,PNEUMONIA,1.524822695,3.083831603,d0bd7ed0d7c21f0b853d0c17083e06843ce316e50e1b0dbd879f1c792df49e1e
D:/chest_xray/train/PNEUMONIA/person1344_bacteria_3421.jpeg,train,PNEUMONIA,1.505263158,2.95112903,d0fd6a40852917bd5fbe42be4ab02ac049c0aff44df64b544f164d64efa655a4
D:/chest_xray/train/PNEUMONIA/person998_bacteria_2928.jpeg,train,PNEUMONIA,1.124087591,3.497179659,80022aab7dffb6d556c61e524e530ef24e3a4f184f214b0d0b691b545b7c7be4
D:/chest_xray/train/PNEUMONIA/person257_bacteria_1191.jpeg,train,PNEUMONIA,1.675675676,2.742622292,c00d3a5ea1693d05d3d66d8b9757c503d51693620d8b921a492b360f9e7a6def
D:/chest_xray/train/PNEUMONIA/person1023_virus_1714.jpeg,val,PNEUMONIA,1.711111111,3.024076811,d00a4abdc3d41f42ed2f4d2bfc97c6d83d42f4b6c7973509e0fc3e1ee08241e0
D:/chest_xray/train/PNEUMONIA/person796_virus_1428.jpeg,test,PNEUMONIA,1.425531915,2.667166707,81576ea006951a5e416849a568b6e5be681ee43cca3d887bc2d778f9e1ab5bc3
D:/chest_xray/train/PNEUMONIA/person267_bacteria_1250.jpeg,train,PNEUMONIA,1.25984252,3.126958511,d0af3d405a001a4b58f459f51ed793df857e94fb846986a33d213c351eb50ea5
D:/chest_xray/train/PNEUMONIA/person507_bacteria_2140.jpeg,train,PNEUMONIA,1.470588235,2.765803521,9faf795e555118633ba69b847908fb1f4810945b012b966abde39e4a192ad07f
D:/chest_xray/train/PNEUMONIA/person1212_virus_2057.jpeg,train,PNEUMONIA,1.5,2.991404937,917afa01005a557a5ea11a9e5efa1afa1a7b1e783aba2eb03ef00ffa0696105d
D:/chest_xray/train/PNEUMONIA/person1562_bacteria_4081.jpeg,train,PNEUMONIA,1.361842105,3.543869114,95fa7c956f8538576d27da2e3a7ac36bcb497a682e0838283c284e057c783d2b
D:/chest_xray/train/PNEUMONIA/person732_virus_1353.jpeg,train,PNEUMONIA,1.686635945,3.216920778,91d2ee8b061c1355876b79edadb6a4b24156857d4155f57ac1c3844ac5af437c
D:/chest_xray/train/PNEUMONIA/person276_bacteria_1297.jpeg,test,PNEUMONIA,1.609375,3.072284877,80aa3dede384a782960f4adf9669de1e8208d2d6020ade3d495adbe17adf385a
D:/chest_xray/train/PNEUMONIA/person990_bacteria_2917.jpeg,train,PNEUMONIA,1.39787234,3.330464841,90156bfae7a83ea0d65712df1858520b7f52d2584b4a1e796ff51e7b4039034b
D:/chest_xray/train/PNEUMONIA/person755_virus_1380.jpeg,train,PNEUMONIA,0.9375,3.458845756,95417eaa23fd06151756535e1f02681e2c8a683a6eaa6ca265f4e7973dd3e1f0
D:/chest_xray/train/PNEUMONIA/person858_bacteria_2780.jpeg,val,PNEUMONIA,1.440860215,2.755611876,c52a3af5d2d25b42120d58be18aa90f65dd29cf7cad329efd24b4343dc24aae2
D:/chest_xray/train/PNEUMONIA/person552_bacteria_2315.jpeg,train,PNEUMONIA,1.604166667,2.885789354,c0ff72c5c702792db4b56ed434cb47e12d0b92c9cf0836936dc3b69b3841b48b
D:/chest_xray/train/PNEUMONIA/person3_bacteria_13.jpeg,train,PNEUMONIA,1.372332016,3.203775373,817e2da187855a5a965b6b4d2d28d6966943b087dbd63da792d24c9bb685c94a
D:/chest_xray/train/PNEUMONIA/person1488_virus_2589.jpeg,train,PNEUMONIA,1.681415929,3.181762372,904a6dade7913ad6c67b1e45902ccf001a3ec7151d1f31eb4f57d3f897051878
D:/chest_xray/train/PNEUMONIA/person162_virus_321.jpeg,test,PNEUMONIA,1.163398693,3.298447892,944a2bfde7a1fed07e0bf42f3df435a0f19d31c8918fc34e0d282b1ce14b28e0
D:/chest_xray/train/PNEUMONIA/person617_bacteria_2488.jpeg,test,PNEUMONIA,1.493697479,3.244644424,d4556fe8a7953a5e836a09658070689229dae7872252f0f9e69fe1cbc09de0f3
D:/chest_xray/train/PNEUMONIA/person1481_bacteria_3866.jpeg,train,PNEUMONIA,1.360544218,3.299738784,c53a6c81b6931ada1b6b96ed1a5f3c6993e54b0f3d6592c15941386193d2c7d2
D:/chest_xray/train/PNEUMONIA/person1617_bacteria_4256.jpeg,val,PNEUMONIA,1.636363636,2.830606584,90fe6fe28f17385ec1285a05782c5a247816f826782ee9abbc2abd0bed0f3c0f
D:/chest_xray/train/PNEUMONIA/person1544_bacteria_4033.jpeg,test,PNEUMONIA,0.964788732,3.122043258,d4002bf55aff5f6a41251d5048290fac1cab1df71c3510f12aa6a0f6a7e2b4ff
D:/chest_xray/train/PNEUMONIA/person511_virus_1027.jpeg,train,PNEUMONIA,1.539647577,2.687970827,c4001c2ae4bf12f53e50e0ef1bf53c1090bfef503d0b92f56b40b4afe2d5e54a
D:/chest_xray/train/PNEUMONIA/person820_bacteria_2731.jpeg,test,PNEUMONIA,1.5,3.136459972,dc0b6ef5a3d11b02412a3d2464b87eda74fa66d23cfba6cb2c6f2f850b413829
D:/chest_xray/train/PNEUMONIA/person477_bacteria_2029.jpeg,train,PNEUMONIA,1.124031008,3.179180948,94567bfe63ea2f813ea546951e521e434a7a1e6958784f59177d1e01c7694878
D:/chest_xray/train/PNEUMONIA/person66_bacteria_324.jpeg,train,PNEUMONIA,1.548780488,2.92488754,90aa2ef4e7903acb9a2f5b6c3f25b7b42f53a6bd6b502c25c3b06f032890e3d0
D:/chest_xray/train/PNEUMONIA/person1308_bacteria_3288.jpeg,train,PNEUMONIA,1.818181818,2.82814268,940fafd5e5545e0a140a878a0b5f01fc07a81fff01e3c3d21e9e1eb21e936f0f
D:/chest_xray/train/PNEUMONIA/person997_bacteria_2926.jpeg,test,PNEUMONIA,1.456521739,3.210744563,95573ff8e2a036815607525d1c78529561ee1af57c7886b53d253d2929f01ea7
D:/chest_xray/train/PNEUMONIA/person1358_bacteria_3463.jpeg,test,PNEUMONIA,1.508196721,3.079333495,d4253f5265491b0544be0bb80cf948b026e93cdbe55e459f1c2ec3ea0f7f0cb6
D:/chest_xray/train/PNEUMONIA/person25_bacteria_114.jpeg,train,PNEUMONIA,1.56626506,3.126509462,c42b6efda7d0525ad7e91f55295a1c31586ad3aac834a9649a17436b44ae1c5f
D:/chest_xray/train/PNEUMONIA/person425_virus_871.jpeg,test,PNEUMONIA,1.238095238,3.355573071,91402bff578a1a5b5c2949941986119743cf1ace4a5ac25a3e752e3ca6bd2faf
D:/chest_xray/train/PNEUMONIA/person266_bacteria_1244.jpeg,train,PNEUMONIA,1.476190476,2.746517527,c5582fa5ea801a4a903d4b603cb761f63d0365b769e27e83e94e7b816b4a69e9
D:/chest_xray/train/PNEUMONIA/person5_bacteria_16.jpeg,train,PNEUMONIA,1.39047619,3.118349106,94af6dd46bd03703c21f1e58952469402db525f62c3334f26df274975e38768b
D:/chest_xray/train/PNEUMONIA/person1170_bacteria_3117.jpeg,train,PNEUMONIA,1.117647059,2.914713749,94003fd572aa17501d05840f38f43ce1b9d639f19a9af3cb5bafdf0c630c1d3c
D:/chest_xray/train/PNEUMONIA/person988_virus_1666.jpeg,test,PNEUMONIA,1.533333333,2.94306567,d00a39ffe2d40b40be06cb343f7afe374b782c28101447e07c3f78ff6f816053
D:/chest_xray/train/PNEUMONIA/person296_bacteria_1393.jpeg,test,PNEUMONIA,1.606060606,2.828400699,caab2f58e7082f2f952c0b363d23b2baaf2a28a5e3c16f05fc50f7297e1894a4
D:/chest_xray/train/PNEUMONIA/person332_bacteria_1531.jpeg,train,PNEUMONIA,1.469879518,2.856513098,d42ba1f4e3c09f01ca0f2f2cf8346d36bc1e39e996c9584f96c3196f90789347
D:/chest_xray/train/PNEUMONIA/person369_virus_750.jpeg,val,PNEUMONIA,1.513274336,3.045574758,d0abf4b1c7d07b4af520393fa1ed02bf287f00bf083b00c734502d2df70eb769
D:/chest_xray/train/PNEUMONIA/person473_bacteria_2018.jpeg,train,PNEUMONIA,1.714285714,2.946373353,d40b6ffde3d01e43032909240c3e66be3c2df5e87ed23c3a24b11c1f04ff2c97
D:/chest_xray/train/PNEUMONIA/person1843_bacteria_4710.jpeg,train,PNEUMONIA,1.132653061,3.145867471,d42b2ff5c7824f0f023d41c02d85c0d14da99cb9e938ed817a57c96b53d7d961
D:/chest_xray/train/PNEUMONIA/person1609_bacteria_4236.jpeg,test,PNEUMONIA,1.59223301,3.615504285,d4bf6ed065c11f4f952c1b1619e28ba349309934ca72c17cd2e8483cde1fe9a7
D:/chest_xray/train/PNEUMONIA/person976_bacteria_2901.jpeg,test,PNEUMONIA,1.473214286,3.301467165,c0bf2f4a27e93f0905b60d061cf254d25c49547d074d746d57c55f4f1e6d02c7
D:/chest_xray/train/PNEUMONIA/person1835_bacteria_4699.jpeg,train,PNEUMONIA,1.583333333,2.897641444,906babf5e3d43a4bfa5cc320380630b04a00340730c3c47b3497d78fef7fdef1
D:/chest_xray/train/PNEUMONIA/person435_virus_885.jpeg,train,PNEUMONIA,1.573033708,3.107288797,815525eec6801e5b9e7f4b7038a2c8f5a5a53a96e1ac96947d7ec6eb0a1334b1
D:/chest_xray/train/PNEUMONIA/person725_bacteria_2627.jpeg,test,PNEUMONIA,1.390909091,3.296499952,d12a2ff5e2805e0bdc3541751d82492f41b5185520e792ba7caccbdbdfd1587a
D:/chest_xray/train/PNEUMONIA/person991_virus_1669.jpeg,train,PNEUMONIA,1.64,3.014634698,911f75aac6d51e4fbd6c6b20bc0b42f1394730b1495a940fe29725ab6197795a
D:/chest_xray/train/PNEUMONIA/person1556_bacteria_4062.jpeg,train,PNEUMONIA,1.485915493,3.338980788,94fc7857a7422f0d87251f37690647373c3a65e945e071ea5fa8786a69a6e2a0
D:/chest_xray/train/PNEUMONIA/person1352_bacteria_3445.jpeg,test,PNEUMONIA,1.30952381,3.36544734,d16a2ff4e6005a4b142a4bbc0debcab74ba61887435e072d1a1e4b2bf3ed3a5a
D:/chest_xray/train/PNEUMONIA/person692_bacteria_2589.jpeg,train,PNEUMONIA,1.24,2.792308541,d0202bffebd07f401c03c00f047438e0e0a3342718a681af53df1fdf53de57df
D:/chest_xray/train/PNEUMONIA/person1007_virus_1690.jpeg,test,PNEUMONIA,1.578313253,2.882065703,9151b1ffe7b40f1abe3b4a718c6110b54b400c0730f2c507c6bf39c2b5afd2de
D:/chest_xray/train/PNEUMONIA/person1554_virus_2696.jpeg,test,PNEUMONIA,1.714285714,3.067680205,d04225bfc2903e52de2d4b743cb460da2de97cc7e1d03c2d685b67a570da692d
D:/chest_xray/train/PNEUMONIA/person736_bacteria_2639.jpeg,train,PNEUMONIA,1.5625,3.047200392,952b3ad543de5f1fa834416014a128eb1523150a29612a075d7a55dbfbdfaafd
D:/chest_xray/train/PNEUMONIA/person1436_bacteria_3712.jpeg,train,PNEUMONIA,1.360294118,3.246782554,954e7aa0e3f43e570a5b422b1e2b407c4f30181e01f1078778fe47e75fc338fa
D:/chest_xray/train/PNEUMONIA/person1180_virus_2011.jpeg,train,PNEUMONIA,1.581081081,3.158532799,88aa65a0e6857ad4874a7a6fa74e5638e14a96295a50b528dad4e74ad6b56b5e
D:/chest_xray/train/PNEUMONIA/person1107_virus_1831.jpeg,test,PNEUMONIA,1.376344086,2.953389544,8155a9ffe2b40ad0be5bca3d1e40783c42b02c2930b64f4a3ca7e3dacf28be9e
D:/chest_xray/train/PNEUMONIA/person540_bacteria_2272.jpeg,train,PNEUMONIA,1.47826087,3.262291817,942e6bada7d53e87835f1e0bc10b17c078520f4a384729708e1e7e9e7e817e3c
D:/chest_xray/train/PNEUMONIA/person1268_bacteria_3227.jpeg,train,PNEUMONIA,1.140625,2.93150876,95563bff7baa6bc07f836e1768734e702a28e2282b603e61eae3eae12ab03a90
D:/chest_xray/train/PNEUMONIA/person940_virus_1605.jpeg,train,PNEUMONIA,1.413533835,3.28927367,946f7ea1a7d5061f02591f6c3d351cb07e907cb967a5488a40c247927dcf7de0
D:/chest_xray/train/PNEUMONIA/person296_bacteria_1391.jpeg,train,PNEUMONIA,1.613636364,2.984601242,dc202ad5e7d21f09822f2aa62cb262992ed9a2f1af50baf1ba583c9de1d5c3c5
D:/chest_xray/train/PNEUMONIA/person87_virus_160.jpeg,train,PNEUMONIA,1.447787611,3.28515899,9914693e86fe1ac4c2451e86c257072afa2dc76a787cec7d0e3525ad0d2d3af4
D:/chest_xray/train/PNEUMONIA/person1272_bacteria_3232.jpeg,train,PNEUMONIA,1.392344498,3.111923598,945b6ea8a7151b5e872d192521341cb078d605c37c1747c2d70f5ac9174f7ef9
D:/chest_xray/train/PNEUMONIA/person154_virus_305.jpeg,test,PNEUMONIA,1.835164835,2.89630222,d02b74f5e2d44b4a9729cb266d2393f4cf0b592c12f4ed2f0f80c34bc5f1b252
D:/chest_xray/train/PNEUMONIA/person480_virus_982.jpeg,train,PNEUMONIA,1.62474645,2.781459838,9815a12ee7bf7f95f41743ff3952d5af4f4094aa4a7a140b1b82c70217d43878
D:/chest_xray/train/PNEUMONIA/person500_virus_1009.jpeg,train,PNEUMONIA,1.53164557,2.89178175,d42b24bfe3d01f4ae21d0f589e114ad61c8242839782c21fc7c0be1febfcbf83
D:/chest_xray/train/PNEUMONIA/person397_virus_790.jpeg,val,PNEUMONIA,1.585858586,3.196597102,d00b6db5c7503f42e92d2d943cb26df03cadcad20da5587c4f2c986ccb698e3c
D:/chest_xray/train/PNEUMONIA/person1495_virus_2603.jpeg,train,PNEUMONIA,1.47008547,2.981182378,942a2bf5ef801e4bdc4cc34c1e61787141511c336cf247bf1c7350f2d79e1c1f
D:/chest_xray/train/PNEUMONIA/person813_virus_1449.jpeg,val,PNEUMONIA,1.058139535,3.465308332,995f6ea007ea1a2f07025a3f5b487c3878f95c687de06d3d48e96985e14b70d6
D:/chest_xray/train/PNEUMONIA/person5_bacteria_17.jpeg,train,PNEUMONIA,1.428571429,3.075761494,950e6bb56b953e07c23e3e5aa0780f5da17d6f552d2708f42d8708f40d700fd6
D:/chest_xray/train/PNEUMONIA/person1256_bacteria_3214.jpeg,train,PNEUMONIA,1.369047619,2.71439643,94526fa8e3801c46907e4a5c1d69ca2f4f3d3cf969f13ca15953516d59c349cf
D:/chest_xray/train/PNEUMONIA/person549_bacteria_2303.jpeg,val,PNEUMONIA,1.465909091,3.098163034,905fffa2ef813e978b5e161e695c872f48a5a1c01cb40952359e5a165d8ed6d2
D:/chest_xray/train/PNEUMONIA/person1251_bacteria_3208.jpeg,train,PNEUMONIA,1.068281938,3.294191888,940a69f5e3b43ac7c26b1f0934074d513c3dc1e50b2130ef4fda7c9743c44f7c
D:/chest_xray/train/PNEUMONIA/person515_bacteria_2187.jpeg,train,PNEUMONIA,1.739726027,2.691352519,99ff7fd6424b1c2a6a307e107c83f383398fba8e52001a28c39cdf9f38f281f2
D:/chest_xray/train/PNEUMONIA/person292_virus_599.jpeg,val,PNEUMONIA,1.275167785,3.079979579,d0426bfde7801e57497949f01de141e519e14394c3c615b0e1dae3f8e57ac3ea
D:/chest_xray/train/PNEUMONIA/person1082_bacteria_3022.jpeg,val,PNEUMONIA,1.300813008,2.885016813,c10a2bf53e807b42793f582859e091a0dbdb938b92da4b4894bdd6f45fd2d4b4
D:/chest_xray/train/PNEUMONIA/person805_bacteria_2712.jpeg,test,PNEUMONIA,1.55129959,3.127077884,91d067a2ae159a5ed2683a21e4363edb79494ffd693c49f27c87c1a0ad2250fc
D:/chest_xray/train/PNEUMONIA/person957_bacteria_2882.jpeg,train,PNEUMONIA,1.141414141,2.819146834,9c026baf63d51e42c35b1d21c1121fb0587a8cb17872c5b13e1ac7a5ebf1e17d
D:/chest_xray/train/PNEUMONIA/person630_virus_1209.jpeg,test,PNEUMONIA,1.25648855,2.664015844,d4103d5ae02ac0ab16f5fe94e2df4ff81e41b4b7c5ea4ad494bcb43f4a191f00
D:/chest_xray/train/PNEUMONIA/person507_virus_1019.jpeg,train,PNEUMONIA,1.801980198,2.946728348,d4026abdc3d41e02db2f4b243d96c3903c826962e7837943c2d26d8f6fc3e3eb
D:/chest_xray/train/PNEUMONIA/person382_bacteria_1739.jpeg,train,PNEUMONIA,1.558139535,2.923671682,d15a3face6923a5a1c69783414e54e770d250df52b673c752d6d838734e36185
D:/chest_xray/train/PNEUMONIA/person466_bacteria_1983.jpeg,train,PNEUMONIA,1.568710359,2.737314227,d55574aa28af16d5f03e1afc2f4092fa7a05dfe0c35b64b1e3c0543f30f0c1e8
D:/chest_xray/train/PNEUMONIA/person1323_bacteria_3362.jpeg,val,PNEUMONIA,1.311111111,3.03889985,d4002ad75ae151425a1348635af35c6a38db3b432d8bbbcb2db43b2d3ded1cb8
D:/chest_xray/train/PNEUMONIA/person594_virus_1145.jpeg,test,PNEUMONIA,1.59223301,3.181676557,d4017ffaa7955f44af6e3d24086184090c03865a0e8f4e4da7db7e8fc7c1b5ab
D:/chest_xray/train/PNEUMONIA/person1581_virus_2741.jpeg,train,PNEUMONIA,1.743902439,2.9587343,d41af5a0e7c53a4be52d7f14e5b43f93386893c56d4a91831a5e99ac93451c78
D:/chest_xray/train/PNEUMONIA/person298_bacteria_1411.jpeg,train,PNEUMONIA,1.528735632,2.774476035,94522fa80f851e5a69285ca06cb27cb07c3ce79c6e0fec29ef24eb0debe12969
D:/chest_xray/train/PNEUMONIA/person428_bacteria_1869.jpeg,test,PNEUMONIA,1.555555556,3.202445378,910aafa0ee841e5f947dcbe1bca760968582319dd3c89fa83b2bcda05c654dea
D:/chest_xray/train/PNEUMONIA/person68_bacteria_337.jpeg,train,PNEUMONIA,1.379232506,3.128832748,901555eac7a01685fa57965a7a5a916c6eb03960e5eacf8538b5c96c86874b7e
D:/chest_xray/train/PNEUMONIA/person442_virus_904.jpeg,train,PNEUMONIA,1.717948718,2.684555186,90fc7b85c7571c1f1c695b281e2109a61e3d1fdb7bc30fd01fd24fc26b420b43
D:/chest_xray/train/PNEUMONIA/person162_virus_319.jpeg,test,PNEUMONIA,1.417266187,3.216685895,d00a25f5c2b00f409a27cf523c2fc0df2dbd30f721cf2cb7a0da8f0fa1a5e9e1
D:/chest_xray/train/PNEUMONIA/person37_bacteria_187.jpeg,train,PNEUMONIA,1.722222222,3.240691837,917efaa1e785be16c35a1f0d495c96497c7cef407d0459f01d291858c7873c3c
D:/chest_xray/train/PNEUMONIA/person58_bacteria_275.jpeg,train,PNEUMONIA,1.660738714,3.063654314,942a7e80af433a5b8f6d0f25092410e56b7f3cb80021569b7fff16594f0f564b
D:/chest_xray/train/PNEUMONIA/person754_virus_1379.jpeg,train,PNEUMONIA,1.066037736,3.106138511,95502bfdfe157c1bbc7903c009af3abe029012955afeffa01803016f3ff4396a
D:/chest_xray/train/PNEUMONIA/person967_bacteria_2892.jpeg,train,PNEUMONIA,1.176608187,3.107226899,9814292ac7a81e84d2150e7fb63c4ad21c7a425b1ff97adc4f2b31c3e1cfb689
D:/chest_xray/train/PNEUMONIA/person140_virus_285.jpeg,train,PNEUMONIA,1.236714976,3.137210796,9178e815eea17a5e7b69596a59e85bef196519c75a0e18c25a831e3a398713d1
D:/chest_xray/train/PNEUMONIA/person1394_virus_2397.jpeg,val,PNEUMONIA,1.607142857,2.951336422,d0f96895c6121a0b9921bdb43df1f7c57ede38e00486021e396dbf4d7af038f0
D:/chest_xray/train/PNEUMONIA/person1619_bacteria_4261.jpeg,train,PNEUMONIA,1.346153846,3.359729103,d4082bf5eb027e0bd87f69e13185319ea398961db07112e1113d77b83fa979ac
D:/chest_xray/train/PNEUMONIA/person936_bacteria_2861.jpeg,test,PNEUMONIA,1.440366972,2.761430495,d0555f404a2b1e7f1e743f583e85a56f3d219f22e72036144792b7979492e1e3
D:/chest_xray/train/PNEUMONIA/person674_bacteria_2568.jpeg,train,PNEUMONIA,1.322796935,3.168489065,91a53f52ea5a587878e149833c9edb18cf119a5fd84ace4bda4bb4a497923692
D:/chest_xray/train/PNEUMONIA/person710_bacteria_2611.jpeg,test,PNEUMONIA,1.642760487,2.751495135,883e6deab6a152d5030e5e10a76a5e7ff78a18ffa3805c0002927c41eaf3bd7d
D:/chest_xray/train/PNEUMONIA/person1345_bacteria_3424.jpeg,train,PNEUMONIA,1.542056075,3.150797183,d0157eaa6bf5b5503c526a52a76b2cad69ed47c5254b10ed4bc207e916fc6960
D:/chest_xray/train/PNEUMONIA/person110_virus_206.jpeg,test,PNEUMONIA,1.419047619,2.920694843,99fb7f95461f1e7a57f97dcf7da4698c9000c3589cc3dad29e001ad049211af2
D:/chest_xray/train/PNEUMONIA/person538_bacteria_2268.jpeg,train,PNEUMONIA,1.579227696,2.961161677,905beeaaab953b5bc76d590494201a91bcf7479f1857d69d4c1f82c38258b0f9
D:/chest_xray/train/PNEUMONIA/person1438_virus_2452.jpeg,train,PNEUMONIA,1.837837838,2.889744844,91fa1fa1c6153a5ab961cfe5694e97b46c1ab8f8cc1b8d6b38a5a5240d3a4ab4
D:/chest_xray/train/PNEUMONIA/person1317_virus_2273.jpeg,train,PNEUMONIA,1.530612245,3.066382869,d40a2bf5e3d03f42fe0d4a241e24c7627b40bc69cb567b87e16d4b07192fb1e4
D:/chest_xray/train/PNEUMONIA/person752_virus_1377.jpeg,train,PNEUMONIA,1.46557377,3.136940825,957a2ffdfb853e1fd6f81fc018534b4b1c4248471406497495ae0be097c73dac
D:/chest_xray/train/PNEUMONIA/person71_bacteria_348.jpeg,val,PNEUMONIA,1.256097561,2.876838609,94436bff63d41d43440d180060020a701802c2c33d6af2fbfff2f2fedfe2fe3d
D:/chest_xray/train/PNEUMONIA/person1415_bacteria_3629.jpeg,val,PNEUMONIA,1.126984127,3.309737671,94003bffe1aa7f803e00ef5c2ffc1efc2afc0d7828adc3a729a138542b2c4f0d
D:/chest_xray/train/PNEUMONIA/person89_virus_168.jpeg,train,PNEUMONIA,1.3309797,3.238024824,d4007caf87bd3b408b6e3b4a836f2f2468740f30787ee7a53878387a1e1f3ce0
D:/chest_xray/train/PNEUMONIA/person1119_virus_1844.jpeg,train,PNEUMONIA,1.524752475,3.037145249,900baed4cb505f5f44740a923a8bc2d21f479adfefba3f01545301043887effb
D:/chest_xray/train/PNEUMONIA/person1619_bacteria_4262.jpeg,train,PNEUMONIA,1.575221239,3.184389717,d4ca2bf5e7022d1b947d4e7138e83be26f8a60885cd35c751ed0c65a17a83d8e
D:/chest_xray/train/PNEUMONIA/person58_bacteria_277.jpeg,test,PNEUMONIA,1.562659847,2.968894586,d03bf6a8e7953a5ba7681f25b97c0eb5296935a56c5665a91e1f0c5b061ac458
D:/chest_xray/train/PNEUMONIA/person1077_virus_1787.jpeg,train,PNEUMONIA,1.284848485,3.216955472,d04bf481c7f53b45e7723f57b36bcf1c28789685283c10e10a1a34f03a976d3e
D:/chest_xray/train/PNEUMONIA/person972_bacteria_2897.jpeg,val,PNEUMONIA,1.728927203,2.969339571,d2d0685bce3b3838dcb26cbb3cdbce096c30d99ecd389832493ee5343186673c
D:/chest_xray/train/PNEUMONIA/person931_bacteria_2856.jpeg,test,PNEUMONIA,1.382022472,2.744658886,d4406eff62901a42314b5b2d6d24b5b27ef27cd2b4a92eb2b0b264b16fc3e0f8
D:/chest_xray/train/PNEUMONIA/person84_virus_157.jpeg,train,PNEUMONIA,1.795454545,3.165805588,915025eee3941e51de494a7dbee0ef942d813ca1e95e3687b74ae1c85a0d792c
D:/chest_xray/train/PNEUMONIA/person1031_bacteria_2963.jpeg,train,PNEUMONIA,1.47311828,2.867929417,942a6efdebd02f83a22b1a48392dc3343d34b0f44ed11e3d47d51e1734d14fc3
D:/chest_xray/train/PNEUMONIA/person1488_virus_2585.jpeg,train,PNEUMONIA,1.352941176,3.382472263,91566ba86e813c57f47a365874616d213d2479af3b9e530e53d652d0943d47d8
D:/chest_xray/train/PNEUMONIA/person941_virus_1610.jpeg,train,PNEUMONIA,1.507142857,3.045558314,917ee01586903b4e87201a145b68c63d79f9f7ff5eff29ce06160861385c8e5b
D:/chest_xray/train/PNEUMONIA/person1600_bacteria_4202.jpeg,train,PNEUMONIA,1.241935484,3.433607101,c00a2db5b7956b52bb6069446d823c936cdba4a378c369cb93b7687739a51965
D:/chest_xray/train/PNEUMONIA/person803_virus_1436.jpeg,train,PNEUMONIA,1.530106257,3.093094299,d0affed0af423d2fe5b60ed3a4e9c6c5696f8590091a29b69bd329b082126d27
D:/chest_xray/train/PNEUMONIA/person267_bacteria_1253.jpeg,train,PNEUMONIA,1.297631308,3.257427761,98556ffac6aa1e85ce573bfebd2a4af03d61d6a53580f282e7963c29b0d0280a
D:/chest_xray/train/PNEUMONIA/person868_virus_1513.jpeg,train,PNEUMONIA,1.5,3.113229371,945feab5a3d53f0a8f393f0169604381384210c2529350d8df4b5ef85f5b5e3f
D:/chest_xray/train/PNEUMONIA/person488_bacteria_2062.jpeg,train,PNEUMONIA,1.474048443,3.217842507,d55affa1af953a1f8b6a0b2938b409f92c9338e10c941d3e1eb56f1e29814f86
D:/chest_xray/train/PNEUMONIA/person510_bacteria_2148.jpeg,train,PNEUMONIA,1.633663366,2.992353204,caf43e42270d0d3c1932cf9239baf9f1c79b796d24d203436002f3c6d72cd7c9
D:/chest_xray/train/PNEUMONIA/person1159_bacteria_3104.jpeg,train,PNEUMONIA,1.457831325,2.873168826,d00a6fbdefd01e02cb5f1f6dc01d4ea04c934da11dc7c3a59e8741b29786692f
D:/chest_xray/train/PNEUMONIA/person1630_bacteria_4304.jpeg,val,PNEUMONIA,1.454545455,3.261698634,942baed0428b1c2b14541b4538ad5dfb5dc738756be93bac3c5a6d3c3a3e2a0a
D:/chest_xray/train/PNEUMONIA/person780_bacteria_2684.jpeg,test,PNEUMONIA,1.354147251,3.151326223,95a91b07ce7e9868e1cb9a3e62b096327872e68f2c7461c4369c90e3b2cfb678
D:/chest_xray/train/PNEUMONIA/person301_bacteria_1428.jpeg,train,PNEUMONIA,1.49382716,2.908555164,841a2fd5e7421f0ec12c0eb06c3ad6a34e93c7d24787cdaa1cb8783ec5e34f1e
D:/chest_xray/train/PNEUMONIA/person301_virus_622.jpeg,val,PNEUMONIA,1.335483871,3.222739158,915f29f5c6950e5faa7fe2782e0038136f952d8720876d8a6f8f2da869484f1e
D:/chest_xray/train/PNEUMONIA/person465_bacteria_1977.jpeg,train,PNEUMONIA,1.488095238,2.889728086,d1422fbdc7905e5a1e2d4a5016ab4a4b2d6838f569633835495adfe55be24b4e
D:/chest_xray/train/PNEUMONIA/person63_bacteria_306.jpeg,train,PNEUMONIA,1.423913043,2.919706156,98ab3ffed2aa9e2f91bc287af4d16be8d8484b50b83dc0152ff0e0d50b90b84b
D:/chest_xray/train/PNEUMONIA/person1274_virus_2193.jpeg,train,PNEUMONIA,1.826666667,3.117233375,d0ef30f4c7901a4bc3344f22b4b64f40bc2d77c0ed2c3ad2ed2d3cf06d0bc6b4
D:/chest_xray/train/PNEUMONIA/person373_virus_756.jpeg,train,PNEUMONIA,1.409090909,3.255996123,d5402ab5c3df5b4855044b1d1fa042d54dea1ed041fb4fe049f669ed4b43697b
D:/chest_xray/train/PNEUMONIA/person1518_virus_2645.jpeg,train,PNEUMONIA,1.386363636,3.103860684,914b24fec3d41b42e13e285d386f42b43cc780d74d0f90bf4dca3c0fc3f47d0d
D:/chest_xray/train/PNEUMONIA/person451_virus_932.jpeg,val,PNEUMONIA,1.529542921,3.071565138,90422bf5c3521e4bcc3d59a49cb2c1da3d8fc2da820c9e25ebfa9af2107396f3
D:/chest_xray/train/PNEUMONIA/person1863_bacteria_4735.jpeg,train,PNEUMONIA,1.488888889,3.173249106,d00aaef5e2d43b40d62fc35f3f43100768561ca148504d3d5e94787e77ad3ed3
D:/chest_xray/train/PNEUMONIA/person1151_virus_1928.jpeg,train,PNEUMONIA,1.097127223,3.220915498,915e297dc3a41ec4ca4f4a5d3869c9762d2939e1c9e31b2359ce59e5583219de
D:/chest_xray/train/PNEUMONIA/person370_bacteria_1687.jpeg,val,PNEUMONIA,1.558139535,2.8379981,d0ab6df5e7421a4bc32c1b6897240b781f2d4b3c3c254b4e7b491cb479693d27
D:/chest_xray/train/PNEUMONIA/person351_bacteria_1620.jpeg,val,PNEUMONIA,1.321428571,2.841547921,d41a6eb923d116520b6a1925e92c7c346d7a54e1258616876ebb97c37ada969e
D:/chest_xray/train/PNEUMONIA/person348_virus_715.jpeg,val,PNEUMONIA,1.440776699,2.734686411,80552bfaef803e07fc705e11bd5d83ec3e3cb0fcce175405d5e1d44992aac25a
D:/chest_xray/train/PNEUMONIA/person954_bacteria_2879.jpeg,train,PNEUMONIA,1.147826087,2.72268337,91523bfdc6a016171c7f4a7a1de01e56496a97a41b1cc5bc93dc9f9cd29646d0
D:/chest_xray/train/PNEUMONIA/person452_bacteria_1943.jpeg,train,PNEUMONIA,1.637548892,3.017616689,90a96a80af0b0f2d87340d3ec7963cd365db47cf654bc7891c2c078f9cb85baa
D:/chest_xray/train/PNEUMONIA/person1124_virus_1851.jpeg,train,PNEUMONIA,1.583333333,3.024615758,d02abeb5e3d23f4bb82e68a018e340e9082a1023802b1515bc7d7f7bbfb5eff0
D:/chest_xray/train/PNEUMONIA/person645_virus_1226.jpeg,train,PNEUMONIA,1.676767677,2.868479808,d0af3ef4c3d05b4bd52dedb63d01d0956f4838a3c2c12d099007c3e13c6db2fd
D:/chest_xray/train/PNEUMONIA/person1328_virus_2294.jpeg,train,PNEUMONIA,1.514563107,3.329305598,85e8ae85af566aadef94ed566952e56a45c2454d047b09ca013f0c9e28bbacfa
D:/chest_xray/train/PNEUMONIA/person1271_bacteria_3231.jpeg,train,PNEUMONIA,1.464469619,3.252133297,905529eac7801e17fc5f5ad0394a49ed79c739a7491c9907d9f1b962184b4b3d
D:/chest_xray/train/PNEUMONIA/person1220_virus_2068.jpeg,train,PNEUMONIA,1.651600753,2.880440614,944154aaebfe3fd4ef52e6bb3ac1a0ea6badb80583a82a1e282f6781e86ba1e0
D:/chest_xray/train/PNEUMONIA/person1940_bacteria_4861.jpeg,train,PNEUMONIA,1.477272727,3.31119947,c0af6ed493da0969092547d27c6974e467db7d69d640532a552c168b578a1fb6
D:/chest_xray/train/PNEUMONIA/person1524_virus_2658.jpeg,train,PNEUMONIA,1.330645161,3.07546333,914b37f4c3403b4bf82f68a830afc0d7186f92dfc379107342f31612fcd2c7c3
D:/chest_xray/train/PNEUMONIA/person19_bacteria_61.jpeg,val,PNEUMONIA,1.650793651,2.745222258,917f7faae7840a5e843a4a24b80082b82b7d30bd4b6d3f7a82f607153d7d4b65
D:/chest_xray/train/PNEUMONIA/person649_bacteria_2541.jpeg,val,PNEUMONIA,1.231578947,2.865246694,d4082ebde7d01e42d20b8b7e6d0090b56bd8bc2879f47db4b4f3e3c2c69390f1
D:/chest_xray/train/PNEUMONIA/person981_bacteria_2908.jpeg,val,PNEUMONIA,1.11409396,3.194002848,d40a7bf56aff3cd5c254134ac34f0f4a1ac70f4a3c3d4b4a7e285af05e011c7c
D:/chest_xray/train/PNEUMONIA/person1740_bacteria_4579.jpeg,val,PNEUMONIA,1.295180723,3.306038543,9c5508aae3affbd43e42f92f6cb53cb068ba69f43ca068bf69521f0150d51945
D:/chest_xray/train/PNEUMONIA/person909_bacteria_2834.jpeg,train,PNEUMONIA,1.6,2.816432342,d400eaffe5525d48c1ad1fa6b03a07953c2b92bc695640f56b4af5f441d6352b
D:/chest_xray/train/PNEUMONIA/person1748_bacteria_4588.jpeg,train,PNEUMONIA,1.091743119,3.06336273,c00aa1d7a2bd2f40eb052e28f02b6b08b4a069693c2f69e16d2f78f16da5fb5f
D:/chest_xray/train/PNEUMONIA/person19_bacteria_59.jpeg,test,PNEUMONIA,1.391304348,3.00500388,dfa82817d61b58699ce4ef96763892f0c967961c58fad2c3921528fdb2c6a388
D:/chest_xray/train/PNEUMONIA/person402_virus_801.jpeg,train,PNEUMONIA,1.481012658,3.216429348,94502fea03851e5f0b2f7c346db27c9265b05fd414b744a17c2df5057c2d7f21
D:/chest_xray/train/PNEUMONIA/person1482_bacteria_3874.jpeg,train,PNEUMONIA,1.432692308,3.125875368,c42d2fd6a3520f0d913e0d244d24c0f26e3ddefd4fc1468542c98f2daacf8aed
D:/chest_xray/train/PNEUMONIA/person253_bacteria_1155.jpeg,train,PNEUMONIA,1.743243243,2.632112059,d5ff7e80ee123e7892e50a0f382c8b040d3a35fd098f288a1887cf6edfe3119e
D:/chest_xray/train/PNEUMONIA/person305_virus_627.jpeg,train,PNEUMONIA,1.633333333,2.968358377,d01b54abe7951a5ae3384f24985ee7281a4531e8c685396ef5a17e52f5ac6e16
D:/chest_xray/train/PNEUMONIA/person1935_bacteria_4847.jpeg,val,PNEUMONIA,1.203947368,3.310860753,d02a2ff5f750784a582d43b61adb1fbf4b9e1be59fe5d36099601960c9287828
D:/chest_xray/train/PNEUMONIA/person546_virus_1085.jpeg,train,PNEUMONIA,1.427350427,3.243670084,d40a74bff7d41f42ec3f0cf02c3000b40820002d0d2d5c364fbc5f2fdf3dffea
D:/chest_xray/train/PNEUMONIA/person522_bacteria_2211.jpeg,val,PNEUMONIA,1.328125,3.164893274,917a6ba1c2051a5e416859f51c7f4be51da65ef24f501c10c9931ea9d65ad6f5
D:/chest_xray/train/PNEUMONIA/person1475_virus_2558.jpeg,train,PNEUMONIA,1.56091954,3.173967802,9057eca8a7bd5b5fc72a5b2db5485e2c386457a46ce6d5874c874142c69a6a1e
D:/chest_xray/train/PNEUMONIA/person1310_virus_2255.jpeg,val,PNEUMONIA,1.434782609,2.945050875,d00b4ab5c3d21f0bd52d2fa4bc8363c03d61f0f76fc9b04dcbd1b4b0187ccf28
D:/chest_xray/train/PNEUMONIA/person5_bacteria_19.jpeg,train,PNEUMONIA,1.494845361,3.285235266,943a7aa0e3d07e96e15e5e9a387cb0e85a5c9168c30c5b50b1a55b56b9e0afbc
D:/chest_xray/train/PNEUMONIA/person1687_bacteria_4468.jpeg,train,PNEUMONIA,1.397959184,2.995840756,d4bbf1bfe781db56b57a1fb4b15e0fb41857298482962038024182dd8a5f973d
D:/chest_xray/train/PNEUMONIA/person1477_virus_2561.jpeg,train,PNEUMONIA,1.281505728,3.244112904,901574aac6e51a45c72e4f01396acf856c7ab1e14e52ede0d7d34c7930c9cb4f
D:/chest_xray/train/PNEUMONIA/person632_bacteria_2520.jpeg,test,PNEUMONIA,1.647887324,2.706336818,d42b6af583421f0f4b3e1e36c3791d2460b4b681f0d17d967cb343e341a707ab
D:/chest_xray/train/PNEUMONIA/person1385_bacteria_3524.jpeg,train,PNEUMONIA,1.642857143,3.103478609,c0af36b5c2d01b4ec52e6d2a3c2dc6d06da192c6cf4bb697d2506d2db2de61c8
D:/chest_xray/train/PNEUMONIA/person1038_bacteria_2972.jpeg,train,PNEUMONIA,1.490740741,3.086085307,95a0697e643e3872ec6b386569a56cb439c66d8479e179ad4870692d4f384b6b
D:/chest_xray/train/PNEUMONIA/person370_virus_753.jpeg,train,PNEUMONIA,1.337837838,3.450000651,d400aaf557fe575240155aaa570050155abf5aae50143ad76abe1a96fff7aac0
D:/chest_xray/train/PNEUMONIA/person1897_bacteria_4789.jpeg,val,PNEUMONIA,1.637362637,3.160711989,d40a6ef5a7d41b5a953b137e192084b02a9a3c2ac26d2b683da44f7a3d1b3cbf
D:/chest_xray/train/PNEUMONIA/person319_bacteria_1478.jpeg,train,PNEUMONIA,1.4875,2.763714998,c03b2ae16b023e0f5e754d5255064596158714afa1e201af83dfc5e55d7d5d75
D:/chest_xray/train/PNEUMONIA/person474_virus_971.jpeg,test,PNEUMONIA,1.459016393,3.133551629,91577feac6013e15e85a2da83dbecffb3f2d96780a00180986013a58b69fe78b
D:/chest_xray/train/PNEUMONIA/person491_bacteria_2071.jpeg,val,PNEUMONIA,1.320754717,3.221220392,d40aafb5e3d03b4bcb2d2f28b4b04fd1380718c37e9bd2d3478710f4c34b67b0
D:/chest_xray/train/PNEUMONIA/person335_virus_690.jpeg,test,PNEUMONIA,1.191489362,3.266885279,d42a6bf5ebdcbf40d2035b68592f6dac7cb46cd20cd24ce309a51d61495a2e1b
D:/chest_xray/train/PNEUMONIA/person383_bacteria_1752.jpeg,train,PNEUMONIA,1.28125,3.171347939,c0a92fd6b2405a49582448f228a11e874df715f757575d65d775d749d7435650
D:/chest_xray/train/PNEUMONIA/person305_bacteria_1436.jpeg,train,PNEUMONIA,1.71641791,2.935554311,882a2abde7d49f42c32b1f26c7148f48b8e46d56b4b44f4aa4ba68d0a4bf1be5
D:/chest_xray/train/PNEUMONIA/person530_virus_1052.jpeg,train,PNEUMONIA,1.41025641,3.194631869,804a2bfdea905e4bd82d58f01c8349121803400f494a5858cb7e5fefebfbdbfe
D:/chest_xray/train/PNEUMONIA/person1415_virus_2425.jpeg,train,PNEUMONIA,1.470588235,3.052237235,914f2bb5e2100a4be82d49a5795379e779cff97edb48586ec1290940187a9ee3
D:/chest_xray/train/PNEUMONIA/person75_bacteria_364.jpeg,test,PNEUMONIA,1.237623762,2.804364823,d4ff7ff4de001e0bdc3d5e509434d258ff38b6bccf0896344b28e528e0a0c1cb
D:/chest_xray/train/PNEUMONIA/person1403_virus_2406.jpeg,test,PNEUMONIA,1.773333333,3.003387957,d0bfeaf1a7023f4ba57d0f14397e07b8485605e2469741f055875c7a57c1561e
D:/chest_xray/train/PNEUMONIA/person509_bacteria_2146.jpeg,train,PNEUMONIA,1.643663739,3.13706097,81556da0eb853e97c25a1e195a6997404a3d695b0daf69de2d256b4acbe439c3
D:/chest_xray/train/PNEUMONIA/person413_bacteria_1829.jpeg,train,PNEUMONIA,1.662790698,3.222158729,954a39fdf3f41780f20703cf7e05425ecf0cc83fa728681ee1e91686b43dc5e4
D:/chest_xray/train/PNEUMONIA/person311_bacteria_1453.jpeg,val,PNEUMONIA,1.268871925,3.196504504,815523eac6a01e97c07b5adcd07a6b58390f43df3b5652bd6b18329ce3d8b690
D:/chest_xray/train/PNEUMONIA/person321_virus_648.jpeg,val,PNEUMONIA,1.423357664,3.293055704,915f7ea08f951e561d784d301cd64c5b0a1f1c7e4a3c0f3c0aad0b0f3aa5cbf5
D:/chest_xray/train/PNEUMONIA/person382_bacteria_1746.jpeg,train,PNEUMONIA,1.547368421,2.70791291,c8aa2ff5e7d51e5a91684b2435a44ad32c7bc2c74f0a7490475bce38c6968f0f
D:/chest_xray/train/PNEUMONIA/person22_bacteria_77.jpeg,train,PNEUMONIA,1.089552239,2.921729349,955f6aa8ea001e1fcc7dbec1ba07ea113a07a0d78384101fc05b8c77a0ff87f7
D:/chest_xray/train/PNEUMONIA/person537_bacteria_2265.jpeg,test,PNEUMONIA,1.453608247,3.41529539,94456aaaeafd3e94e7fc16881a5ec75a196f934f1e0fb006c3477470615c4c1d
D:/chest_xray/train/PNEUMONIA/person806_virus_1440.jpeg,train,PNEUMONIA,1.055555556,3.037807486,94550abfe1fabff8d780f2955a524a487b3c787c69e01e387838e0e33ae17805
D:/chest_xray/train/PNEUMONIA/person458_bacteria_1955.jpeg,test,PNEUMONIA,1.761904762,2.98733322,90aa2bb5eb903c07c6173c02f85a7f03b8d24f58749741e97d29696ac76938f6
D:/chest_xray/train/PNEUMONIA/person31_bacteria_160.jpeg,train,PNEUMONIA,1.544117647,2.765190098,945e2bffeb911e0ac27f5b405b294a740f00561f153e470330fd1e393c3d9ed2
D:/chest_xray/train/PNEUMONIA/person520_bacteria_2203.jpeg,train,PNEUMONIA,1.659090909,3.002258983,98ec6c47e70a3a598334113c51a7d7b05c7ab9b64e39f0b372c378f80ae922b6
D:/chest_xray/train/PNEUMONIA/person1342_virus_2315.jpeg,train,PNEUMONIA,1.645454545,3.360314105,917a6e052f143a7a0fa108b700f3069728fc07bd0afe51a7d22cdb4bd7c37cf0
D:/chest_xray/train/PNEUMONIA/person360_virus_739.jpeg,train,PNEUMONIA,1.1484375,3.109624444,d554202fc0af8bddaf00781d3c2ad83d01fe99e092dac7f8c60364b13b78f697
D:/chest_xray/train/PNEUMONIA/person1557_bacteria_4063.jpeg,val,PNEUMONIA,0.976958525,3.200896211,9155282be5ee1ea4ea406f6178056b5e3b2bf1690ba7794cc1ea3c87614b4f69
D:/chest_xray/train/PNEUMONIA/person1602_virus_2780.jpeg,val,PNEUMONIA,1.381818182,3.288828587,d0006bbfcbd01b4ac13f1bd0c7cb43d202c7c3df2b64d4f42fc25ca1cbcb3c07
D:/chest_xray/train/PNEUMONIA/person1884_bacteria_4771.jpeg,train,PNEUMONIA,1.604938272,3.114980166,9400aabfe2fc1b40e70d0f952c01c7af4f04d43e4eb92970d0bf4f8a3d2fc3f1
D:/chest_xray/train/PNEUMONIA/person1260_virus_2140.jpeg,train,PNEUMONIA,1.810126582,3.03087454,c0ad2ff8af490d250c3e4af81d61527547503f05d75c7f59bd1cab58ed0c981a
D:/chest_xray/train/PNEUMONIA/person1465_virus_2537.jpeg,train,PNEUMONIA,1.245614035,2.833666151,d7ea3b01401f5a7adae05ac1ffe5f940f853f85ff040f45bc60bc07bc0f98003
D:/chest_xray/train/PNEUMONIA/person702_virus_1299.jpeg,train,PNEUMONIA,1.196091205,3.28759726,815729a8c6a81a45ca7f4a1c787a6d3a693b71e96b0b793e53874a5c38e8e30f
D:/chest_xray/train/PNEUMONIA/person1562_bacteria_4089.jpeg,train,PNEUMONIA,1.248407643,3.12659471,91ea3b81e605ae5fb87ac0e929c7293761b4399671bcc39a5f5a537252f05e10
D:/chest_xray/train/PNEUMONIA/person1459_virus_2506.jpeg,test,PNEUMONIA,1.505807814,3.101231088,905b74a9c7b51a42936fcb2d392c94b46f5b34f940c1a4e8b0ffc3c3c689b0dc
D:/chest_xray/train/PNEUMONIA/person53_bacteria_254.jpeg,train,PNEUMONIA,1.275229358,2.996632506,91ce7bb5ee011cde5d7a5ff039c1d9a54f849928db909a02d80bda4ace0f9a70
D:/chest_xray/train/PNEUMONIA/person417_virus_850.jpeg,test,PNEUMONIA,1.426160338,3.09603963,d41be6a287903b5e836e0a3580624e81695fc787495b87e8cf7db9699b05e969
D:/chest_xray/train/PNEUMONIA/person605_bacteria_2466.jpeg,train,PNEUMONIA,1.671428571,2.801185938,940b3eb5a3d21f0b9c2d6b74ad62a9d4a54254a25dea76a16ad5a5553552357a
D:/chest_xray/train/PNEUMONIA/person295_bacteria_1390.jpeg,train,PNEUMONIA,1.783926219,3.195286635,904beca1e7903a4a832f4b3e9f3e4f183c2812e020f6b0b66f931f3f3ef05387
D:/chest_xray/train/PNEUMONIA/person1417_bacteria_3635.jpeg,test,PNEUMONIA,1.446969697,3.319922577,915e2bf5e2d07a4bfc2f69f87d6240bd59a6102f414a1c06419f19497e5bcb4e
D:/chest_xray/train/PNEUMONIA/person706_virus_1304.jpeg,val,PNEUMONIA,1.411877395,3.032533714,817b2fc5c6174b5b9869cbf03b82b29be343b329f0e5c3611e3138706be2363c
D:/chest_xray/train/PNEUMONIA/person277_bacteria_1304.jpeg,train,PNEUMONIA,1.555555556,2.710673773,91002ba9f7901700d41fc7781c28c06a05eaad5fe77d3f75e87e07751a5743f4
D:/chest_xray/train/PNEUMONIA/person1438_bacteria_3721.jpeg,test,PNEUMONIA,1.464285714,3.092440292,d04a2ab4e3801b0b452d43612dc7c2d7c59e94bec7fe15b559634de1786de929
D:/chest_xray/train/PNEUMONIA/person326_virus_666.jpeg,train,PNEUMONIA,1.557522124,3.295586165,d4472fbf0b951f42cd2c5fb4cc12c69a5e0bc70a1b0d920bc3e0f0d6e5a07af5
D:/chest_xray/train/PNEUMONIA/person1545_bacteria_4041.jpeg,train,PNEUMONIA,1.701492537,2.89343326,d0e96f40112b1abcc7165804d000a889a8e1aac1a8e2d4f7d7dbd4f7d65bfcfe
D:/chest_xray/train/PNEUMONIA/person691_bacteria_2588.jpeg,train,PNEUMONIA,1.666666667,2.657344077,d4002bf5e7d00f021d1f455e1e2a1a28586d4f2d5f256d746f3e5fb725d0c0e5
D:/chest_xray/train/PNEUMONIA/person701_virus_1297.jpeg,train,PNEUMONIA,1.378551787,3.201833489,957a2be0c3853e0fc27c1a5eb06a4a61ec7f69902d0e31f27f9f92781346963c
D:/chest_xray/train/PNEUMONIA/person1405_bacteria_3571.jpeg,train,PNEUMONIA,1.475728155,3.315599062,c0ca6de5e7953a139f6b4b701f24c7b74bd3a169637c096030f44b52a5b8d694
D:/chest_xray/train/PNEUMONIA/person1629_bacteria_4299.jpeg,train,PNEUMONIA,1.473684211,3.352952466,d42a2fd5035f0d2805b64cd3c7495f97cb1ad78d4970d626f83ef21a3c16eb40
D:/chest_xray/train/PNEUMONIA/person70_bacteria_341.jpeg,val,PNEUMONIA,1.586666667,2.937526041,945f7af5a7d11a0f932d1a04d1721f983816978b78f8d58f94a1b8f08c3930fb
D:/chest_xray/train/PNEUMONIA/person1225_virus_2076.jpeg,train,PNEUMONIA,1.692307692,3.118807177,905b76a086955a5ac7283f34e96896257960a7866cd6e9e3ce1f69c3e3879658
D:/chest_xray/train/PNEUMONIA/person23_bacteria_105.jpeg,val,PNEUMONIA,1.434343434,2.805622826,95faaf01c6151c5a57785f4b192fcbfa18aa48c64d8138358f59be5d9858ce45
D:/chest_xray/train/PNEUMONIA/person458_bacteria_1954.jpeg,val,PNEUMONIA,1.157303371,2.826690598,95501faaea81381f547e0af03183e39f31da304eb1da3ec0c5de9787fc72d2e0
D:/chest_xray/train/PNEUMONIA/person510_bacteria_2147.jpeg,test,PNEUMONIA,1.116071429,2.924273041,914a3b7776a0101628fda3c827853f0fb734a710bf0124058a5f4eef1efba3ea
D:/chest_xray/train/PNEUMONIA/person584_virus_1128.jpeg,train,PNEUMONIA,1.804597701,3.048053519,d0ab7e94d7c27f0ac5242d92adf0cf81696ac7a5694a95f4c70f296996940e1e
D:/chest_xray/train/PNEUMONIA/person1493_bacteria_3899.jpeg,train,PNEUMONIA,1.821428571,3.171836996,d0422fadee903e0b787978e03c276d363da47e96b5a4071cf52c03c42f0f38fc
D:/chest_xray/train/PNEUMONIA/person266_bacteria_1248.jpeg,train,PNEUMONIA,1.68,2.971078976,902a2afdfbc05f0f561e5d20547a5bd23f0fe3d72fc782c720d214b465b210b5
D:/chest_xray/train/PNEUMONIA/person293_virus_605.jpeg,train,PNEUMONIA,1.634408602,2.72222689,d2cc7540442b49b509b28bb32b01b1e3bb4badacb3c88ecd3ced18ed8e6d8cae
D:/chest_xray/train/PNEUMONIA/person1507_bacteria_3935.jpeg,train,PNEUMONIA,1.313609467,3.221361768,90ee2910ea915e4a146d407518251ca549e619e710f36fcb3def7bf94f59385a
D:/chest_xray/train/PNEUMONIA/person309_bacteria_1447.jpeg,train,PNEUMONIA,1.626506024,2.908459967,d1fe6fd5c6135e7ecf2ccf747d84c5c44d088588c380cf28d3a4c7a33ae07294
D:/chest_xray/train/PNEUMONIA/person372_bacteria_1704.jpeg,train,PNEUMONIA,1.76056338,2.661305326,94d77ea0a2151c5e96781a05916ed7b43c3e90a81a0f38af3287397f3da74e1e
D:/chest_xray/train/PNEUMONIA/person1905_bacteria_4801.jpeg,train,PNEUMONIA,1.268456376,3.303109319,d0af3ff0c6311e6b082509b03ecb877f97483f1ae398678938a7a1e42947b137
D:/chest_xray/train/PNEUMONIA/person558_bacteria_2328.jpeg,train,PNEUMONIA,1.414364641,3.291346152,d0512daac6a53e17926a4a583969cdb46da3f0a7edb69e8fc9d286861876c9a1
D:/chest_xray/train/PNEUMONIA/person1314_virus_2269.jpeg,test,PNEUMONIA,1.583333333,2.977861833,d02d2f50ef085f2d5c3e4836194914ffc3f90f6d30fc836c4e1f1a5a4a4a5a1f
D:/chest_xray/train/PNEUMONIA/person608_virus_1175.jpeg,train,PNEUMONIA,1.615384615,2.983378375,d0027bb5c3d05e4bc42f4a701c0842983c1030b729721eb4c75f5faf79fe6b6f
D:/chest_xray/train/PNEUMONIA/person1542_virus_2683.jpeg,train,PNEUMONIA,1.516483516,3.237571006,955211fee3f41e50b40b4a7d3c2ce0b43d80b0a3cfd2b60feac09f2cb22dcf2b
D:/chest_xray/train/PNEUMONIA/person713_bacteria_2614.jpeg,train,PNEUMONIA,1.341772152,2.865528661,91fe2ba0c6271c0fd67e1a501843cae318ab82ff1de351d555c55c50ed94af8d
D:/chest_xray/train/PNEUMONIA/person878_virus_1526.jpeg,train,PNEUMONIA,1.634408602,2.849851938,c0f4ee4bb70f3d24b5b22f1b3d6127c02c7233c10e5a387d02d72c7c38f50e5e
D:/chest_xray/train/PNEUMONIA/person362_bacteria_1652.jpeg,train,PNEUMONIA,1.47761194,3.270220004,91562baae6a47e14de7a56d81c4696056983b0eb6bd6952d38d2c5247de139e5
D:/chest_xray/train/PNEUMONIA/person642_virus_1223.jpeg,train,PNEUMONIA,1.275862069,3.040264158,9540aabfe2bf1e4ad42d497d1fb8e8b949f814a541d719e158b7c3e81e14485e
D:/chest_xray/train/PNEUMONIA/person578_bacteria_2379.jpeg,train,PNEUMONIA,1.399737877,3.135250373,907e7ceaef813e17875a0e89ab5bc7290a4d83ac4b51b1e84a51b47e93a5ab46
D:/chest_xray/train/PNEUMONIA/person395_virus_788.jpeg,test,PNEUMONIA,0.987261146,3.063495767,91d53fead48f18beb1d85145350ecc1ead5cbce5ee56e5e22a77863302310833
D:/chest_xray/train/PNEUMONIA/person1403_bacteria_3557.jpeg,test,PNEUMONIA,1.313043478,3.306403604,c1403ab5d6805a4b507e69f93daf0a970dfa92bfb64b90e138c73dc4b4a46c78
D:/chest_xray/train/PNEUMONIA/person874_bacteria_2797.jpeg,train,PNEUMONIA,1.365591398,3.194036325,d550abff5714005b1a7d53e24bae1ab65fd702000a1a1f6dcbfc8b0c5eb7434a
D:/chest_xray/train/PNEUMONIA/person813_bacteria_2724.jpeg,train,PNEUMONIA,1.8,3.032675249,81ffabd4e2177e2fd6685f49345542a15c2d40e05c07f4f06fa07cbc5383161f
D:/chest_xray/train/PNEUMONIA/person1323_bacteria_3361.jpeg,train,PNEUMONIA,1.125628141,3.226691182,81557fa0ffa85a1d49744825496045ab5b1f175a4e9e485a4f2b4a6a5ff84ebc
D:/chest_xray/train/PNEUMONIA/person12_bacteria_46.jpeg,test,PNEUMONIA,1.25648855,3.383203436,d44074adf2f51fd0834a3965952f3e1eb43f6e103c0b06d93c1e348f6f0315ed
D:/chest_xray/train/PNEUMONIA/person1398_bacteria_3548.jpeg,test,PNEUMONIA,1.20625,3.163314938,d0427da0b5bf5ad1bf54ba3e3a52340d2a0c3c7878a12957b4bd3c973d4b28a5
D:/chest_xray/train/PNEUMONIA/person427_bacteria_1864.jpeg,train,PNEUMONIA,1.708333333,2.773234219,95fe688585171e7a9a611b2d1a606b0d696d69ef6dbce1af6b8f00e34bc205a4
D:/chest_xray/train/PNEUMONIA/person1691_bacteria_4481.jpeg,train,PNEUMONIA,1.299212598,3.174093611,955f7e800a131e7f5ffe7fc278e3d2c0f802f20cff0df865e481f802e082e407
D:/chest_xray/train/PNEUMONIA/person1501_virus_2611.jpeg,val,PNEUMONIA,1.6,3.140004638,80aab1b7c3d09e4ade2d4b64bd0e43b86f4930f467c2b493a2d2cf8792d26de1
D:/chest_xray/train/PNEUMONIA/person1684_bacteria_4463.jpeg,train,PNEUMONIA,1.732394366,2.925927757,d0bf6a86e3435e2d1878c2aa482c42a06ba2383069613d923f5aff3f3ef23bcb
D:/chest_xray/train/PNEUMONIA/person433_bacteria_1875.jpeg,train,PNEUMONIA,1.791666667,2.745142767,98fa6a80a71a124a872d5b5cd7005c50c1415455e1d5e1d5e9f3a7bfaadaa2fb
D:/chest_xray/train/PNEUMONIA/person1599_virus_2776.jpeg,train,PNEUMONIA,1.336538462,3.207897752,c4002fb5e2d00b40ed0f68bf0cb684b70cf7940fc1ef4f42fd24f9787f60d634
D:/chest_xray/train/PNEUMONIA/person1281_bacteria_3244.jpeg,train,PNEUMONIA,1.617606602,3.056923326,90ce65a8e7913e16c27e1b69932d4f14bc29694bb48d495ab684787ea5ac4b5e
D:/chest_xray/train/PNEUMONIA/person1745_bacteria_4584.jpeg,test,PNEUMONIA,1.4,3.044461726,817a2e8507fa05570d240cfe0d775d154d166daf5f974d054d0d5ec15de5454d
D:/chest_xray/train/PNEUMONIA/person419_virus_861.jpeg,train,PNEUMONIA,1.180904523,3.432510636,81556bbf67227603561a53585bdc5ad45aca1cc23cc2bdc33de12d634d6955e1
D:/chest_xray/train/PNEUMONIA/person559_virus_1099.jpeg,train,PNEUMONIA,1.444444444,3.13385972,d40374bb87bd5a42e72c3906816a14092860040268f4e5af3e3f6be1f6bffff8
D:/chest_xray/train/PNEUMONIA/person23_bacteria_97.jpeg,train,PNEUMONIA,1.4,3.089907365,94406bf9ae01083b807838c0c16b6eb0f18bce9ef72bc7b1f529d721ed00ff2f
D:/chest_xray/train/PNEUMONIA/person441_virus_894.jpeg,train,PNEUMONIA,1.486203616,3.158577473,d00a27f496523b6fb5346c9fbdc9ccd93c43d78fcb179121ccb03c3dc6920c12
D:/chest_xray/train/PNEUMONIA/person281_bacteria_1331.jpeg,train,PNEUMONIA,1.470588235,2.76378477,8aab2fd5c7421a2bc83d2cfc9c1645181112418f13c7197de3d43b876de5dba7
D:/chest_xray/train/PNEUMONIA/person1499_bacteria_3915.jpeg,train,PNEUMONIA,1.505376344,2.957815699,944a2db5e3803e07d31a2f48b72d4f583c61eb4b2da1e1d3ed81f8b0e58b5ad4
D:/chest_xray/train/PNEUMONIA/person819_bacteria_2730.jpeg,val,PNEUMONIA,1.636363636,2.820800621,d18a2bf5f71454021c5f407d41a05a234d37515771ff129f93deb2b492bc35ac
D:/chest_xray/train/PNEUMONIA/person427_bacteria_1868.jpeg,val,PNEUMONIA,1.704225352,2.87269873,95ea39a8e3857f17903fefdef6080279ff0df830040bfefe8602821297f8001f
D:/chest_xray/train/PNEUMONIA/person1049_virus_1746.jpeg,train,PNEUMONIA,1.443181818,3.070987676,d03b7cf5e794cb4abf0bdd2c4b603d3eb4b06d523dab32d24de8260f384a20c1
D:/chest_xray/train/PNEUMONIA/person1492_virus_2599.jpeg,train,PNEUMONIA,1.52688172,2.917535924,d1402abfe7fe5742570d421d1e09568b473f1425430f97a93d6a45b93d121d6f
D:/chest_xray/train/PNEUMONIA/person749_bacteria_2652.jpeg,train,PNEUMONIA,1.710144928,3.141137087,945a2fe0a74e385f90744962c1a7e283e8dae5d7e1dac547d569d06a5a2a5aaa
D:/chest_xray/train/PNEUMONIA/person58_bacteria_272.jpeg,train,PNEUMONIA,1.344827586,2.87504105,d00a3ad7fb421a0b1c3e53d21cd294fb07f21fe09df40fea0f2d070f47879c0b
D:/chest_xray/train/PNEUMONIA/person609_virus_1176.jpeg,train,PNEUMONIA,1.56097561,2.899819068,902f31f5c7941e4b906fcb6c2d2c90b00d1038b012d22d3fb2f0df4bfd7dd3c3
D:/chest_xray/train/PNEUMONIA/person718_virus_1316.jpeg,train,PNEUMONIA,1.418,2.784123185,9000395fe17c47a23fa5e4034bd5b797c6af86523e179287c3ca87859e1eca78
D:/chest_xray/train/PNEUMONIA/person1817_bacteria_4675.jpeg,val,PNEUMONIA,1.494949495,3.005892997,d11a65bfc7e01ec7c30c1f1cb61a4b793c2149753d81495a4da63c87e1e19f96
D:/chest_xray/train/PNEUMONIA/person1496_bacteria_3905.jpeg,train,PNEUMONIA,1.065359477,3.188692122,d06a2bf5e680da123ecfdc7c4b781def18e549631ca11c15c17e97a41e8eb04e
D:/chest_xray/train/PNEUMONIA/person371_bacteria_1694.jpeg,train,PNEUMONIA,1.5,2.928818699,c09e3d7a61e44f861a3648b51e914fac07c10f851fd22fe03f126f48e786ed2f
D:/chest_xray/train/PNEUMONIA/person112_virus_213.jpeg,train,PNEUMONIA,1.37480315,3.337632176,d14205bfc7e41a43e52f6b5abc6b613d3d30f0976d9ab49661db3882615e870c
D:/chest_xray/train/PNEUMONIA/person154_virus_306.jpeg,train,PNEUMONIA,1.231292517,3.135863779,d4afef50afd00f0f45354d164d2a4f980f1e0cb64e8a4c2ecfa6cf1e8b345383
D:/chest_xray/train/PNEUMONIA/person443_bacteria_1923.jpeg,train,PNEUMONIA,1.067164179,2.926637482,915a3bf5e2a95e52785bc87a79e835a05b96378332dcc35e8684134bc4e59687
D:/chest_xray/train/PNEUMONIA/person1147_virus_1917.jpeg,train,PNEUMONIA,0.835390947,3.037561406,902f3d412ff5a7900ad70e0b1929452c4d741df74cb640f04d961cb37d9f43fb
D:/chest_xray/train/PNEUMONIA/person1859_bacteria_4731.jpeg,val,PNEUMONIA,1.596638655,2.986417009,d00b7dade7941a428b694b2c3d2ee7bd6f513c2d43941002a0f8cf5abc3fe3d0
D:/chest_xray/train/PNEUMONIA/person580_bacteria_2388.jpeg,train,PNEUMONIA,1.534246575,2.714811438,d0ad2fd4e3425e0bd23c4b545c0b50ea6bc1ac15aad21eba34bea3872e1f54fc
D:/chest_xray/train/PNEUMONIA/person564_virus_1104.jpeg,train,PNEUMONIA,1.424528302,3.029808602,915e35bdc3b40a56904d4a48fe2fc6f42f0330a04216b787fbe26a7cb6b4c70f
D:/chest_xray/train/PNEUMONIA/person500_bacteria_2108.jpeg,train,PNEUMONIA,1.548387097,2.945065848,c02b24d4e7d21f0bc3251b2492be4f2914fc6f6030d6e3ebb6c970d3b4907ade
D:/chest_xray/train/PNEUMONIA/person581_bacteria_2392.jpeg,train,PNEUMONIA,1.625,2.909228161,95fa6ba5e216107a87291a5e87a85ebfd7a84e05c209c60d4a3f9687297f8f29
D:/chest_xray/train/PNEUMONIA/person1196_bacteria_3146.jpeg,test,PNEUMONIA,1.496732026,2.957757972,d4af6f50076a095d459474977468742860e6628f60ed422e783cea3fea1fa8fd
D:/chest_xray/train/PNEUMONIA/person105_virus_192.jpeg,val,PNEUMONIA,1.686153846,3.039219541,815721f5fa05126aebe01a42fcf948c4e4b60d92b4de4bd6b60fc6f08f49caf4
D:/chest_xray/train/PNEUMONIA/person1470_bacteria_3830.jpeg,test,PNEUMONIA,1.712121212,2.764690997,d55a6ef455575aaa0abd0192097347e80ee1496103041eff42ffc69f14d7c2be
D:/chest_xray/train/PNEUMONIA/person491_bacteria_2080.jpeg,val,PNEUMONIA,1.530120482,2.7161223,d4222fd6d3415f0555366c20f2897e487cb2fe92fe18f5c07cfa82ba02b24aaf
D:/chest_xray/train/PNEUMONIA/person1647_bacteria_4372.jpeg,train,PNEUMONIA,1.206185567,3.13751654,d45f2eb8e3d51fcbda2f8b783961d02d4ab530024aea3850f04acad1b86ad2df
D:/chest_xray/train/PNEUMONIA/person727_virus_1347.jpeg,val,PNEUMONIA,1.098228663,3.158800944,d4407caac7b51b50836a1b06296f9e2d787d2da54e1e25c2169769e1378f1b5b
D:/chest_xray/train/PNEUMONIA/person259_bacteria_1219.jpeg,train,PNEUMONIA,1.285714286,2.655198868,d5fe3ff5ff107e0a1c28c2604943382f6afc7fd33c0768942d143c9628f64594
D:/chest_xray/train/PNEUMONIA/person1242_bacteria_3198.jpeg,test,PNEUMONIA,1.27768595,2.977478818,95ea2d25c6851e5e9868694839ad69c36d8fb8a54985963cdb429e631e791bcb
D:/chest_xray/train/PNEUMONIA/person1343_bacteria_3409.jpeg,val,PNEUMONIA,1.576923077,2.863382449,914a3fd4ee101e5b9460596a140f943a8579b4a429ca01d725de7fdb97d7394b
D:/chest_xray/train/PNEUMONIA/person1320_virus_2277.jpeg,train,PNEUMONIA,1.774647887,2.730943066,95e927b0e7161a7fd278da41b83fc6b04f01bcb4c690b58b90f168d33d8cb49c
D:/chest_xray/train/PNEUMONIA/person1576_bacteria_4128.jpeg,val,PNEUMONIA,1.306122449,3.290814232,d0bf3fd097421f2b913f1ce81ca906c23ce796f30e931e9546053e149e345f2e
D:/chest_xray/train/PNEUMONIA/person427_virus_875.jpeg,train,PNEUMONIA,1.701179554,3.113550693,815fbea0ef951e4b496d4725583c47a11e5721ef8690294ab695cc65396c565f
D:/chest_xray/train/PNEUMONIA/person933_virus_1594.jpeg,train,PNEUMONIA,1.205479452,3.262997552,90177fe857111e5f1a7a5bf93dfea9f83950b969e360b841f061d1a1f0a1d084
D:/chest_xray/train/PNEUMONIA/person135_virus_271.jpeg,train,PNEUMONIA,1.717948718,2.871571161,915a25fcc6941e5bf87d4bf0bca6caf4ad023896edc9963ce950c5259a506d29
D:/chest_xray/train/PNEUMONIA/person744_bacteria_2647.jpeg,test,PNEUMONIA,1.436464088,3.001365754,995febaaa6851a56967a4a78f1e97fda71e81a83692c35e4781e44912b5a0eb0
D:/chest_xray/train/PNEUMONIA/person383_bacteria_1747.jpeg,train,PNEUMONIA,1.299912049,3.211699362,c1042fafbad53a52796f4d60548548d617eb48ff1def58d14d681e14296d087d
D:/chest_xray/train/PNEUMONIA/person859_virus_1504.jpeg,test,PNEUMONIA,1.36440678,2.947742245,815f2fb4c6820e1f1c3e41f83de5fbf5e3e11287402e86811c23f568979abc2f
D:/chest_xray/train/PNEUMONIA/person490_bacteria_2070.jpeg,train,PNEUMONIA,1.624413146,3.282180384,91fe65a8c7a11e95925aca5e396bd36d4a6db1616a07bc2761928786317e23a3
D:/chest_xray/train/PNEUMONIA/person60_bacteria_285.jpeg,test,PNEUMONIA,1.608108108,2.862258347,904b2fbdf7805e0a543c1e50c43d585278036b4038164b9739c769ff6bcb5abf
D:/chest_xray/train/PNEUMONIA/person753_virus_1378.jpeg,train,PNEUMONIA,1.358024691,2.952523113,98666ba5e6901e1ac0591f68f4a50a9275fe4f9634967fd2b40222febf0f10d6
D:/chest_xray/train/PNEUMONIA/person470_bacteria_2000.jpeg,train,PNEUMONIA,1.330275229,3.077740881,d0082bf563c05b421f2d492c3d203cb169df2de11877517f9a87186b53ff1e1e
D:/chest_xray/train/PNEUMONIA/person308_bacteria_1445.jpeg,val,PNEUMONIA,1.660181582,3.126542022,c05565ba97855a57b77c7a28e16a2fb1695307876816b3d2d6de638ac21c7868
D:/chest_xray/train/PNEUMONIA/person337_bacteria_1566.jpeg,train,PNEUMONIA,1.38961039,3.156071018,917a3fedf3a13f01963fe63cb638d450f55035403129e1f51b533825b0f20b4f
D:/chest_xray/train/PNEUMONIA/person449_bacteria_1938.jpeg,train,PNEUMONIA,1.6,3.079757356,90ee6be1ef505e7ec3744f10d03dce501c3bc8b40e833cbf05b11c3f15b61387
D:/chest_xray/train/PNEUMONIA/person286_virus_585.jpeg,train,PNEUMONIA,1.240037071,3.315211169,d40028afe2d50b50af0a6d2e4cbce5f86d943df2e1eb5903892f60d71da4b5bc
D:/chest_xray/train/PNEUMONIA/person498_bacteria_2101.jpeg,train,PNEUMONIA,1.172085646,3.19260979,81556fa2a68f7a1fc6785f2acd5a4fa349c7c5964bac859e4e341873461a4955
D:/chest_xray/train/PNEUMONIA/person124_virus_239.jpeg,train,PNEUMONIA,1.08496732,3.230296518,902e3b54728116131e0f5afe3de93ae938e535a536d2b681b61cb718b7a0a795
D:/chest_xray/train/PNEUMONIA/person334_bacteria_1542.jpeg,train,PNEUMONIA,1.352941176,2.918738258,d0b43f5af20d143c96f035e3b89693bc35a99651d1aa98abc37ecfbb0c518390
D:/chest_xray/train/PNEUMONIA/person392_bacteria_1786.jpeg,train,PNEUMONIA,1.689189189,2.806425002,95d63fa0e2051e5ec2784a53386b42f53d52503d694a386dcb6d35afb0f44da3
D:/chest_xray/train/PNEUMONIA/person90_virus_169.jpeg,val,PNEUMONIA,1.156716418,3.002690156,d15a2dbde6a01e44940f425f3e4a483b69783c3169fb39e358b651ea1e9741c7
D:/chest_xray/train/PNEUMONIA/person445_virus_913.jpeg,val,PNEUMONIA,1.507714916,3.216953005,951f7ea0aa153e15be7a1a2938787c7a7ca735960ca07d36efab43b0a050c3a5
D:/chest_xray/train/PNEUMONIA/person1937_bacteria_4853.jpeg,test,PNEUMONIA,1.283185841,3.003076848,c43b76bdc2d00b02852ecf0c7c3dfef46d87b4d483498487c3d2cd0ff2b4c961
D:/chest_xray/train/PNEUMONIA/person645_bacteria_2537.jpeg,train,PNEUMONIA,1.6443769,3.081851287,94492fffaf551a4ec2281920e13a1db63c4bceaf1f0d4dbd496a54964974b5a4
D:/chest_xray/train/PNEUMONIA/person1312_bacteria_3319.jpeg,test,PNEUMONIA,1.273972603,3.085439667,d02b2ff5ef005e2f5c3d44f47cf04cb049f41f6d0f490b5c1c2d4b4957e81a4b
D:/chest_xray/train/PNEUMONIA/person530_bacteria_2231.jpeg,val,PNEUMONIA,1.376623377,2.783784696,902a6fef62a21e47c2fe4af83869e8a56ba0a8a94de12c69cce0cd70d4f1bd69
D:/chest_xray/train/PNEUMONIA/person482_virus_984.jpeg,train,PNEUMONIA,1.234939759,3.228973583,917e6b85dea3584e59f4199718ae06a61c5286710ef3bce28ea71c75871d8e78
D:/chest_xray/train/PNEUMONIA/person77_bacteria_375.jpeg,train,PNEUMONIA,1.738636364,2.959599157,daffafe2ab011c555d7d4d603cb269fb3ed759c17083080b30d1386133cb3878
D:/chest_xray/train/PNEUMONIA/person755_virus_1382.jpeg,train,PNEUMONIA,1.124463519,3.218460648,94017bfee7fa9681d2555b40f1575fa27c17517a1d4551684f144f1a4bf01875
D:/chest_xray/train/PNEUMONIA/person363_bacteria_1654.jpeg,train,PNEUMONIA,1.111888112,3.471179335,900e6be4c7a21ed7c66b5b4f5e254f783c6149710d73147b47072d6169603d5e
D:/chest_xray/train/PNEUMONIA/person1348_virus_2324.jpeg,test,PNEUMONIA,1.420634921,2.95102197,942b2bf5eb00be0fd82c41e41c43441f4d871cc741f50f0f043f41ed6d2f7ded
D:/chest_xray/train/PNEUMONIA/person583_virus_1127.jpeg,val,PNEUMONIA,1.797752809,3.019098667,d40be6b5f750df4aa534393681b42c70e1e128d2c41725c1e87f87e06c3e97ed
D:/chest_xray/train/PNEUMONIA/person453_virus_936.jpeg,train,PNEUMONIA,1.606837607,2.819893217,dcaf6fd4e3513f2de3243c0664f42c9068f80fc978d3c2d1683be1cad21cd04f
D:/chest_xray/train/PNEUMONIA/person1565_bacteria_4095.jpeg,val,PNEUMONIA,1.225,3.028662699,910fa095c2d80a4fc3246820e0a94f0138edd3c66d3db3f5cf1f3cf4cb0f6d79
D:/chest_xray/train/PNEUMONIA/person409_virus_820.jpeg,train,PNEUMONIA,1.210526316,3.244909486,d4006fbf6ed10e520d7c4bf42cb448b244b278b2f0be64b73c3fb6873e053c25
D:/chest_xray/train/PNEUMONIA/person494_bacteria_2090.jpeg,val,PNEUMONIA,1.352459016,3.016460062,914aabfdf3a05700d617063fde334d70be14aa1e2a92695b8f79b6d387ac1850
D:/chest_xray/train/PNEUMONIA/person363_bacteria_1653.jpeg,train,PNEUMONIA,1.132450331,2.968210988,985f6fa007d01a5b412c381644f0189f71eec7cabd6fc7a5397d97d94a5b00f0
D:/chest_xray/train/PNEUMONIA/person469_bacteria_1992.jpeg,val,PNEUMONIA,1.574257426,3.154045585,d0adafd06a00520b523f4b7a39364bfe0ead58ea4ce23d1471555d557c596987
D:/chest_xray/train/PNEUMONIA/person76_bacteria_372.jpeg,train,PNEUMONIA,1.35,3.138980183,9015297ec7a03e85d6140a59b62bcaf43e13d28ba5e33053c2f5960f71fec7a5
D:/chest_xray/train/PNEUMONIA/person502_bacteria_2122.jpeg,train,PNEUMONIA,1.376344086,2.920994785,d42b6fd02f521e0f433c1eb24ff20fa368f2e780ec92c792093559f04f3c59b4
D:/chest_xray/train/PNEUMONIA/person789_virus_1420.jpeg,val,PNEUMONIA,1.663043478,2.950428589,95fafa858217037a557d595715f70ff228a8028618a654c35d7a16964d235df7
D:/chest_xray/train/PNEUMONIA/person600_virus_1156.jpeg,test,PNEUMONIA,1.452554745,2.685469673,90007d7fe1fe2aaabe85c55459c6a18dcf380eb134f3b5c3334f81e84fc19d84
D:/chest_xray/train/PNEUMONIA/person756_bacteria_2660.jpeg,train,PNEUMONIA,1.547945205,3.139971348,80a82bf57f005c03fa7d7ae03a07ea1cbfb43c0eb4ac96aaf4ae97aa142b10fa
D:/chest_xray/train/PNEUMONIA/person124_virus_250.jpeg,train,PNEUMONIA,1.347107438,3.308970848,955f3aa0e3f83ffb81000f80000f1fef38163dfe08003cbd0fb43e3ff2f42bf0
D:/chest_xray/train/PNEUMONIA/person757_virus_1385.jpeg,val,PNEUMONIA,1.757973734,2.829413764,d40054fea7a00a958256074a7a8b875497ae1bfd87e9e7af4b4a97ea0a95a07e
D:/chest_xray/train/PNEUMONIA/person955_virus_1627.jpeg,train,PNEUMONIA,1.569767442,3.033412537,d0ff6a50e7c21f0f492d87b4281681ba169f38f187c304f93ac1cfe0f4e1c7c6
D:/chest_xray/train/PNEUMONIA/person1069_bacteria_3003.jpeg,train,PNEUMONIA,1.228346457,3.135845987,d04a3bfd5e80165b187d096039e639fea1f93ca0b618a79cbd29a529ab9aab43
D:/chest_xray/train/PNEUMONIA/person864_virus_1509.jpeg,train,PNEUMONIA,1.358974359,2.987169944,d14a35f5c2b01a42802dcb54bf6bef7d6f38387440400c3468d6efa73cf1797a
D:/chest_xray/train/PNEUMONIA/person72_bacteria_352.jpeg,train,PNEUMONIA,1.25,3.18656179,905f6fa8a7d51a5e8768193c87f01c3b49f0151e52f2978f1e9a3792169e13d2
D:/chest_xray/train/PNEUMONIA/person1312_bacteria_3318.jpeg,val,PNEUMONIA,1.429577465,3.005546467,90bd2f10af4a3c7504345c521c5b0f5d0e5f463f5c3e55be4f8a38ba2a162cb7
D:/chest_xray/train/PNEUMONIA/person486_bacteria_2052.jpeg,train,PNEUMONIA,1.445544554,2.906608671,80ea2ba0e6153e0ed67a12601863c23d386358e7c78718e686f41fde3cf7cfd2
D:/chest_xray/train/PNEUMONIA/person979_bacteria_2905.jpeg,train,PNEUMONIA,1.536398467,2.893931559,91856d16e6683969eda73896e5932cdab194ce5bcce7ce430c61cfc70c706187
D:/chest_xray/train/PNEUMONIA/person442_virus_899.jpeg,train,PNEUMONIA,1.440860215,2.81475606,c0ee7ac06542470a3c0f942ec7a40f053d351f375f1f1f1e1e331f5777436161
D:/chest_xray/train/PNEUMONIA/person1234_bacteria_3189.jpeg,train,PNEUMONIA,1.529411765,2.879861931,90af3b05405f1a7e58f87948b1b549869896d9989689d8dcc969d85fe8eccc4f
D:/chest_xray/train/PNEUMONIA/person24_bacteria_112.jpeg,val,PNEUMONIA,1.506986028,3.177429525,d45f7ea0b7d01e4a976f3d2d81343db469763d2628b60f493e5f478510123d2c
D:/chest_xray/train/PNEUMONIA/person837_bacteria_2753.jpeg,train,PNEUMONIA,1.469387755,2.884087876,d0ae3bd0f01f187c14e092d21d8e90da6f029e574c634e333e93fcb5c79c85bc
D:/chest_xray/train/PNEUMONIA/person1609_virus_2790.jpeg,train,PNEUMONIA,1.718446602,3.026761833,d02b2df4e7901e4a962fcb2c1c25c03f0d5a182fc1f41d0efd06c7c0fc3df1f4
D:/chest_xray/train/PNEUMONIA/person326_bacteria_1507.jpeg,train,PNEUMONIA,1.394736842,2.896097021,cc0b3ef5d3c04b0a162d48709f204ef81c3c9a7cc92aded24f7ed3d7cb160d89
D:/chest_xray/train/PNEUMONIA/person1391_bacteria_3537.jpeg,train,PNEUMONIA,1.291044776,3.098573843,d40a2fd597501f09542e1aba0ea146950ed91c5d4f5e4f0ecbbe0b79183f43eb
D:/chest_xray/train/PNEUMONIA/person258_bacteria_1210.jpeg,train,PNEUMONIA,1.360824742,3.000716264,d14a27b5ebd01e03d21f1e6cd24a4a7978630f693c30f5693d94e0d785b53c53
D:/chest_xray/train/PNEUMONIA/person847_virus_1492.jpeg,train,PNEUMONIA,1.262569832,3.372949095,d0a92bf67f005007587f486848e86bee493a4abc0b9a03de03dd03ff2bfe2bd2
D:/chest_xray/train/PNEUMONIA/person632_virus_1211.jpeg,train,PNEUMONIA,1.514925373,3.107016081,91576da8a7813a55aa783d2068b52dfb3cff6db43d3e094b4a10383c4f215d2d
D:/chest_xray/train/PNEUMONIA/person493_virus_999.jpeg,train,PNEUMONIA,1.691489362,3.158085073,904f65adc6953e4be42d3b45f9676b043c6b6bc6b5ad685a87c338e2a16a34a0
D:/chest_xray/train/PNEUMONIA/person1349_bacteria_3439.jpeg,train,PNEUMONIA,1.516129032,3.120624398,d0af3ed42f4a3f092d3414b44dd2046926cd6f6f356d57c6438fd2a2c2acaa8b
D:/chest_xray/train/PNEUMONIA/person1922_bacteria_4830.jpeg,val,PNEUMONIA,1.45,3.070075764,c5ff3f91d7927b4e386cc2606d813085639265163294f152d6a1b9527baddf05
D:/chest_xray/train/PNEUMONIA/person7_bacteria_25.jpeg,train,PNEUMONIA,1.585034014,2.780097525,950155ffe0fa2ea0ae9146da2acbe1e92fad3d0f4f0a0b41e1e8d3a9385f31c2
D:/chest_xray/train/PNEUMONIA/person106_virus_194.jpeg,val,PNEUMONIA,1.749148695,3.298639099,d10aa5f5e6c01a4fe63c4f09bc37cb783c3570da6da4301f67e192d63169c784
D:/chest_xray/train/PNEUMONIA/person23_bacteria_101.jpeg,train,PNEUMONIA,1.272727273,2.867699934,902aaab1ef103d5fd1794ac138af4296788a529ecb1a3e3fe90f3905b856e347
D:/chest_xray/train/PNEUMONIA/person1093_bacteria_3033.jpeg,train,PNEUMONIA,1.411214953,2.866985878,d1422ab5568012025a3f48f418e22adf3bd51ac600cb3ffa6b5a17f73f782abd
D:/chest_xray/train/PNEUMONIA/person23_bacteria_83.jpeg,train,PNEUMONIA,1.233009709,3.135439325,95ff3baaee001e17387e03d03ea5515f4fa47845318e4e149e3297c05a3c9b6b
D:/chest_xray/train/PNEUMONIA/person373_bacteria_1709.jpeg,train,PNEUMONIA,1.739130435,2.937962652,d4eb6fd0a74b1d2dc5b42d23b4f11a6938693eca6cdb66926c984d25836c096d
D:/chest_xray/train/PNEUMONIA/person314_virus_639.jpeg,train,PNEUMONIA,1.302816901,3.314673216,91556bbac2a01a41404b4e505c5b4bfd1d3f11ef4b0f11e743c330bf37c3696f
D:/chest_xray/train/PNEUMONIA/person1526_bacteria_3986.jpeg,train,PNEUMONIA,1.342342342,3.345541834,80022ba8c2805e47d83d587a38ff43fe1bde515f4bda5a56ead2de14fa18cb03
D:/chest_xray/train/PNEUMONIA/person1076_bacteria_3016.jpeg,train,PNEUMONIA,1.490196078,3.134767018,94af6aa0ef113d5e853a1a8d216c1fa5797545a76cf6e7966f121078460b1e78
D:/chest_xray/train/PNEUMONIA/person1320_bacteria_3351.jpeg,train,PNEUMONIA,1.242424242,3.057699811,d10029afd7f55e501e0b487f0c7a2c78e1390dfd1fb071b65bfc3b88e38a1384
D:/chest_xray/train/PNEUMONIA/person1112_bacteria_3053.jpeg,val,PNEUMONIA,1.545454545,2.871385148,90ef2b85e6165e5a57681c70841c4b873ca575b03c7e32d7a58f30f7550f3465
D:/chest_xray/train/PNEUMONIA/person260_bacteria_1224.jpeg,train,PNEUMONIA,1.410526316,2.906429591,8abd37fa67c2af0fc30d0f2d443047f754f5c7f8c6fa54fac48a00808c1f882f
D:/chest_xray/train/PNEUMONIA/person1469_bacteria_3827.jpeg,train,PNEUMONIA,1.494252874,2.996617722,d0112ffee6803c055c5f4d7835e10585af8222aaea8eea8e6addd03acc5f5d53
D:/chest_xray/train/PNEUMONIA/person1818_bacteria_4676.jpeg,train,PNEUMONIA,1.71875,3.230656464,d4de6ef787171e2e1f2d4f247896ec82ee114848c40d8e0c9e0e9e28de2ddd4d
D:/chest_xray/train/PNEUMONIA/person1536_bacteria_4018.jpeg,val,PNEUMONIA,1.12,3.256776221,9440ebbfaffdba55cb781c0b401b1c7878f71e5038f31f9338780f0b183c1d07
D:/chest_xray/train/PNEUMONIA/person1484_bacteria_3878.jpeg,val,PNEUMONIA,1.515789474,2.899084167,9404f4bcc3d51b2fcf350f14b16a4f0c397a96c1694397e5cf0b30e1fa43872d
D:/chest_xray/train/PNEUMONIA/person82_virus_154.jpeg,train,PNEUMONIA,1.5625,3.003907768,d02b25b4c6b51a4bf92f833e1b2f80340b433077615a8716fcb46d2dff46f3c0
D:/chest_xray/train/PNEUMONIA/person464_bacteria_1975.jpeg,train,PNEUMONIA,1.255898367,3.261605581,9c152d6ae1ab1eb5b65252da9e6a42a91d78b4b93cbb3c5070b5b4703cb4407f
D:/chest_xray/train/PNEUMONIA/person77_bacteria_376.jpeg,train,PNEUMONIA,1.174311927,2.901122412,d4002bafabd50f500d0b4b551d244aaa4ac296ebcb57ff0ddbf54b42a3a16af8
D:/chest_xray/train/PNEUMONIA/person1869_bacteria_4745.jpeg,train,PNEUMONIA,1.465346535,2.929413877,917e6ea1c6153a5ed8686f25697ae4f13c9521fac4821c1ab4684e15ed68cfe5
D:/chest_xray/train/PNEUMONIA/person348_bacteria_1602.jpeg,train,PNEUMONIA,1.394230769,2.996253708,90aa2bf5e3f03f42ea2b0b293b2dcb242b8e3ebf2ef138be4634461710e1c5d1
D:/chest_xray/train/PNEUMONIA/person666_bacteria_2558.jpeg,test,PNEUMONIA,1.666666667,3.043463755,d40a2efd82c01b408f2f0b342c30edbc6cf81f3cc3cf03db86da06fa0ff30797
D:/chest_xray/train/PNEUMONIA/person465_bacteria_1982.jpeg,test,PNEUMONIA,1.640740741,3.267867792,80412bafe7801e16f67b4b5834294bf03d227ca56d2a3495614b5cb579f2cf8f
D:/chest_xray/train/PNEUMONIA/person516_virus_1033.jpeg,train,PNEUMONIA,1.728395062,2.990429554,915529eee7a01e95ea4b52949e1ac2582a08c80d4a42b84bd2fcbf43fe3ffaf8
D:/chest_xray/train/PNEUMONIA/person1640_bacteria_4348.jpeg,val,PNEUMONIA,1.686390533,2.729140407,94007c2ae1bd4af5b4a546f02e0c30f44f4094bf78c0de17ce7e1fc31f2f45f4
D:/chest_xray/train/PNEUMONIA/person1232_virus_2089.jpeg,test,PNEUMONIA,1.536082474,2.951067296,d0efb9d0e6901b0d526c4f385d2d12d24d0b34b413c36da37ad4af8369e079eb
D:/chest_xray/train/PNEUMONIA/person1199_bacteria_3149.jpeg,val,PNEUMONIA,1.128987517,3.267391215,915f2fa8c6aa1e154078095018a749933daf49cd15e81a7cc7f23eeb797a5e51
D:/chest_xray/train/PNEUMONIA/person843_bacteria_2763.jpeg,test,PNEUMONIA,1.360465116,2.915853104,917f6aa04e153c7a4f68190fc7ae1f0ec35a1e29b1e90a0f215a478f21cfc78f
D:/chest_xray/train/PNEUMONIA/person336_bacteria_1549.jpeg,val,PNEUMONIA,1.287234043,2.882011275,90ea6f94e6123a7e82681969b42dcf963c8146f65db6c7b6c6500c5487f40f3f
D:/chest_xray/train/PNEUMONIA/person1206_virus_2051.jpeg,train,PNEUMONIA,1.1328125,2.83938476,943a6ff44b801e42c53d0df40cbdc3da1febc33f030dba6fa3093c47515255c3
D:/chest_xray/train/PNEUMONIA/person1630_bacteria_4303.jpeg,train,PNEUMONIA,1.416058394,3.363437793,d4022ffde3d03f41ed2d3ed23cd36ad23cd260f23c83749349f03c3d4b741c24
D:/chest_xray/train/PNEUMONIA/person264_bacteria_1230.jpeg,val,PNEUMONIA,1.813953488,3.004272473,d5eaff802201105f557f5f685c2257eb5de35ca249e21ca77c3228a6aa96a935
D:/chest_xray/train/PNEUMONIA/person721_virus_1340.jpeg,train,PNEUMONIA,1.506419401,2.875946042,904b3ba556021e5e90784f6114afa9ffbfaf3dfee5689f024968870aa81aa169
D:/chest_xray/train/PNEUMONIA/person8_bacteria_37.jpeg,train,PNEUMONIA,1.349924585,3.201173491,80573da0e6a11e179a6869e13da64cb72c573cae4d761c3a3c704f691e3f4b61
D:/chest_xray/train/PNEUMONIA/person596_bacteria_2449.jpeg,train,PNEUMONIA,1.452054795,3.036528195,d12a38b7e3d49b42d60fcb7c5660d6504f79de156b414d2d5a506d29c6f06f42
D:/chest_xray/train/PNEUMONIA/person1312_bacteria_3313.jpeg,train,PNEUMONIA,1.126582278,3.051297077,915fffa8ee801ace055b1d113cf42fb01caa00d747971c540f1e0f9e28fc86fe
D:/chest_xray/train/PNEUMONIA/person326_bacteria_1506.jpeg,train,PNEUMONIA,1.3046875,2.923756147,c42f3e85ab520b4f022d0aa017a045fa157e05166d975fd56fff1ea7458b55a8
D:/chest_xray/train/PNEUMONIA/person1880_bacteria_4765.jpeg,test,PNEUMONIA,1.479166667,2.930230439,d00b66bdc3d01b4bc5252f06f04fc7c03c04a0d22d87e0d987c178dfc7efcf0f
D:/chest_xray/train/PNEUMONIA/person439_virus_891.jpeg,val,PNEUMONIA,1.719101124,3.297388413,d4fcef50834f092dc53014da08e9c7e5bfccef69cf0c94784512153811bf135f
D:/chest_xray/train/PNEUMONIA/person1202_virus_2045.jpeg,test,PNEUMONIA,1.454545455,2.93210666,94002bffc7c6170b096d1e685c7c49641a68525e17575c795e5f1e17439e1e97
D:/chest_xray/train/PNEUMONIA/person1365_virus_2348.jpeg,test,PNEUMONIA,1.371428571,3.226573415,d0403dabe7a03f94ae52c35f2b6b922c433c1f68febd414282806c35ede74f87
D:/chest_xray/train/PNEUMONIA/person294_virus_610.jpeg,train,PNEUMONIA,1.533333333,2.86639929,90df6aa0c7455f5ac52cc92cc831c582de834dc383831987412f078fafcbe7ef
D:/chest_xray/train/PNEUMONIA/person325_bacteria_1502.jpeg,train,PNEUMONIA,1.73042362,3.259244659,95fb3fe8e7851e3ec2f01e52b07a4a41b46b69c33d2c79a5690f24a5696e4384
D:/chest_xray/train/PNEUMONIA/person461_bacteria_1960.jpeg,test,PNEUMONIA,1.271052632,3.354352825,d0002aff7aa05f845a1f5a5e1d6959e51de312df8acb82dbc25a1e5a1e7914b1
D:/chest_xray/train/PNEUMONIA/person1227_virus_2078.jpeg,train,PNEUMONIA,1.257668712,3.222928445,915529ace6251a55f96b796839a3618b790f182e92fc1a79907992d59a6f92f1
D:/chest_xray/train/PNEUMONIA/person779_virus_1410.jpeg,test,PNEUMONIA,1.305555556,2.93831129,d40160bf6bfc3f50e50aef41ed61ef41ed406bc5c718fc2ff1520f410e9603f0
D:/chest_xray/train/PNEUMONIA/person51_bacteria_247.jpeg,train,PNEUMONIA,1.298624754,3.262891936,90556bfae7e83ea5c6155a17f85b4e5878514168781561ef5f817874f5807d05
D:/chest_xray/train/PNEUMONIA/person343_bacteria_1583.jpeg,test,PNEUMONIA,1.424242424,3.002656918,90af2fd0c3415c2b50be594a4cb64ba31ce5c3d60d83b28f69e938eb61ca7b69
D:/chest_xray/train/PNEUMONIA/person623_bacteria_2495.jpeg,train,PNEUMONIA,1.446808511,2.928113117,d0ab2fd1470f1a2f0fbc2f9b0a834e895b0a8302ef14ba84530a554ef7577f55
D:/chest_xray/train/PNEUMONIA/person980_bacteria_2906.jpeg,train,PNEUMONIA,1.295624333,3.154441279,94006cbfe3f53fd5c34a1b49c30b0b893c2f31a52c56b0f8269db8783af1ac7a
D:/chest_xray/train/PNEUMONIA/person1454_bacteria_3778.jpeg,train,PNEUMONIA,1.491803279,3.386158379,c52b2fd1e2823a4b382c40a66d9645a6478618ee147e57ded7a7e7ed3b413861
D:/chest_xray/train/PNEUMONIA/person1583_bacteria_4144.jpeg,train,PNEUMONIA,1.4609375,3.258572998,8015eda087b65a47e7683a6d827a1e2938fd87af3878a1879ea579e0be1e5e10
D:/chest_xray/train/PNEUMONIA/person1458_virus_2501.jpeg,test,PNEUMONIA,1.208333333,2.962789183,dd403fffc3f54f5a153f1bbd181b80d3194292cbdbc09c0ad2d6df0ab4b4c050
D:/chest_xray/train/PNEUMONIA/person781_virus_1412.jpeg,train,PNEUMONIA,1.070649597,3.318553896,914a3bd4d6801a5a597c09fa39ab17c81f4b96dd83de3c8331c3b7c0b6b4a38d
D:/chest_xray/train/PNEUMONIA/person515_virus_1032.jpeg,train,PNEUMONIA,1.670588235,2.932037884,c0afef584b415b3702be2d1d20540f483c280ac36c0f8bd06d1f3cf2edea3fbe
D:/chest_xray/train/PNEUMONIA/person372_virus_755.jpeg,train,PNEUMONIA,1.575,3.270718805,d00bffb4af503f7e293c387f24bc3c732cb60d2d2e1f4b9528274b04292de1e0
D:/chest_xray/train/PNEUMONIA/person1497_bacteria_3912.jpeg,train,PNEUMONIA,1.813559322,2.781612562,954bf6a4e2921e5bd2345f2634b44f343c3c52d0344e52d6a78334f66b4368fd
D:/chest_xray/train/PNEUMONIA/person1147_virus_1919.jpeg,train,PNEUMONIA,1.533834586,3.203964661,902a6a802f951e5b05691d051c744ab21cf254b05d3e7d3f77963cbf1f870f8e
D:/chest_xray/train/PNEUMONIA/person532_virus_1054.jpeg,train,PNEUMONIA,1.588737201,2.635655877,9455fc78e1e11f85e897a5e0e6a56956b4a5680f87a0c352a4ff1b0830bfc3ad
D:/chest_xray/train/PNEUMONIA/person566_bacteria_2351.jpeg,train,PNEUMONIA,1.440860215,2.885317219,d5012afd2bf00f0983051f126d3e5eda7c1ec4cd4fcb4cadc6cb4d0b87938b83
D:/chest_xray/train/PNEUMONIA/person110_virus_207.jpeg,val,PNEUMONIA,1.489795918,2.990592951,d03b6ec0a7521b6b073d1aaf02e13e8a7ce236d77c5114523c1a35a61e5e3cfa
D:/chest_xray/train/PNEUMONIA/person315_bacteria_1466.jpeg,train,PNEUMONIA,1.577464789,2.699402601,90a93fc0d702551e84108e7124e529472f7f6f7f6f6d6f3c6b486b46694230d5
D:/chest_xray/train/PNEUMONIA/person930_bacteria_2855.jpeg,test,PNEUMONIA,1.456790123,2.762882276,c4113ef5db420f078415496b16bf46d27d43d2546daa925647b81f2dd2fc6d2a
D:/chest_xray/train/PNEUMONIA/person839_bacteria_2757.jpeg,train,PNEUMONIA,1.727272727,2.86756408,90ffbaf5e7907f4bd72f5e2f502896206d60b5c0555a55e2558a54ea54e312c8
D:/chest_xray/train/PNEUMONIA/person1310_bacteria_3295.jpeg,val,PNEUMONIA,1.628318584,2.928850072,d00affd5554b503f502042ab5bf75dff4f9e5fbe1aa80210020d087f0aaf18fe
D:/chest_xray/train/PNEUMONIA/person573_virus_1116.jpeg,val,PNEUMONIA,1.518181818,2.928373108,d0af3af5c3d00b4b9c2dcd343d2bf4fd4bc82d091040c34b970d9b78ce1f9e16
D:/chest_xray/train/PNEUMONIA/person582_bacteria_2403.jpeg,train,PNEUMONIA,1.086419753,3.243649063,d5022bf5fff65a4a570d49141d5048b54bf71ca74b5a050d5e0f47291bac593d
D:/chest_xray/train/PNEUMONIA/person457_virus_944.jpeg,train,PNEUMONIA,1.422809458,2.724596785,99df6da0a6851a47056ad330396a96bd4a491c2d46f80fd334f48d312f1f1ded
D:/chest_xray/train/PNEUMONIA/person1186_bacteria_3135.jpeg,test,PNEUMONIA,1.445544554,3.211403247,94022affe3fa1fd0561c461e5785c3cd1f3c5e1c4fbd3e84443d1e1e1c21b03e
D:/chest_xray/train/PNEUMONIA/person1441_virus_2457.jpeg,test,PNEUMONIA,1.375,3.238611658,d4517dea87a85a559b6c4bbe3a57b4eb6a7c3c2468e02856149b28973cda6187
D:/chest_xray/train/PNEUMONIA/person1014_bacteria_2945.jpeg,train,PNEUMONIA,1.308429119,3.213846936,94bd6c05071f1e2ede284d2439a4a7d72a5ff2d94b48b5a0730ecd3938c579d2
D:/chest_xray/train/PNEUMONIA/person541_virus_1071.jpeg,train,PNEUMONIA,1.570093458,3.212970905,944175afe7bd5e55a34f1b288a040700280081c06a34796fef83fbdef7cb3e57
D:/chest_xray/train/PNEUMONIA/person255_bacteria_1188.jpeg,train,PNEUMONIA,1.585858586,2.841827087,c0073d7b4b801a277d5e69fa3fc9ed2d83d40f24c5361db24d28c4ae2db4c365
D:/chest_xray/train/PNEUMONIA/person303_virus_624.jpeg,train,PNEUMONIA,1.248919086,3.263829718,81577d22a7a11e958f5f0b6a0d600db22af50d3549a4a5b44fb76bd385a84bf5
D:/chest_xray/train/PNEUMONIA/person843_virus_1485.jpeg,val,PNEUMONIA,1.516949153,2.959805954,95eb2bd47807507f516003e33bde3bbc3b903b4dbbc19b49d958d109980b90eb
D:/chest_xray/train/PNEUMONIA/person41_bacteria_208.jpeg,train,PNEUMONIA,1.588888889,2.743442835,debf7f92f20a1ab9bae1e90fb01ef87dc195151511b0a290b82fb07fc1471c41
D:/chest_xray/train/PNEUMONIA/person1310_bacteria_3304.jpeg,train,PNEUMONIA,1.572815534,3.240578976,944e2de8e7809e16ee7b1a79296d4279292f30fb69433c85e96a3c163edac780
D:/chest_xray/train/PNEUMONIA/person442_virus_898.jpeg,train,PNEUMONIA,1.791044776,2.759478017,947e6e852e970e28af203c3644962c58a5c26eb06ad8e85ee95f47be29f10f8f
D:/chest_xray/train/PNEUMONIA/person1537_bacteria_4020.jpeg,val,PNEUMONIA,1.439655172,3.400131175,d00feff5e7d41b02a92a4d342f9c45fd43a409870be74fcf2bad8a84c32c1d0d
D:/chest_xray/train/PNEUMONIA/person405_virus_805.jpeg,train,PNEUMONIA,1.52293578,2.953315972,942b6abdc3d41740c32a692abd3fe73d3d68283481903842ec7f7fc338fa83f0
D:/chest_xray/train/PNEUMONIA/person1678_bacteria_4446.jpeg,train,PNEUMONIA,1.232758621,3.002662104,91502bfdc7e00b418c07485f3dbaf8f5e3f81ac7414b8280181ed4efdfd3b878
D:/chest_xray/train/PNEUMONIA/person308_bacteria_1443.jpeg,train,PNEUMONIA,1.369047619,3.198302065,df557fe8f5805281b41f42be39703c2b4b472161b0472b57b587f256528194bf
D:/chest_xray/train/PNEUMONIA/person808_virus_1442.jpeg,train,PNEUMONIA,1.146421536,3.215329671,917e6960eba13e07da3d5a52186b5868196849b61f6342e7877e1e59c3a51e79
D:/chest_xray/train/PNEUMONIA/person1469_virus_2547.jpeg,train,PNEUMONIA,1.410878661,3.24164791,915325bcc2b41a40ef2e6a3e3c2a64bd6dc0348561873bc2e4bfed2f390b6b9c
D:/chest_xray/train/PNEUMONIA/person1411_bacteria_3607.jpeg,train,PNEUMONIA,1.129353234,3.404221547,d02d3ddc79d0e1c2070a8e0b4e3de82f2f263c3e073e93f817901e389697c3db
D:/chest_xray/train/PNEUMONIA/person26_bacteria_126.jpeg,train,PNEUMONIA,1.454545455,2.957601636,80bfaf90a5039b0b9b65db247924d6b2795974a9a695701e24175e5b1c7d16ba
D:/chest_xray/train/PNEUMONIA/person671_bacteria_2564.jpeg,train,PNEUMONIA,1.575757576,2.954669185,90157efae3a01e87b44a42883d5f516c5f2d542d4bb5ad7629d2abd2a2aa2aea
D:/chest_xray/train/PNEUMONIA/person325_bacteria_1497.jpeg,train,PNEUMONIA,1.5,2.849721168,88fa2ae5ad573d5ef56adfaa3aa992ad4b15c16569a269a2a5a06586e15a2692
D:/chest_xray/train/PNEUMONIA/person1290_bacteria_3253.jpeg,train,PNEUMONIA,1.183255814,3.082754275,d4016d2ae5bd3ed5b3541f40396c6dba6ed2a4e94e05bc686f864e16b4a08e1f
D:/chest_xray/train/PNEUMONIA/person585_virus_1129.jpeg,train,PNEUMONIA,1.255172414,3.210412497,c10b2bf5e2b54b4b7a3f687a7aa0788e6b8e1a8a685a03d81a1a51f0b7f03d4f
D:/chest_xray/train/PNEUMONIA/person1157_virus_1937.jpeg,train,PNEUMONIA,1.6,2.791937311,d42a7ef4e7d21b4bc32cc7b43936e1fdce14686ac0f34c1e60a5860b68793497
D:/chest_xray/train/PNEUMONIA/person255_bacteria_1175.jpeg,train,PNEUMONIA,1.766233766,2.67453706,d8fa6d01c74f3b7e8f243d0230f04e4334c7c2da3c0fb2d9cc781c3cc663cc3d
D:/chest_xray/train/PNEUMONIA/person279_bacteria_1315.jpeg,train,PNEUMONIA,1.321258341,3.36192408,90556daac7a75ed59e6a6bad3cd66cb969c53cc7c21407d73d27421084724e29
D:/chest_xray/train/PNEUMONIA/person305_bacteria_1437.jpeg,train,PNEUMONIA,1.615384615,2.816062888,d02b3ef5e690cb539e0bca2dcb4c3facb2526d699e113c3c69f0968278b538e0
D:/chest_xray/train/PNEUMONIA/person815_bacteria_2726.jpeg,train,PNEUMONIA,1.330798479,3.240232166,91f86e054e17187a45695905e5a4ce9683cacb399b6993c56c7ab7a86ed0b4ea
D:/chest_xray/train/PNEUMONIA/person280_bacteria_1322.jpeg,test,PNEUMONIA,1.420940171,3.092585731,915765a286857a5d867e695aa5aa5a9529cf96974d7a83d65a5f95a180783c61
D:/chest_xray/train/PNEUMONIA/person485_bacteria_2049.jpeg,train,PNEUMONIA,1.193251534,3.356121621,905529a8c2a81a45eb247acb787b6db9387b21e0285639e25b4679eed3e5696b
D:/chest_xray/train/PNEUMONIA/person1_bacteria_1.jpeg,train,PNEUMONIA,1.621867882,2.672944556,905129ebe5a8e3a46f97bc03e49be3d43f0a3cb762c5a5a9b4b4187e64a98394
D:/chest_xray/train/PNEUMONIA/person1078_bacteria_3018.jpeg,train,PNEUMONIA,1.276190476,3.019138987,902f2fd4e2141e03561c4b681c25483c4cb21d9669ce9fbeef6dc76cdf494b49
D:/chest_xray/train/PNEUMONIA/person359_bacteria_1645.jpeg,train,PNEUMONIA,1.345794393,2.972212519,d40a2bf56fc41f074c2e0c281c2509b41c3418f79ff31c579f541f1edb5ed3c2
D:/chest_xray/train/PNEUMONIA/person1073_bacteria_3008.jpeg,train,PNEUMONIA,1.562300319,2.712122764,91102daf61bf3df4c2d00bc1b4e5c3d49d235a76c78658b5e16a3e2d1b52c70b
D:/chest_xray/train/PNEUMONIA/person460_virus_948.jpeg,train,PNEUMONIA,1.421487603,2.764493969,91eb3995c6161b7ad2684b7e386012f1696d30fc71c33cb530d63dbe34b830da
D:/chest_xray/train/PNEUMONIA/person315_bacteria_1468.jpeg,train,PNEUMONIA,1.686930091,3.088632217,917a2ba0e2973e1ada787a4bb86dcab5be0e8e39698719a738e15a425a5ac296
D:/chest_xray/train/PNEUMONIA/person574_bacteria_2370.jpeg,train,PNEUMONIA,1.684931507,2.847383855,d40a2afdc7d3570f41144f545c6d4f554d414cd44ae24d4f4a0f43cba2d73cfa
D:/chest_xray/train/PNEUMONIA/person488_bacteria_2061.jpeg,train,PNEUMONIA,1.288135593,3.021220689,d0543bfe67a43e956e1b52593d696ba529e13c2178d705e35a5e43d617811872
D:/chest_xray/train/PNEUMONIA/person1648_bacteria_4375.jpeg,train,PNEUMONIA,1.743902439,3.326251085,c0bd3d52d34b3a2d9a3c4b411a078a0a01e1145714dbabaacb8f59e5babaef8f
D:/chest_xray/train/PNEUMONIA/person319_bacteria_1480.jpeg,train,PNEUMONIA,1.553370787,3.067682226,d40024bde3d41f42b72d4b3c3d24cad225ca9ecb614996ade24f878f629ed1e9
D:/chest_xray/train/PNEUMONIA/person330_virus_683.jpeg,train,PNEUMONIA,1.339805825,3.278596102,905421aec2c01e41ea0b18d639bf49fdb9e7c2dfabca3c0fea5bfa43e870e420
D:/chest_xray/train/PNEUMONIA/person361_bacteria_1651.jpeg,train,PNEUMONIA,1.533149171,3.009499939,81552fa8ea055c5fd4f07b43782f439d34af52d0970a5af0c37a1e17f4e1c6a1
D:/chest_xray/train/PNEUMONIA/person1413_virus_2423.jpeg,train,PNEUMONIA,1.265151515,3.249284945,95fa7e05ae141e78086b0a2d1d2d5f965f1e1e7b4a4f5a284a68cb497b686b49
D:/chest_xray/train/PNEUMONIA/person56_bacteria_267.jpeg,train,PNEUMONIA,1.483516484,3.091480939,8caa2abf93514f0a9b2d4c74483a9eb449b2d3e19e53c7569704e17c976ca27c
D:/chest_xray/train/PNEUMONIA/person319_bacteria_1475.jpeg,train,PNEUMONIA,1.467391304,2.71702019,91fe3e81e7175e5a9768c6313b6d98a54e306cba329c4a5310f161d64f0a7cf1
D:/chest_xray/train/PNEUMONIA/person598_bacteria_2453.jpeg,train,PNEUMONIA,1.844444444,2.723680859,9400e4bfbbd06d69c7959a4b8325392ec793396dc7a93a3cc7963e2887822c3e
D:/chest_xray/train/PNEUMONIA/person348_virus_714.jpeg,train,PNEUMONIA,1.504347826,3.209068638,c0bfaf507d031d3d48b80a2f2a820fe01eb04be03c35eb706f25dad1cbd5fad4
D:/chest_xray/train/PNEUMONIA/person986_bacteria_2913.jpeg,train,PNEUMONIA,1.11627907,3.274934581,95fe78296fc17a173e061a4a1940196a0d3e0e3a397a4dab6f8539e139a71db5
D:/chest_xray/train/PNEUMONIA/person332_bacteria_1538.jpeg,test,PNEUMONIA,1.567099567,3.215830266,d400abb5e3d43e80be0fc25e1e4ada79ca791e213a1e64a9862358fb55a53c9f
D:/chest_xray/train/PNEUMONIA/person1628_bacteria_4296.jpeg,train,PNEUMONIA,1.509433962,3.067336891,d02d2fd6c34b4b2f5e364bd01c41d2c14fc1968fc30b43a51aab43c85fb55bd3
D:/chest_xray/train/PNEUMONIA/person599_virus_1155.jpeg,test,PNEUMONIA,1.394230769,3.176477561,d5422bbfe2d52a40e90f78babdfae8fe1872820b803f1e2ee22d9b683c34c32c
D:/chest_xray/train/PNEUMONIA/person379_virus_762.jpeg,test,PNEUMONIA,1.563106796,3.042052832,d01f66a586951a02c12c3d26fdfe7f903c4b82cb080ea5edef4fb87896252d1e
D:/chest_xray/train/PNEUMONIA/person1455_virus_2487.jpeg,train,PNEUMONIA,1.671641791,2.689568165,958a3fb5f615561f12594071596350b762be3fbf3eff7fd236b41650100812c0
D:/chest_xray/train/PNEUMONIA/person298_virus_618.jpeg,test,PNEUMONIA,1.379032258,2.966137098,944269bfe3b41e50d00f5a543e1ec7195e1050654fe97a0fc7a50e36a5eb37b1
D:/chest_xray/train/PNEUMONIA/person1366_virus_2349.jpeg,test,PNEUMONIA,1.773809524,2.936482789,c0bd6252d34b382fe5346db3e4e5e2c76c6ec6347e497830978679249246cb0f
D:/chest_xray/train/PNEUMONIA/person1531_bacteria_4003.jpeg,train,PNEUMONIA,1.546296296,3.228998775,d00a0fade3401f5aa92f68fc2dd2c1df29ff1c3fcafc8d21e8e1e940fc05c940
D:/chest_xray/train/PNEUMONIA/person880_bacteria_2804.jpeg,val,PNEUMONIA,1.542168675,2.883160227,d0a93fd6de021c5a68f465827fd6df68fea05fa0f680f002a082a009f5fcbdf8
D:/chest_xray/train/PNEUMONIA/person432_virus_881.jpeg,train,PNEUMONIA,1.329113924,3.114178294,9057f5a087951a1bc67a3e2d696fc7a56963a1834803a1f8969b7af5b1f80e23
D:/chest_xray/train/PNEUMONIA/person1214_virus_2059.jpeg,train,PNEUMONIA,1.355140187,3.212674944,c03d6e90e3820f072d3f86be2cda617983ed137da9e4d3b1b8d07871b2d0fe40
D:/chest_xray/train/PNEUMONIA/person1426_bacteria_3667.jpeg,val,PNEUMONIA,1.574074074,3.088705925,945f6af423d32c01057515be3c7647fa45ba28fb05c545cf03eb83c159e82aed
D:/chest_xray/train/PNEUMONIA/person1298_virus_2228.jpeg,train,PNEUMONIA,1.419483101,2.650717008,945528aaebbf55f59450d2521a5b9769d26dc303827ac2f83e1f163daf01c30f
D:/chest_xray/train/PNEUMONIA/person275_virus_565.jpeg,train,PNEUMONIA,1.269426289,3.28107126,815729b6c6a04e4196074a551e1a743b6df93de969f969e8389669a721e2795e
D:/chest_xray/train/PNEUMONIA/person1872_bacteria_4750.jpeg,train,PNEUMONIA,1.054455446,2.756841083,95550aaa4f545f015d7553405b425f7a43fc1bed09e961e169e26b1f6b586b41
D:/chest_xray/train/PNEUMONIA/person563_bacteria_2335.jpeg,train,PNEUMONIA,1.692307692,2.796389648,91aa3fa5e5101e127c1f4a783aa11ae966a916ab3c6b87720f5ea9786b481b5f
D:/chest_xray/train/PNEUMONIA/person947_bacteria_2872.jpeg,test,PNEUMONIA,1.728571429,2.694397584,906a2ff5eb021e1f9e5c4b552e250a554b653a756b6f4a8768a669a538b74865
D:/chest_xray/train/PNEUMONIA/person549_bacteria_2307.jpeg,val,PNEUMONIA,1.474452555,2.98163323,9157b568c6853e17867a4a5ab1694b21358e63e52dcf73a4c712d4b653c2d61e
D:/chest_xray/train/PNEUMONIA/person809_bacteria_2717.jpeg,val,PNEUMONIA,1.318965517,2.889335363,c4fc6e422f0a0d2d45a47c9b64e9c6cde9c2c5949912f9f1b571797554155a3c
D:/chest_xray/train/PNEUMONIA/person534_bacteria_2253.jpeg,train,PNEUMONIA,1.174311927,2.964126169,c5102faf62f51bd41b4a4b25170f4a5d47ed4d2d4c90e5816d9be592a79685b6
D:/chest_xray/train/PNEUMONIA/person1504_bacteria_3931.jpeg,test,PNEUMONIA,1.303921569,2.937683292,9052b5ffe3a00f00d6174b5ab42968fc9fb0f8963de19e80f0fe3f01f6074b60
D:/chest_xray/train/PNEUMONIA/person1523_bacteria_3980.jpeg,train,PNEUMONIA,1.373737374,3.185983934,954a2bfce7101e0ad87acb783d68407e055a1dbec1fe05ae5db685ae1db0885e
D:/chest_xray/train/PNEUMONIA/person1338_bacteria_3395.jpeg,train,PNEUMONIA,1.451612903,2.963209623,d02b7ab5e3d23f036e0be02f38fd00b701f6385290ff03c33ca7c17c5f031bf0
D:/chest_xray/train/PNEUMONIA/person716_virus_1314.jpeg,train,PNEUMONIA,1.315789474,2.742759704,dc116ebf87d51b41912b1ba9382944ad6d14e6aee682240f54d94d5f349f8dcb
D:/chest_xray/train/PNEUMONIA/person830_bacteria_2741.jpeg,train,PNEUMONIA,1.56626506,3.114164586,d00a2bb563807706d65e4e7c1ee0525a57cd5a4ae5ad5f4378c347bcd692542d
D:/chest_xray/train/PNEUMONIA/person376_bacteria_1716.jpeg,train,PNEUMONIA,1.53125,2.796032596,916f3f94c2025e5fc6706be87c636bff3de57ffb79681812490210c2184f0a53
D:/chest_xray/train/PNEUMONIA/person1104_virus_1826.jpeg,val,PNEUMONIA,1.643678161,2.852286524,805731fe61a8478537171cab32d14b4af6bdda553e8b1740f026e07d0fe45e8b
D:/chest_xray/train/PNEUMONIA/person798_virus_1430.jpeg,train,PNEUMONIA,1.4345898,3.096342867,d4437faac7951f52ab4f2ded0c64c4906ad397fb4392183987ab7b70b4b44206
D:/chest_xray/train/PNEUMONIA/person1154_virus_1933.jpeg,train,PNEUMONIA,1.352233677,3.262899256,91576da087841a57c57e193600fa4d8138edc6961cbe84f21e1a39a9cf5a7cbf
D:/chest_xray/train/PNEUMONIA/person1539_bacteria_4022.jpeg,train,PNEUMONIA,1.611111111,2.997047324,d00b74b4e3d01f0be32c0f078a7e0387295e20f57d0f51d2e4967d0bff85eb48
D:/chest_xray/train/PNEUMONIA/person596_bacteria_2443.jpeg,train,PNEUMONIA,1.61038961,2.637343438,d0b7b6dae7cb3f27c33c2f389a6c6f30b83a4d803e1ac9602e12e9382cc3231f
D:/chest_xray/train/PNEUMONIA/person454_virus_938.jpeg,train,PNEUMONIA,1.154255319,3.39788372,98147bba47e01e470a6f29183c19a97939e1b5a4e7923fd2e1eef3967868c069
D:/chest_xray/train/PNEUMONIA/person1284_virus_2207.jpeg,train,PNEUMONIA,1.76,3.065609792,91fe2fa1c6531a5ee8696850b4936fd23c8e649e6d8a34b5ed48361ce728e5a4
D:/chest_xray/train/PNEUMONIA/person1044_bacteria_2978.jpeg,test,PNEUMONIA,1.410628019,3.193553722,98576caac3911687d65a5b5d1d79436c2d2cbaf06a7338a96bc0492fd2f0cbc2
D:/chest_xray/train/PNEUMONIA/person1046_bacteria_2980.jpeg,train,PNEUMONIA,1.247706422,2.995726687,9fff2a016417c61a5a5ed7695a6d396868f49520685231a84fb715de69d297c4
D:/chest_xray/train/PNEUMONIA/person763_bacteria_2667.jpeg,train,PNEUMONIA,1.44047619,2.782144283,91ff3fb5ff071a6a98e08a02b80fca94ab14bd85ead5fc25fc41e601ac21ac65
D:/chest_xray/train/PNEUMONIA/person1387_virus_2382.jpeg,train,PNEUMONIA,1.8,2.908579423,d02f7ad4c3c03f0bd5346db4b4f646c83c6980f60f09383dcb429fb0b8f84f0f
D:/chest_xray/train/PNEUMONIA/person423_bacteria_1858.jpeg,train,PNEUMONIA,1.532608696,2.775036817,99ff7f91e6131a4a922c0b783d65d676537815695f7557f01d74572051a054e0
D:/chest_xray/train/PNEUMONIA/person1823_bacteria_4682.jpeg,train,PNEUMONIA,1.37755102,3.143683951,d0006af55fd05e4bc23d08623cb7819a358290de15089494e577be70fd7daf7d
D:/chest_xray/train/PNEUMONIA/person499_bacteria_2103.jpeg,test,PNEUMONIA,1.36,2.86824714,d4022bf563d21f0b442b41343cb2f4b47df03cb5eaf81acb125f47873d2d4b4a
D:/chest_xray/train/PNEUMONIA/person1511_bacteria_3955.jpeg,train,PNEUMONIA,1.475247525,2.898102874,917e50a8c7951e16c65a5a19b1686f2578f0358768d4b5ab6b50e0da3ebded42
D:/chest_xray/train/PNEUMONIA/person534_bacteria_2251.jpeg,train,PNEUMONIA,1.274831244,3.356094297,911729a0c6e09e45ca5e393ac4b762943885c78cb78e6e6fe3e93a4f63658627
D:/chest_xray/train/PNEUMONIA/person1371_virus_2362.jpeg,train,PNEUMONIA,1.654320988,3.262639513,917a17e0c6851e5fb87aca617d63b0b4d2d06d8ab0f4c786ce39f2e04b43cc3c
D:/chest_xray/train/PNEUMONIA/person747_virus_1370.jpeg,train,PNEUMONIA,1.507042254,2.909996715,d0222ff5ef401f0bc72d0f04e13d4bb43c2248befdb2d0f56d6140d1e1f89cba
D:/chest_xray/train/PNEUMONIA/person1931_bacteria_4842.jpeg,train,PNEUMONIA,1.820754717,3.049732527,d0bdfa53c7023b0bcd249f327dfec7b70e1229a086812c52e7c5de1c3c68868f
D:/chest_xray/train/PNEUMONIA/person688_bacteria_2584.jpeg,train,PNEUMONIA,1.651515152,2.826353501,91446beaef801e1ed65f5a503c294f353d2558b72f92309da1ce0ba530bf07bc
D:/chest_xray/train/PNEUMONIA/person810_bacteria_2719.jpeg,test,PNEUMONIA,1.434210526,2.673907445,84426ef983d15905c58d4c08946b8dc1a84bc3c5cab7d3a953af956aab57af5e
D:/chest_xray/train/PNEUMONIA/person672_bacteria_2565.jpeg,val,PNEUMONIA,1.683544304,2.982166738,d0ea2185c7161e5ed5f44f401e6112e95b699e294b633e2c68f07b4f28bc71f9
D:/chest_xray/train/PNEUMONIA/person637_virus_1218.jpeg,train,PNEUMONIA,1.413793103,3.090605011,d540a8afc2ba0a40c32e1a9ed6af0ffd3c3c85bc285a8697a7c0b43f72d4f583
D:/chest_xray/train/PNEUMONIA/person487_bacteria_2057.jpeg,test,PNEUMONIA,1.325203252,2.937144091,855f6ba07a801e1f425e4b4d0d294af42d6b4b6fe7e1ae3aef9ec581c250c784
D:/chest_xray/train/PNEUMONIA/person1726_bacteria_4552.jpeg,train,PNEUMONIA,1.434343434,2.969062856,801f5caaa7a8d2859a969a5e9b2a1a2eb27838e02a61a86daf2d4b65ab6afe9e
D:/chest_xray/train/PNEUMONIA/person947_virus_1618.jpeg,val,PNEUMONIA,1.4125,3.219810542,905429ffc7a81ed7ea6f0f65b85bc3db3e09506d0a011861c3e81e14b8e1df3d
D:/chest_xray/train/PNEUMONIA/person1372_bacteria_3498.jpeg,train,PNEUMONIA,1.414634146,3.282406543,c41f7eaaa7d50b15b37e038f0e0e14e94d45156c4df12c5234f14b971e7a54b5
D:/chest_xray/train/PNEUMONIA/person967_virus_1640.jpeg,train,PNEUMONIA,1.808988764,3.009462036,94ff7ea1a7571f5a8769192f09341c1228f00f0a60b44b27b178726fc74fe4f1
D:/chest_xray/train/PNEUMONIA/person635_bacteria_2526.jpeg,train,PNEUMONIA,1.352551985,2.96128798,95c07815ce501a691bad4f3e12fcc6ef966d724ab32de6067986b6856cc16965
D:/chest_xray/train/PNEUMONIA/person315_bacteria_1467.jpeg,train,PNEUMONIA,1.619047619,2.892333765,94057dfbe3a00787e41a5aaabe49d2789f09c23c83c03c296af9972b6a7c9bca
D:/chest_xray/train/PNEUMONIA/person1108_virus_1833.jpeg,train,PNEUMONIA,1.543516874,3.22998275,945f09bbe3a52d853e1795be17e01fc283ee97ac1f049d7f27819c01e0afb404
D:/chest_xray/train/PNEUMONIA/person1597_bacteria_4192.jpeg,val,PNEUMONIA,1.426573427,3.284964585,94406bfd43d55f4f43ae0ebe48fe1cfa48de0f9648124f821e874fa01f854fe0
D:/chest_xray/train/PNEUMONIA/person26_bacteria_129.jpeg,train,PNEUMONIA,1.525641026,2.778358537,902a2ffee754570a56ab4bf93fe5dff55fd05d804f405500c35647c0941d4178
D:/chest_xray/train/PNEUMONIA/person88_virus_167.jpeg,train,PNEUMONIA,1.105263158,2.93145043,91117beac6e83e91d25bc25a3948948c4bc795c6510b05b45b7c85afcbf29fc5
D:/chest_xray/train/PNEUMONIA/person357_virus_736.jpeg,train,PNEUMONIA,1.342342342,3.125789308,945f7aeaeba03e85e1961697615ad74b5c1cc3414e164b6c068f4978d71a5e1e
D:/chest_xray/train/PNEUMONIA/person902_bacteria_2827.jpeg,train,PNEUMONIA,1.45,3.293444841,d5ffbff4e2805e0b526d58297ebf4a684e3c6d3d10a17c61597150505d3743c0
D:/chest_xray/train/PNEUMONIA/person615_virus_1184.jpeg,train,PNEUMONIA,1.386075949,3.201993404,d40274bfd6fd5f42b7360f50bd2b43dc3c2810f42d28143fe3c234a138f64f4b
D:/chest_xray/train/PNEUMONIA/person1306_bacteria_3274.jpeg,train,PNEUMONIA,1.4,3.070935949,842a3a0216aa0aaaaeaece9f2d5c25e08fefb975c55a2eff94d0a780f5acf005
D:/chest_xray/train/PNEUMONIA/person1067_bacteria_3001.jpeg,train,PNEUMONIA,1.256637168,2.853024791,d4402affebf82f823e0ec25a3b4a3b0f4b3d0f28382f49e63c023abcc79635c3
D:/chest_xray/train/PNEUMONIA/person36_bacteria_183.jpeg,train,PNEUMONIA,1.452631579,2.95920184,c4abaff0a3c20b4bdbad6ba4ee95e2d16c05f0d16d47b496eacaac09f05a6501
D:/chest_xray/train/PNEUMONIA/person1528_bacteria_3991.jpeg,train,PNEUMONIA,1.421052632,3.102234236,d003f4b5d2d01b4ecf3c3d40e49f6cc0b4c3cf5ab4a1ca75b529c31e3c3879a5
D:/chest_xray/train/PNEUMONIA/person45_bacteria_222.jpeg,train,PNEUMONIA,1.691056911,2.895174809,91ea27e0e3171a5bd87d6b613cb763d6358b78d6c5a0181e8de89214bd38ce15
D:/chest_xray/train/PNEUMONIA/person346_virus_709.jpeg,train,PNEUMONIA,1.557692308,3.082980957,815f65a0c6813a5fe07e2b7eb27a4a7531ef42d73d69f1d07c1634a169581c29
D:/chest_xray/train/PNEUMONIA/person26_bacteria_131.jpeg,train,PNEUMONIA,1.802816901,2.852280199,d0af2fd4474b1eafbabc0a40182140000002103e4551577d5f7e577f5f7f7feb
D:/chest_xray/train/PNEUMONIA/person1483_bacteria_3876.jpeg,val,PNEUMONIA,1.597402597,2.879330075,d44aeef5a7d53a4a836b5b6f85ac0e1618688e0549781d855c70dde1de1e5d61
D:/chest_xray/train/PNEUMONIA/person309_bacteria_1449.jpeg,train,PNEUMONIA,1.663624511,3.082040765,99abbe84eb15180fca347de5f5f56d8f108f418cdb8eeba89b49495087061965
D:/chest_xray/train/PNEUMONIA/person1375_bacteria_3509.jpeg,train,PNEUMONIA,1.65,3.000098774,d42e6ed4875b192945b458da6878e63e60f7c14710dc41ee487d70fbc93e183d
D:/chest_xray/train/PNEUMONIA/person659_virus_1243.jpeg,test,PNEUMONIA,1.234482759,2.9935579,815f29a4e2800a57b82d69003d2669df6daf78ff6bea1b8f687a10ad0b4b38f1
D:/chest_xray/train/PNEUMONIA/person60_bacteria_286.jpeg,test,PNEUMONIA,1.742424242,3.011760082,9d50bdbfe0b51ed0e10043c1be02c3a01f42d4bd4b4a9697cf823cafe3f46f0b
D:/chest_xray/train/PNEUMONIA/person366_virus_746.jpeg,train,PNEUMONIA,1.415929204,2.987066585,d0ff62a086945a1a812a3d2f79ecb7ad78f5c54304126187870b76da6fdaa4f1
D:/chest_xray/train/PNEUMONIA/person487_bacteria_2058.jpeg,train,PNEUMONIA,1.171641791,2.892082392,d8422dbff2a41a545f0f4b4f3ca9ca583d699c25c3e684e1425a95959f0de96a
D:/chest_xray/train/PNEUMONIA/person1203_bacteria_3154.jpeg,train,PNEUMONIA,1.444444444,2.96057822,917f6fa0ee021a178a795a68142d49543d974cb24f8f9fd5c73ad6964a70c4a5
D:/chest_xray/train/PNEUMONIA/person919_bacteria_2844.jpeg,test,PNEUMONIA,1.209009009,3.178656172,915e29fde3a00ed0ce134a5a3c29c83c6db838a56da79e96e9a6cfa11a5ac8bc
D:/chest_xray/train/PNEUMONIA/person1530_bacteria_4000.jpeg,test,PNEUMONIA,1.776595745,3.007800021,d4affdd087d2094fd5ad5f02157e968b482896a44e0b78e0bd16592de9a4d35a
D:/chest_xray/train/PNEUMONIA/person297_bacteria_1400.jpeg,train,PNEUMONIA,1.5,2.815698262,9fff78b0e44690ca1958962d7d6efb24f4bc3981683b8f1528974b958c314a95
D:/chest_xray/train/PNEUMONIA/person562_virus_1102.jpeg,train,PNEUMONIA,1.454545455,3.158319864,d04225adc2d13f41e93f3da6687324b578f3a4ab6b4234b46d3d5b60e334487e
D:/chest_xray/train/PNEUMONIA/person1170_virus_1970.jpeg,train,PNEUMONIA,1.577142857,2.727685655,90551beae3ea43813d07e13fc2bc3dc6718ec2a51f1d701ec3e51dd238ca61d5
D:/chest_xray/train/PNEUMONIA/person687_bacteria_2583.jpeg,train,PNEUMONIA,1.242463958,3.028617025,941b67f80fa11e55875e1a4e8b484869c1ad4cade986870acab73f0af6bcbf0a
D:/chest_xray/train/PNEUMONIA/person1658_bacteria_4402.jpeg,train,PNEUMONIA,1.438356164,3.338878263,c05f7fbaa7951e5a3b0a416c3fa05b7d01e81da16aa3a1eb3cba78d225c07495
D:/chest_xray/train/PNEUMONIA/person417_bacteria_1842.jpeg,train,PNEUMONIA,1.202702703,3.162072729,c5023efcb2d50b53152a41ad2d3e06bd6a543eed6ad761d550056949d7a9da5a
D:/chest_xray/train/PNEUMONIA/person531_bacteria_2238.jpeg,test,PNEUMONIA,1.608247423,2.917363215,92f4681b6d0f3c3a2c380f1c386c3ba54f211f6147a75f347de7e90728362877
D:/chest_xray/train/PNEUMONIA/person1009_virus_1694.jpeg,train,PNEUMONIA,1.623931624,2.99813742,917e2da0c6811a57a86aca783e4beb7bef7b388721c2041e2496e5e378793a5a
D:/chest_xray/train/PNEUMONIA/person1249_virus_2118.jpeg,train,PNEUMONIA,1.316455696,3.385626561,d40a7ff5a7f51e518b6b0b2c1c26455a0d503c7d0ed61c3f00bf47831cba56da
D:/chest_xray/train/PNEUMONIA/person807_virus_1441.jpeg,train,PNEUMONIA,1.236686391,2.912899781,d00b6bd4c3bf5f4a513559485cb85df85c75427028c25cf24fda1e962ad41eb6
D:/chest_xray/train/PNEUMONIA/person1912_bacteria_4817.jpeg,train,PNEUMONIA,1.733870968,3.209698487,95e16817861e397887673e3269c3c6d66ccae789ce11cdd1c6119cf14d91df30
D:/chest_xray/train/PNEUMONIA/person818_bacteria_2729.jpeg,train,PNEUMONIA,1.31372549,2.898975496,91553baae7a01e05d65f4a783c2ae1e76dc3396b6385196640d6472d52794f2b
D:/chest_xray/train/PNEUMONIA/person1451_virus_2480.jpeg,train,PNEUMONIA,1.561643836,2.79332447,d8e87df1d7531b6ecfa57a00d0004a03f0d7dbd3be97c6805e2f90bc943f1830
D:/chest_xray/train/PNEUMONIA/person1610_bacteria_4240.jpeg,train,PNEUMONIA,1.510869565,2.982684562,91faa795c2171a5ec07c4e62bc6dcac13d2db296cf0a38b4e3ca6e96b0f0c709
D:/chest_xray/train/PNEUMONIA/person841_bacteria_2761.jpeg,val,PNEUMONIA,1.3125,3.264570848,91003abc5a9a5e57dc3f5e749e6483f5b3f696d522dc3e94849520791c35852d
D:/chest_xray/train/PNEUMONIA/person548_bacteria_2301.jpeg,val,PNEUMONIA,1.55,2.770558387,d40a3efda3d00b41912d496234b76eda6c2d927c6d2d16d34f4916b41b6b57a5
D:/chest_xray/train/PNEUMONIA/person322_virus_655.jpeg,train,PNEUMONIA,1.38317757,3.240565315,d4002dbfe6103f40e92d0df42cf26dfa3c2f407fad2c1c1fcb04bca5695ade05
D:/chest_xray/train/PNEUMONIA/person1125_virus_1852.jpeg,train,PNEUMONIA,1.336134454,3.147411249,d4022dffe7d03f42be09695c3ca04812282a1c85680b14bf3f4a7ef6bfad7d64
D:/chest_xray/train/PNEUMONIA/person468_bacteria_1991.jpeg,train,PNEUMONIA,1.524475524,3.40966824,c002afade7967e5bd6784a3d1affc2bd196310f445e0156854501d253cf46df4
D:/chest_xray/train/PNEUMONIA/person394_bacteria_1792.jpeg,val,PNEUMONIA,1.710843373,2.655773773,d0ea6bd0e7021a2f182c0a263b22caa2ea8b3acd97de0fff92fe87cace28baa0
D:/chest_xray/train/PNEUMONIA/person34_bacteria_176.jpeg,train,PNEUMONIA,1.722846442,2.945868923,95ea2fa5c6571868c96169879c96ca5abf2dda7d6f69988f20c29285305ac6cb
D:/chest_xray/train/PNEUMONIA/person1110_bacteria_3051.jpeg,val,PNEUMONIA,1.294117647,2.841431511,d40a2ffd0b540a2a0d2c5da05cbacaa9fa2bd2addb6eb06aaae0a8e8e6e9acd2
D:/chest_xray/train/PNEUMONIA/person1217_virus_2063.jpeg,train,PNEUMONIA,1.483516484,3.041163445,d0205bff57d92a010e3f287b30f51cd71d4770ea1aea3890959591f83f9a2b3c
D:/chest_xray/train/PNEUMONIA/person1227_bacteria_3182.jpeg,train,PNEUMONIA,1.591150442,2.906954457,85a13c57864f196ccd61cd973ccb87969b4999b4c34d295b3865da4a659e92c9
D:/chest_xray/train/PNEUMONIA/person559_bacteria_2329.jpeg,test,PNEUMONIA,1.157038242,3.262950223,9155790aa7a09eaf5295865a1a6a2b6d9f727cf279e38c4b5ca96be46c949424
D:/chest_xray/train/PNEUMONIA/person471_bacteria_2006.jpeg,train,PNEUMONIA,1.316085489,3.350151601,90056beee7a43e84f21f4a5a3d6a41b50d6579a721e63c8f61de1f81385e634a
D:/chest_xray/train/PNEUMONIA/person1111_bacteria_3052.jpeg,val,PNEUMONIA,1.585106383,2.917592331,9557ba800055557a002001d755ff408800df55d4555a1fff5f705fff5fae1a2d
D:/chest_xray/train/PNEUMONIA/person896_virus_1548.jpeg,train,PNEUMONIA,1.602564103,2.990554839,95fa6a85aa1ebe78ea6d387ee7b1796b67856d4a32834f1835804f18d1814696
D:/chest_xray/train/PNEUMONIA/person1331_bacteria_3380.jpeg,train,PNEUMONIA,1.435294118,2.901547836,c02b3f90c7501b4b852d4b241cabcfd86da9d2d269a39295692d1e1d1b5f97d9
D:/chest_xray/train/PNEUMONIA/person1162_virus_1950.jpeg,train,PNEUMONIA,1.644859813,3.122828019,8c012abf83d10b42836f4b3591324fbc787cd4bc6856f0f2ecb63c7565c2cf83
D:/chest_xray/train/PNEUMONIA/person1164_virus_1956.jpeg,train,PNEUMONIA,1.063218391,2.968858755,d00a2bf54e001a43086f0bfc3be2aa7fab78ae79a25daf19ac95a397a987a0d2
D:/chest_xray/train/PNEUMONIA/person1535_bacteria_4015.jpeg,test,PNEUMONIA,1.666666667,2.886858561,81fe7fa1c617585a10e94243308e20de6d6b1c344dc64b4778f47a534a77d6b7
D:/chest_xray/train/PNEUMONIA/person357_bacteria_1639.jpeg,train,PNEUMONIA,1.107934239,3.346955303,950469eac5b91fd4cb521f4aed2f1da5f83741a49c03d0f29e4391e1836a5a3f
D:/chest_xray/train/PNEUMONIA/person1454_bacteria_3780.jpeg,train,PNEUMONIA,1.31884058,3.580745241,c42b2ef53e501b4b4d2f4cba6cd39cbbc6b48b40863cc71c4d201c395b3b5f8b
D:/chest_xray/train/PNEUMONIA/person7_bacteria_28.jpeg,test,PNEUMONIA,1.482065997,2.983776483,910539fee9ea67a02f16ce1e4e123e5a340b825d325ad27ca6149e97f695e346
D:/chest_xray/train/PNEUMONIA/person849_virus_1494.jpeg,train,PNEUMONIA,1.737373737,2.805472953,d0abb7b4c6533a4fc1342d2bb0f44f0330b661c23c1e93d2c7293878e7cbd63c
D:/chest_xray/train/PNEUMONIA/person1420_bacteria_3647.jpeg,val,PNEUMONIA,1.168316832,2.762258729,d7afabd4f050417f17f5d3f00fc91f02d80a0deb1e9668690ffa1f80616907c1
D:/chest_xray/train/PNEUMONIA/person1212_bacteria_3164.jpeg,train,PNEUMONIA,1.602564103,3.05455662,91573fa5ca14585a5079794731a669fa3f9c7bd053d05b1451c21282b0bf97af
D:/chest_xray/train/PNEUMONIA/person62_bacteria_300.jpeg,train,PNEUMONIA,1.136752137,3.068236798,91551bff6faa96807687d29f1f5e78e88e700c3810bc87e816a130fab3c53e15
D:/chest_xray/train/PNEUMONIA/person793_virus_1424.jpeg,train,PNEUMONIA,1.349056604,3.011621723,c02afe80a7d5785bd12d7c04c162668268ffd68a6ebf87ea2ebf29e09a2d6850
D:/chest_xray/train/PNEUMONIA/person1453_bacteria_3770.jpeg,test,PNEUMONIA,1.078571429,3.444589197,91572fffd6801a15107e49f41de252bd7de23ea9cb780f20da126b723a43c352
D:/chest_xray/train/PNEUMONIA/person1168_virus_1965.jpeg,train,PNEUMONIA,1.672158155,2.733263508,dd017c2ee4bf1ad0a04a06b93805a5f24ed3385fc7a16b45b1fe4691f87fe1a0
D:/chest_xray/train/PNEUMONIA/person665_virus_1250.jpeg,train,PNEUMONIA,1.75,2.774368817,90fb70f5c7d21f4bc23c0f10903a4b401c2430f0ed0b3ef478f3e5af6f426ad7
D:/chest_xray/train/PNEUMONIA/person40_bacteria_205.jpeg,train,PNEUMONIA,1.356589147,3.144831835,905429bfe2941a50da0b6a7f3cb060d33da07ac7e3c713c8685e1285b7caf3ed
D:/chest_xray/train/PNEUMONIA/person705_virus_1302.jpeg,val,PNEUMONIA,1.336633663,3.391504931,940368ffe3d51f02c30e1b4bdb6c4a25782c4b94786b78e16c3cf8af4f073c29
D:/chest_xray/train/PNEUMONIA/person58_bacteria_276.jpeg,train,PNEUMONIA,1.62924282,2.988313827,917a37a0e6913e4bee6c4a69386a92b86d3bb0b42d02b0adf3d29c3f30d28f4b
D:/chest_xray/train/PNEUMONIA/person741_bacteria_2644.jpeg,train,PNEUMONIA,1.571428571,2.699393945,8afe3902e90a4f2d1a3469e52aa72c796dd5b6df3975b1c2394e49243ac93925
D:/chest_xray/train/PNEUMONIA/person523_virus_1043.jpeg,train,PNEUMONIA,1.320895522,3.005329519,9142abbdc2f00b40c82d684a3caf697e7fea7a4a63eb1a14e10b93d6381ae1fd
D:/chest_xray/train/PNEUMONIA/person6_bacteria_22.jpeg,train,PNEUMONIA,1.234042553,3.054517061,c1553feaf6805a05d61f4ef04d4210cf794e31a5c3dcc6a1c6f6c6f404b516db
D:/chest_xray/train/PNEUMONIA/person1408_bacteria_3581.jpeg,train,PNEUMONIA,1.223602484,3.200389431,d4007cba64bdb795a3d4b3d0a3c68b660b631b0b293d816b0b7d1a5f1e4b12fc
D:/chest_xray/train/PNEUMONIA/person1877_bacteria_4761.jpeg,test,PNEUMONIA,1.408759124,3.195894746,d4003dbff2f52b542d2468f03cb46cb43d7e7c372d4b0e07083c092d4f1e4fe9
D:/chest_xray/train/PNEUMONIA/person1589_bacteria_4171.jpeg,train,PNEUMONIA,1.595505618,2.982651018,d2f4fa42b40b0d2d07e487b6393bad831e1329c10783380269831f871fff4fbf
D:/chest_xray/train/PNEUMONIA/person610_bacteria_2475.jpeg,test,PNEUMONIA,1.281609195,3.100096148,c1fc3f007a0b5a6938e5c1d13f96c59e3b68c5e13f6665ea2d3262582f1ac24e
D:/chest_xray/train/PNEUMONIA/person554_bacteria_2322.jpeg,train,PNEUMONIA,1.795698925,2.877045445,94ab3f90961b1c6d9ea43e9a1e0847541d4eeabaeb0b380f41c3586bda5a6b1f
D:/chest_xray/train/PNEUMONIA/person1050_bacteria_2984.jpeg,train,PNEUMONIA,1.532467532,2.94139226,945769eae3a1ba85af262e8e3a5d46583e1dd278ce133859c3682b878a7a2da3
D:/chest_xray/train/PNEUMONIA/person1474_virus_2557.jpeg,train,PNEUMONIA,1.581395349,2.810754954,900a2af5e7d45f4bd56d4bfd79e0c0f26b6b60f74b424e1a0a902f0d3a543be0
D:/chest_xray/train/PNEUMONIA/person1841_bacteria_4708.jpeg,train,PNEUMONIA,1.169230769,3.297498459,d4026fa9a7fd02d01a5a81265bf41c03d7b14b497d6ed2a46f463c2dfbe14b4a
D:/chest_xray/train/PNEUMONIA/person1235_bacteria_3191.jpeg,train,PNEUMONIA,1.132352941,2.972226984,90446bffe3aa3e855a134855192b4aaf1ca3185215b3119751d73df6d7be91c2
D:/chest_xray/train/PNEUMONIA/person550_virus_1090.jpeg,train,PNEUMONIA,1.414965986,3.222574037,d02babd4eb697f6a782c7d6968e838e0382b1ad2383a16d01c7896d697837c79
D:/chest_xray/train/PNEUMONIA/person65_bacteria_322.jpeg,train,PNEUMONIA,1.651388889,2.823840602,9c113c2ae0bb52f43bd0c3424b521e42f2fad65e3e0796ef67851f0f21edc381
D:/chest_xray/train/PNEUMONIA/person1333_bacteria_3386.jpeg,train,PNEUMONIA,1.651162791,3.010807225,94144fffc7401f0e533e0ad246db52d91f37c3b618f608f5c7964d2361617b0c
D:/chest_xray/train/PNEUMONIA/person1355_virus_2336.jpeg,train,PNEUMONIA,1.282608696,3.182047067,d1412fabc3a84a40c56e41bc6876e03969f7f427430f3a4bf2bd687a7c2f4a58
D:/chest_xray/train/PNEUMONIA/person486_bacteria_2054.jpeg,train,PNEUMONIA,1.19330855,3.234189305,90546baae6a03e80da174a5d1868c82d1df55cd5c1cf1bd6cadf83cb1ad2c35b
D:/chest_xray/train/PNEUMONIA/person1114_bacteria_3055.jpeg,test,PNEUMONIA,1.648173207,3.100359483,d0bf6ea1a7161a7e8b2528a424826ed379cbc6ad485c97fd4f7d10780c241de7
D:/chest_xray/train/PNEUMONIA/person1209_bacteria_3161.jpeg,train,PNEUMONIA,1.145348837,2.94682564,d40a2ff523ff0280434a1f450d550f140c1e4fbe4f965d7657f05d9255f44fd2
D:/chest_xray/train/PNEUMONIA/person1320_bacteria_3347.jpeg,train,PNEUMONIA,1.384615385,2.959761374,900a2eaa0f001e2b0aad4bf43af5cf595f0cd92e8b3c097dc9fdcbf36874482d
D:/chest_xray/train/PNEUMONIA/person1007_bacteria_2938.jpeg,val,PNEUMONIA,1.278350515,2.771897871,d4022bfdeff55fc0560b535f0d5c0b146b5d0b444b5f2d55a85428956b356bc1
D:/chest_xray/train/PNEUMONIA/person1365_bacteria_3489.jpeg,train,PNEUMONIA,1.76056338,2.978154976,d0bdeed5a7430f4d953407320d3a10b04e0a382c3a862f1f3d953d5eaf353e7a
D:/chest_xray/train/PNEUMONIA/person1500_bacteria_3916.jpeg,train,PNEUMONIA,1.219101124,3.221039518,9441fdaaa7fd5a55ab541f20b95e970a687d2dc43c3f2950970b18f130de160f
D:/chest_xray/train/PNEUMONIA/person1670_bacteria_4427.jpeg,train,PNEUMONIA,1.367647059,3.130848518,d1ff3bd4f6175e4a1e6839f038a530af3585b425916897a91c3d3d613ca53c30
D:/chest_xray/train/PNEUMONIA/person23_bacteria_78.jpeg,train,PNEUMONIA,1.75,3.285862843,906a2bf5e6823e0bd679cb583e29da3c6b68398160121cb47c96c1ef6fc3585b
D:/chest_xray/train/PNEUMONIA/person1308_bacteria_3280.jpeg,test,PNEUMONIA,1.350574713,3.011344687,90441dfee3eaef801a05ee7fce703a0efa78c6181e1d79c3c1e0de3d7e1c0680
D:/chest_xray/train/PNEUMONIA/person1350_virus_2329.jpeg,train,PNEUMONIA,1.616161616,3.044683847,d01764a0c6955a56cf683d2e85ad3ca1c0f4de96e8eaad1b6a96e5d03c2d4b4d
D:/chest_xray/train/PNEUMONIA/person565_virus_1105.jpeg,val,PNEUMONIA,1.558823529,3.072494356,d02b7a94c7923e0bbc2d2db43cf3a4f96c5b3c7c86bc0f189cb4c721699a941a
D:/chest_xray/train/PNEUMONIA/person940_virus_1609.jpeg,train,PNEUMONIA,1.528145695,2.954446825,91153bffe7402f8b9c2dc6bdaf84bc3cc31c3b85b8a58578aa853c36a2f08607
D:/chest_xray/train/PNEUMONIA/person1582_bacteria_4143.jpeg,train,PNEUMONIA,1.564814815,3.145882986,c5e8e695865a1b68d3657836f1b2483b61e0261e6ce2258b2e592dcf5e1e5e47
D:/chest_xray/train/PNEUMONIA/person1481_virus_2567.jpeg,train,PNEUMONIA,1.15245131,3.207038091,915429bec6a81a41ce0b6a5b3c22693b3df078d3c14a1b86f1deb38f304ab7bd
D:/chest_xray/train/PNEUMONIA/person1601_bacteria_4209.jpeg,val,PNEUMONIA,1.495238095,3.223015042,c5eb7e95bac06f439f3f1f0c303c1b603b6c1b2c1a5448740d25487b4db34cfe
D:/chest_xray/train/PNEUMONIA/person1847_bacteria_4716.jpeg,train,PNEUMONIA,1.631067961,3.081442467,d00b7eb5c7d41b42992b41242802800928003842e0f75d5bfef9ffff3d2fdff8
D:/chest_xray/train/PNEUMONIA/person1094_virus_1814.jpeg,train,PNEUMONIA,1.630136986,2.927462439,d0abeed0c3411b6dc5340d17101b4a08149f42cb861f9a5aef87b2d2ef4dd7de
D:/chest_xray/train/PNEUMONIA/person1855_bacteria_4727.jpeg,train,PNEUMONIA,1.578313253,2.871572451,d02bf4b0c7d01b4fd3244f06b03c4b003c2510d06c0392d6e7e9b8fffbdbcf87
D:/chest_xray/train/PNEUMONIA/person1446_bacteria_3737.jpeg,train,PNEUMONIA,1.59375,3.079317123,c06f4ad0e3421f0bc92d2db47cd666c86e6dcde3c685c878cd8dcf0e69f01c1a
D:/chest_xray/train/PNEUMONIA/person480_bacteria_2038.jpeg,train,PNEUMONIA,1.485148515,2.900237693,912a2bf5ea801e5ed27840691c25425a7eac585e45e51d5f6870ceb63c7ee9f4
D:/chest_xray/train/PNEUMONIA/person1581_bacteria_4135.jpeg,train,PNEUMONIA,1.72972973,3.126337539,91fafe85ee1458781565085604634a8208e3429669f0ff877d5ef595de166db5
D:/chest_xray/train/PNEUMONIA/person455_bacteria_1947.jpeg,train,PNEUMONIA,1.505882353,3.03417584,95002bf7f7d21f41bc1de955bdc12c47e4bfbad22e48f25e1a6d3c24d04a5124
D:/chest_xray/train/PNEUMONIA/person124_virus_242.jpeg,train,PNEUMONIA,1.320895522,3.421868327,95ea798463d126972e5b0f693b793d297969696065a169d765e230d17ad0f0e0
D:/chest_xray/train/PNEUMONIA/person738_virus_1360.jpeg,train,PNEUMONIA,1.534626039,3.280482375,915e2fa1c6851e571c6d4a691ca510b54dd32db584b4cf161e1587f9ce1e1e1f
D:/chest_xray/train/PNEUMONIA/person1168_bacteria_3115.jpeg,train,PNEUMONIA,1.483870968,2.715476195,d40a2bfdebf35fc2c30e1b4a18290b105e0a421c070a682e2ba429fdff3f2fbf
D:/chest_xray/train/PNEUMONIA/person1418_bacteria_3643.jpeg,train,PNEUMONIA,1.246153846,3.173396623,d00a2df5c2403b4bec25697838af416f3dab404f49eb387e635a3f057961d6f0
D:/chest_xray/train/PNEUMONIA/person1411_virus_2415.jpeg,train,PNEUMONIA,1.176470588,3.081330721,915f2ba0e2803a47786f486a58ea79e97bc779eb6bea7a5e28a94b43387010a5
D:/chest_xray/train/PNEUMONIA/person600_bacteria_2457.jpeg,train,PNEUMONIA,1.470588235,2.667277299,d0ef2f81c203461e16fc537037a537a561a425a561bc65a571e775b561ad69e2
D:/chest_xray/train/PNEUMONIA/person666_virus_1251.jpeg,train,PNEUMONIA,1.368421053,2.96699971,90155eeaabf5a7d52f57c54be7c55f45f547d7ca0f0f880a83818e07042ac3c1
D:/chest_xray/train/PNEUMONIA/person1109_bacteria_3050.jpeg,val,PNEUMONIA,1.5,2.775992834,d41f6ea02255104a532d5d3ee1427c28fb427e83e9e8ef8b6f4be60a684bf60b
D:/chest_xray/train/PNEUMONIA/person1017_bacteria_2948.jpeg,val,PNEUMONIA,1.463687151,2.938265154,d02bf0f4e7d29f4bcf3f0b2d99366b1a9a363a72282c218220db30f2368733e7
D:/chest_xray/train/PNEUMONIA/person482_bacteria_2044.jpeg,train,PNEUMONIA,1.722222222,3.007099607,942a29f7e3d0bf41c36f1f65d1450f05d754c7d63e0761ad6b2c4b650e343861
D:/chest_xray/train/PNEUMONIA/person76_bacteria_370.jpeg,train,PNEUMONIA,1.382113821,3.119716166,91fa6c85a6953a5e83681b07116a4e79295947e1087411edcf2f78f9fba1687a
D:/chest_xray/train/PNEUMONIA/person61_bacteria_296.jpeg,train,PNEUMONIA,1.180205415,3.114934787,917e67a8c685965ece58385ae5295c96c3c6969ecb4a961b7872b68369623387
D:/chest_xray/train/PNEUMONIA/person1391_bacteria_3536.jpeg,val,PNEUMONIA,1.313333333,3.120863836,d4affa05af420d0f053515961df206ab3eff3ce9168c38fa0eab0e9e0bf40705
D:/chest_xray/train/PNEUMONIA/person662_virus_1246.jpeg,val,PNEUMONIA,1.267973856,3.338704355,d04a2bfde6a01e521c4b416d1de45c9647d717e35e5b434a5bc269e86de81e52
D:/chest_xray/train/PNEUMONIA/person278_bacteria_1311.jpeg,train,PNEUMONIA,1.460674157,3.014465553,d08a2ff5eb802e029e0b4a583d693a41e2562a683e5b4e3b72b83e1e7b6d71e5
D:/chest_xray/train/PNEUMONIA/person1450_bacteria_3753.jpeg,train,PNEUMONIA,1.342342342,3.412379639,916bafd4c6021a4b147509f23f873bfe3bf81f807948dc80388128ff86f7382f
D:/chest_xray/train/PNEUMONIA/person656_virus_1238.jpeg,train,PNEUMONIA,1.430656934,3.215957163,d4437da897fd1f54ad7c3c1f28783c01285214833c1f1d0a3e9f0f4f9e8b3c78
D:/chest_xray/train/PNEUMONIA/person276_bacteria_1299.jpeg,train,PNEUMONIA,1.494382022,3.096812175,91fe7fa0e617be5e8e6a2b69bd2c6a3435af4b96852c3887a94a3285385aa4a1
D:/chest_xray/train/PNEUMONIA/person563_bacteria_2336.jpeg,train,PNEUMONIA,1.452380952,2.786352642,914c2faae6811a12d87a52fd3c41d2f30d675d95c51e97a538de87acce06c2f8
D:/chest_xray/train/PNEUMONIA/person309_virus_632.jpeg,train,PNEUMONIA,1.532608696,3.020410144,d40a2bfd6b805f075e1f405f2e401e0064410f410e074f5f6f417d75ea7bef57
D:/chest_xray/train/PNEUMONIA/person337_bacteria_1565.jpeg,train,PNEUMONIA,1.197674419,2.963040117,c50a6affa3d44f4ac3eb0825c036eff048bfc0807c00f1fd1b7df834a3a4296f
D:/chest_xray/train/PNEUMONIA/person617_virus_1187.jpeg,train,PNEUMONIA,1.75257732,2.983682137,917a2fa5c6173a5ef86d69a435ae43e139ad31c443083869684370e5bc6f4f4f
D:/chest_xray/train/PNEUMONIA/person440_bacteria_1897.jpeg,val,PNEUMONIA,1.425531915,2.99957839,d14a2bfde2801603d25a0c69587140eb5fcb616f6bc7396ff5f61f4171f24302
D:/chest_xray/train/PNEUMONIA/person1460_virus_2507.jpeg,val,PNEUMONIA,1.391304348,2.999699583,817a6e81e6955e5a177e47551a6bd6714f29103d43491f2992d6e7a13c2d3aca
D:/chest_xray/train/PNEUMONIA/person1411_bacteria_3599.jpeg,val,PNEUMONIA,1.150537634,3.140819501,940a2af558000157557f5afe1ae05aeb5ffa5eea1ae95ae91ae95a680aaa1ae1
D:/chest_xray/train/PNEUMONIA/person814_bacteria_2725.jpeg,train,PNEUMONIA,1.771084337,3.05059386,d12b2bf5e2825e0fd63d69693c2169613d857c2f6de13e526d3c4b4a692c4b42
D:/chest_xray/train/PNEUMONIA/person1183_bacteria_3131.jpeg,train,PNEUMONIA,1.623036649,3.207617757,90ea6885c712385efd6d692538c6c78378dbb1e1869038badfb76c301838deb5
D:/chest_xray/train/PNEUMONIA/person1679_bacteria_4452.jpeg,train,PNEUMONIA,1.607142857,3.304673319,d4036af5e7c0570b4d2c05a04da200a30a832887e895fed6fc5edbf4d3de5bf4
D:/chest_xray/train/PNEUMONIA/person1197_bacteria_3147.jpeg,train,PNEUMONIA,1.583333333,2.79479684,c17b3ea096964b5ec73e0e180d69c3a50d519435eb2ebd0ad7847524d34fc3ce
D:/chest_xray/train/PNEUMONIA/person673_bacteria_2566.jpeg,train,PNEUMONIA,1.536231884,2.963845474,91ea6ea586171a5a10684a000a0a38fb7bcf3dff7df66d56687e10d6055758f4
D:/chest_xray/train/PNEUMONIA/person70_bacteria_343.jpeg,train,PNEUMONIA,1.814285714,3.061159658,d2bf2ad5055f1faa9fac1e153934ffd17c310822687758f14a1a3c164a526c3e
D:/chest_xray/train/PNEUMONIA/person266_bacteria_1239.jpeg,train,PNEUMONIA,1.493975904,2.838287667,c0aa2ebfeed01f41d20549681f2c7a3f5d6d1a50412d1e966b6fe1a59a4b09ed
D:/chest_xray/train/PNEUMONIA/person536_bacteria_2260.jpeg,test,PNEUMONIA,1.547368421,2.740980687,d05a6fa0e7941e5ac2685b655db54bd20de341f4458630f4c1c73cafe1f03c3d
D:/chest_xray/train/PNEUMONIA/person391_bacteria_1782.jpeg,train,PNEUMONIA,1.529298751,3.359495866,d40be6b097511b6bc5306dc1c5e23ed76cfb869b685c843d0c5be1e09c1e6cf0
D:/chest_xray/train/PNEUMONIA/person581_bacteria_2400.jpeg,train,PNEUMONIA,1.731141199,2.768425997,9c00642ae0ff1ed0e20a0feb7a0085aa7bf0a03ff7af3d0943ef4f06387ee0f4
D:/chest_xray/train/PNEUMONIA/person281_bacteria_1327.jpeg,train,PNEUMONIA,1.395061728,2.699059606,94156daac3a01ac7c24b0b0fed2e4e983cba18e02de743a56dc330874fd7d6bd
D:/chest_xray/train/PNEUMONIA/person277_bacteria_1307.jpeg,train,PNEUMONIA,1.641025641,2.784621461,9dff7fe497041a4acf2f3c31c5c036997151d54070d1c7cbb4c943cabd3892a2
D:/chest_xray/train/PNEUMONIA/person998_bacteria_2927.jpeg,train,PNEUMONIA,1.243055556,3.377654991,c0af6f445ffa442b4aa168156d156d1e68bee8b9e8b9e851e854e852f94cf154
D:/chest_xray/train/PNEUMONIA/person1320_bacteria_3342.jpeg,train,PNEUMONIA,1.236641221,3.078078408,dc4008afc7d51e42492b492d3cba60d37dd57c764f7c1d29c32b1e1e50a5c1ed
D:/chest_xray/train/PNEUMONIA/person1486_bacteria_3883.jpeg,test,PNEUMONIA,1.371681416,3.050266172,c5523bfdefc05b42345f507d35f01d21b4152c513825385fa1d58b4d7a1c7a7c
D:/chest_xray/train/PNEUMONIA/person508_virus_1021.jpeg,train,PNEUMONIA,1.483495146,2.960680011,d400542ae4af36d57e54a5784bf47b52a17857d23a7691db27a578d1a1e2cc89
D:/chest_xray/train/PNEUMONIA/person350_virus_725.jpeg,train,PNEUMONIA,1.465517241,3.203364166,d10221f5e6f40b409e05c87fb2ef1e1fe17d06f4296b60d787c26d21f85a7f80
D:/chest_xray/train/PNEUMONIA/person258_bacteria_1206.jpeg,test,PNEUMONIA,1.155172414,2.965045396,c40a2efdf7d06f40d32f5b125b129a395b615e6c5b281f286d2dd81e6f412d25
D:/chest_xray/train/PNEUMONIA/person853_virus_1498.jpeg,test,PNEUMONIA,1.556701031,3.1395708,d00a35b5c3d03f4be52c3f42db704b503c30c2da3d83b0f86f5b9697e3c18787
D:/chest_xray/train/PNEUMONIA/person258_virus_539.jpeg,train,PNEUMONIA,1.361445783,3.009991764,901765aac7851e92b44a4b6c3d64c7b06fc1b4874bc23d1ed6b06f4ab2efc3c1
D:/chest_xray/train/PNEUMONIA/person711_virus_1309.jpeg,train,PNEUMONIA,1.563380282,2.983103912,914b3fa1d6141c7ac1e11d87b9be87a4694fa5a1ce03b42b4b03952983f50fbf
D:/chest_xray/train/PNEUMONIA/person621_virus_1195.jpeg,test,PNEUMONIA,1.804347826,3.05115491,d44221ffc3d21f40df2d39dabc92e3d93da078c7c3c11e1ce10f4b85386ec16c
D:/chest_xray/train/PNEUMONIA/person1438_bacteria_3718.jpeg,train,PNEUMONIA,1.718309859,2.948830812,d40aab55ebe81a005b7f41fa7f7640006fa31c0a557d490b555f69a07d4f6a2f
D:/chest_xray/train/PNEUMONIA/person30_bacteria_155.jpeg,train,PNEUMONIA,1.7625,2.81645342,c8be2f8acb0d183d8bf02fd738d66f989b4029808a498b25975d89463cdbd2f7
D:/chest_xray/train/PNEUMONIA/person547_virus_1086.jpeg,train,PNEUMONIA,1.325842697,3.118826133,d02befd4e7533f7fed367d5fece86c1768e34f8728284304283c01e00c323c78
D:/chest_xray/train/PNEUMONIA/person966_virus_1639.jpeg,val,PNEUMONIA,1.336842105,3.172242073,d05fffa0ef951a5f826f0f2d5a14c5681e15697db5e54c3471e2c4a1785221a3
D:/chest_xray/train/PNEUMONIA/person995_virus_1676.jpeg,train,PNEUMONIA,1.488888889,2.897071037,945f70eae7855a1fa97a5d2d687c248168552140c60f0b50b08bcfd4fc3cf7ed
D:/chest_xray/train/PNEUMONIA/person765_virus_1393.jpeg,train,PNEUMONIA,1.654834761,2.863225591,99e26497c65a9a69cf6d79658082694db79e6c1c828a4c50de9bd4d580695f7d
D:/chest_xray/train/PNEUMONIA/person1436_bacteria_3711.jpeg,train,PNEUMONIA,1.51754386,3.032471441,d402affdab551100552555b60d5f01480c4555fc5fed5eaf0bc50e1e1f4d578f
D:/chest_xray/train/PNEUMONIA/person1156_virus_1936.jpeg,val,PNEUMONIA,1.507070707,3.201141566,d44064bfc3f51b40c7021f01c30b03ac7914c7fc7b52e17e7eb56d3bc3e03b43
D:/chest_xray/train/PNEUMONIA/person558_virus_1098.jpeg,train,PNEUMONIA,1.26119403,3.21019715,d15425bfe2941e53ee2f697c3c81c00529213007694b1d25e8fa497a3e97fdaf
D:/chest_xray/train/PNEUMONIA/person925_virus_1582.jpeg,train,PNEUMONIA,1.595959596,3.106799152,95a13c17f47a706994e7330e3d62a5872b1433940b103b28db817b397b39f39f
D:/chest_xray/train/PNEUMONIA/person1460_virus_2509.jpeg,train,PNEUMONIA,1.282258065,3.157053961,90af2fd4d7401b0b833c0b00386d4b943dffd0f34dd338b4cf8f1d0d93d20f1d
D:/chest_xray/train/PNEUMONIA/person5_bacteria_15.jpeg,train,PNEUMONIA,1.14954955,3.264465098,954761ea63a03f05fa1f3a5db94a69e93d2b58a5380391eecb56943a9a70994b
D:/chest_xray/train/PNEUMONIA/person548_bacteria_2297.jpeg,test,PNEUMONIA,1.409090909,2.720250046,88aa2aa54e551e0ad2694b203cb74af37dc1b2d4eda638d7c1c21e3f1a784f2f
D:/chest_xray/train/PNEUMONIA/person1358_virus_2339.jpeg,train,PNEUMONIA,1.294117647,3.330116465,d04a3bf5d6805e4a1a7d427e18a21c06a2deb2863ace839f13f5353d83be37c6
D:/chest_xray/train/PNEUMONIA/person73_bacteria_357.jpeg,train,PNEUMONIA,1.393617021,3.11435735,c9103ebee2ef1ed0670f7a423c2b5a5f2d70143525e194a569ea86b5e4bb61e0
D:/chest_xray/train/PNEUMONIA/person586_virus_1130.jpeg,train,PNEUMONIA,1.527272727,3.1740662,d40076fc92d54b52833b19a1832739b469671e29095a0f92e1f26f1f9ff06d8f
D:/chest_xray/train/PNEUMONIA/person577_bacteria_2378.jpeg,train,PNEUMONIA,1.623250807,3.298620818,90076ea9ae903e02cd7b1d6548706eb57cff469f0e0b1cda969e0d1fc5844d17
D:/chest_xray/train/PNEUMONIA/person253_bacteria_1154.jpeg,train,PNEUMONIA,1.695652174,3.053796432,95a92ba1ef127e1ad0f84a50384b5a55af697c65cd705c255ad240bd0af03b7f
D:/chest_xray/train/PNEUMONIA/person86_virus_159.jpeg,train,PNEUMONIA,1.407526021,3.144433745,d00b35f5c2d01b4ac73f6f1a380b6b5c3dbc38f245c23c8765f16d4b181ec7c1
D:/chest_xray/train/PNEUMONIA/person1311_virus_2257.jpeg,train,PNEUMONIA,1.371681416,3.163962683,d4006ab7c35a1bc8c9ad0d853c9783ff3c9bc0f9078d647dc7c0765ce07c1f03
D:/chest_xray/train/PNEUMONIA/person1036_virus_1730.jpeg,train,PNEUMONIA,1.352380952,3.21755403,d4022bf5caf81f43bc2548b0388140590a29103cc23cd69c3efcffbcfefabcbc
D:/chest_xray/train/PNEUMONIA/person1280_bacteria_3243.jpeg,train,PNEUMONIA,1.310344828,3.108180226,9c1f64aae7b116d5c3621e06b16e4f0e6d1834e96c7cb4e563c669e130f16c72
D:/chest_xray/train/PNEUMONIA/person158_virus_312.jpeg,train,PNEUMONIA,1.319727891,3.365680793,d07f7ca1a7c17a52bf2e0b2d297e1ead686d05a76e0721ca1e87294a478746d4
D:/chest_xray/train/PNEUMONIA/person1598_bacteria_4198.jpeg,train,PNEUMONIA,1.495049505,3.055203053,c1002bf4d2c24a5f7c2c68787da279c659ca5bc74b481f547ad0fce19e585e74
D:/chest_xray/train/PNEUMONIA/person739_virus_1361.jpeg,train,PNEUMONIA,1.57960644,2.853356194,8015a1ffe7a83e85f4bfcfbd7e5ef0a59b164c38d297452ae150d8426a504d0a
D:/chest_xray/train/PNEUMONIA/person1107_bacteria_3048.jpeg,train,PNEUMONIA,1.41954023,3.108063749,914868056e165a786ae147a738b6c7fa7ebb97fa261f977a328787123b058702
D:/chest_xray/train/PNEUMONIA/person266_bacteria_1247.jpeg,train,PNEUMONIA,1.706666667,3.046599714,c43a6eb0b7c11b4a95241924b5903c43e54b7c92e5fafe9f6968949f687a05ad
D:/chest_xray/train/PNEUMONIA/person1544_bacteria_4037.jpeg,train,PNEUMONIA,1.240641711,3.053581904,9d502aafc1d6d6f583a91e861d634f071d2f4f2d0f07de2dc701fd0cc1211f07
D:/chest_xray/train/PNEUMONIA/person968_bacteria_2893.jpeg,train,PNEUMONIA,1.481028152,3.13995156,dd40f4bfe3d43b40c32e3f25e43b4fa43c70c6f26c4693896f429069c6d55b48
D:/chest_xray/train/PNEUMONIA/person405_bacteria_1817.jpeg,val,PNEUMONIA,1.365477338,3.395837526,c4006eaaafd11f46a96f0da5ac1424da4a5b074b4e83c6df97814a5dc6de47d7
D:/chest_xray/train/PNEUMONIA/person1037_bacteria_2971.jpeg,train,PNEUMONIA,1.714285714,2.674982145,94de7cd4e5c00fcb176f8f251f069936cf045a18cb186bb47a1e436a43c7587a
D:/chest_xray/train/PNEUMONIA/person1231_bacteria_3186.jpeg,train,PNEUMONIA,1.675675676,2.703176113,d40a2af4a3501d4b95241d321d3a1faa5e2bc6ad4ba946af43d1457557f45f69
D:/chest_xray/train/PNEUMONIA/person1685_bacteria_4465.jpeg,val,PNEUMONIA,1.677419355,2.973363736,d15421abc3ff0f50be41cb6d1b24be34cbd63dc0b891e0d69687b84bc3d0b686
D:/chest_xray/train/PNEUMONIA/person133_virus_267.jpeg,val,PNEUMONIA,1.552,3.200143799,d07a7e81fe15be5aad683c582ce1385facbe3c5b3cfc0c1f2cca0e913c2c4c81
D:/chest_xray/train/PNEUMONIA/person281_bacteria_1332.jpeg,train,PNEUMONIA,1.61038961,2.818805839,d03beea1e7d03b4b97293a2e382ccf206f24c3ac6baa3aa28ea62b68a3a46eda
D:/chest_xray/train/PNEUMONIA/person1260_bacteria_3218.jpeg,train,PNEUMONIA,1.653333333,2.69587898,91de3f90e4001a6b9cf85b6298bfdbd29d029816d6c29657c6db969696b487c1
D:/chest_xray/train/PNEUMONIA/person1300_virus_2240.jpeg,test,PNEUMONIA,1.3671875,3.177940293,d42b7cd0e3da0b2987342b1630bf02992c2d30e72d0f34ed6bd23c3f3df063e1
D:/chest_xray/train/PNEUMONIA/person1079_virus_1789.jpeg,train,PNEUMONIA,1.361111111,3.339230578,c0ab6f85be543a52096905250d1305d34d43457f073d4f0bcf2b4e8f4faec7ad
D:/chest_xray/train/PNEUMONIA/person115_virus_218.jpeg,val,PNEUMONIA,1.315436242,3.243853036,d5402df7e7840b50af2d437c3eb0649f69ca3ca36a17a5a16a5b480f3e854f5a
D:/chest_xray/train/PNEUMONIA/person494_bacteria_2088.jpeg,train,PNEUMONIA,1.058271936,3.368403301,d4026cfd92ff3b4083482f0a6d2e9629387c6da09e9668fa24a79a7365e3749e
D:/chest_xray/train/PNEUMONIA/person1424_virus_2437.jpeg,train,PNEUMONIA,1.734939759,2.90035042,915f74a0e7951a5ae0794f25382e86a11a0731aac6173962b6a16e5eb7e1d71f
D:/chest_xray/train/PNEUMONIA/person1224_virus_2074.jpeg,train,PNEUMONIA,1.755319149,3.441111099,d0fe68b5c7929e5bda7ac7295b3cb124cf12392d6186b68568c3e1c1ce1aa4c9
D:/chest_xray/train/PNEUMONIA/person1336_virus_2306.jpeg,train,PNEUMONIA,1.484536082,2.819267159,d0af0bf4a342ab4bbe2de87e2be03cb7627a25e410d631cb07859259f869e287
D:/chest_xray/train/PNEUMONIA/person531_bacteria_2237.jpeg,train,PNEUMONIA,1.247191011,2.939971744,95416bfa4bb01e05424f1a4910695fac7d786df13ca16cbd0f871d1f4ad74a47
D:/chest_xray/train/PNEUMONIA/person949_bacteria_2874.jpeg,train,PNEUMONIA,1.558441558,2.669597989,c40a2ff50540452dc1b462c9e2e9dae9e8a4d0d4f85af0b8bc1b3f8bee92e3b5
D:/chest_xray/train/PNEUMONIA/person591_virus_1139.jpeg,train,PNEUMONIA,1.61,2.961644661,d40a64bfc3f51b42e52e2f02b06b62f53d02c0f4684194294fd2b02fdff43f6d
D:/chest_xray/train/PNEUMONIA/person120_virus_226.jpeg,train,PNEUMONIA,1.25748503,3.171882375,d042fda0a7f51a4baf743b26b2fa0e89787da4a4681721ea3c973978152f4a1e
D:/chest_xray/train/PNEUMONIA/person1597_bacteria_4194.jpeg,train,PNEUMONIA,1.133333333,3.157078685,d4006af5534a4a2848ad48fa58a22ad73eaba2df2f1d90068ded3c3dc57f1d75
D:/chest_xray/train/PNEUMONIA/person1258_virus_2138.jpeg,train,PNEUMONIA,1.4,3.189376464,d42b6cf5e7d03b43e5282f06295b278c285e24f22c9b00f3c6c33c7c79c547de
D:/chest_xray/train/PNEUMONIA/person1619_bacteria_4266.jpeg,train,PNEUMONIA,1.396694215,3.379269394,914d6be4ef123e1be07f3de030d673965f9ad1f31e429238d300d0219ae3d63c
D:/chest_xray/train/PNEUMONIA/person1158_virus_1938.jpeg,train,PNEUMONIA,1.326043738,3.190462089,917a01f5e3841e17d27fcb589829c9780f1398d609c29c9fb3d88d8b925eebc3
D:/chest_xray/train/PNEUMONIA/person433_virus_882.jpeg,train,PNEUMONIA,1.197640118,2.772833424,905539fee1ea52a01503c21f078996adc2d6068b129746f2de87fb5f47f19e13
D:/chest_xray/train/PNEUMONIA/person1309_bacteria_3294.jpeg,train,PNEUMONIA,1.394495413,3.162911778,d00252afc3d41b52e92a0dad3c5f45ad3c3760f6c7d17c4be5e0cf02f0b9c343
D:/chest_xray/train/PNEUMONIA/person585_bacteria_2413.jpeg,train,PNEUMONIA,1.564356436,2.839215405,94ae2f108f120f0e093c4f2269e2c1d24f9b71cf4bec1a2d12e49a6b7cf7e3e1
D:/chest_xray/train/PNEUMONIA/person319_virus_645.jpeg,val,PNEUMONIA,1.463917526,2.672807923,955eeaa1ea077a1ae0785e21787655c2799c73d8d7185bd0d1c35e515854d783
D:/chest_xray/train/PNEUMONIA/person1512_virus_2631.jpeg,val,PNEUMONIA,1.307692308,3.270593628,817b2dd0e2847a4ab87c49703ca718d329a718df0bef8f259a786de18e39de50
D:/chest_xray/train/PNEUMONIA/person1048_virus_1744.jpeg,train,PNEUMONIA,1.292307692,3.072034254,d42b7cf4c6f23d0bedb41cd508bd0f04883683080d2c10c44b0fd6fd7b4bfefc
D:/chest_xray/train/PNEUMONIA/person1926_bacteria_4835.jpeg,train,PNEUMONIA,1.397959184,3.018663956,c01b70a9e6955a47f34d9f02396f25a12a5c29a430d668487da7a6d65da92dbf
D:/chest_xray/train/PNEUMONIA/person321_bacteria_1483.jpeg,train,PNEUMONIA,1.777777778,2.743915861,c0bd2fd0e70b1e3cc2f02b0f30784b452c75b0d36d0fb0f26d877c3db0e3a507
D:/chest_xray/train/PNEUMONIA/person1034_virus_1728.jpeg,train,PNEUMONIA,1.232758621,3.144117448,d1423bfff7b1b654385b397829f03b871a97ca1ffb983a90ed03a101a941a853
D:/chest_xray/train/PNEUMONIA/person1233_bacteria_3188.jpeg,val,PNEUMONIA,1.299212598,2.92807527,995a3bf5e7a096925e1f435c5d865a564b419e63286392e71c43496f4cd24d67
D:/chest_xray/train/PNEUMONIA/person545_bacteria_2289.jpeg,train,PNEUMONIA,1.431818182,2.833653658,9402aabfe3f21f40c32f5f6b563f434c1d0d50fc1c0a12df4f091a5fc2fc0d35
D:/chest_xray/train/PNEUMONIA/person377_bacteria_1717.jpeg,train,PNEUMONIA,1.426120114,3.215991147,c0106faab6d51e53d16b49250d254cb34bf747aa0ad2b4e96bfb7bd312c16870
D:/chest_xray/train/PNEUMONIA/person413_bacteria_1831.jpeg,train,PNEUMONIA,1.194915254,3.302898156,90557bea7a805a07505f187059694bbc0b500ad70a773eff6f1a7e705a1f1d68
D:/chest_xray/train/PNEUMONIA/person17_bacteria_56.jpeg,train,PNEUMONIA,1.347639485,3.143340748,905f34e8c7a41e95974ecb5a3d29e07d6f1434b849d2a5a170f6e34ab387b14a
D:/chest_xray/train/PNEUMONIA/person1161_virus_1948.jpeg,train,PNEUMONIA,1.403960396,3.117723736,954a21f5c2c03b4be42f693830b64bd07d8e9af76d0d923e6f6c7a1e29a4cb03
D:/chest_xray/train/PNEUMONIA/person946_bacteria_2871.jpeg,val,PNEUMONIA,1.68503937,3.007577651,d00bf694e3523e0fe93c29366872a0d3785fb0de661e389df6b54b4982b0c3a5
D:/chest_xray/train/PNEUMONIA/person21_bacteria_73.jpeg,train,PNEUMONIA,1.17039801,3.417591494,98556baac7b85ed1595f59ef594a51291dc175c74b973c8263dc16d4942d0171
D:/chest_xray/train/PNEUMONIA/person765_bacteria_2669.jpeg,train,PNEUMONIA,1.369405478,3.0646382,c03d7ed0925a1a2d85342cf234f9ce592c3cc6d8cf0994b4cf83cdb3c0d36d8f
D:/chest_xray/train/PNEUMONIA/person816_bacteria_2727.jpeg,train,PNEUMONIA,1.37037037,3.163678854,d4ab2fd48f1e1e2f492c0c1ac5a24c8accb2c7829d15c79e0fcd19e5495a59f7
D:/chest_xray/train/PNEUMONIA/person284_virus_582.jpeg,train,PNEUMONIA,1.594561187,3.241193624,8055e5aac280ba4dc37e386ec6b97e1190754b1eb0d66f92bcfe4792906f4396
D:/chest_xray/train/PNEUMONIA/person463_virus_953.jpeg,train,PNEUMONIA,1.547393365,3.073312772,944e7ef5c7951b5feb7f8f3c393484f36a5724cf8682265e92898e0908488787
D:/chest_xray/train/PNEUMONIA/person582_bacteria_2405.jpeg,train,PNEUMONIA,1.294964029,3.253702401,915a3bf562803e523c3c63782de37821e1ad798f790f758c758c3c1ec694872d
D:/chest_xray/train/PNEUMONIA/person423_bacteria_1854.jpeg,train,PNEUMONIA,1.32038835,2.914429901,dced7bd0e7d01d4b857d5b0a3925cdb218314cd34a0b2ce5ca930c5554db8f47
D:/chest_xray/train/PNEUMONIA/person1345_bacteria_3425.jpeg,train,PNEUMONIA,1.847619048,2.963744738,95faea05a05515da077b16391b61d76d5b7c4b2f4a2d594b438f50e3416f40f8
D:/chest_xray/train/PNEUMONIA/person1323_virus_2283.jpeg,train,PNEUMONIA,1.561797753,2.889467478,91faaaa58e17387a94e17886b4aa4e95b469c6a16f2937a9ce1a578ac78a78d8
D:/chest_xray/train/PNEUMONIA/person35_bacteria_180.jpeg,test,PNEUMONIA,1.393333333,3.049240934,c40a3af5d3d05f424b084a0d4f0e5daf5db4292711e12afa5d716af0697a7aea
D:/chest_xray/train/PNEUMONIA/person855_bacteria_2777.jpeg,train,PNEUMONIA,1.345238095,2.861294707,815ffea0f6833a17085a856d49b54c5282aa0b8f557e57fe5f54557047b01f25
D:/chest_xray/train/PNEUMONIA/person1507_bacteria_3945.jpeg,train,PNEUMONIA,1.529411765,3.243192312,d42befd4a3de1b6905341dd24d5947d81c5943c91861147847ca1cbe47be1f1f
D:/chest_xray/train/PNEUMONIA/person348_bacteria_1604.jpeg,val,PNEUMONIA,1.298210736,3.182850621,901565eac7bd1e95c3421b0cb94e4ef33d41e4c14fc5941ac3d6b587c1fc865b
D:/chest_xray/train/PNEUMONIA/person1690_bacteria_4475.jpeg,test,PNEUMONIA,1.130434783,3.188579591,d0402aaed2ff5e595e2f48df58ba5b5450ef1ac7718f14d23c28550f19e214b5
D:/chest_xray/train/PNEUMONIA/person1454_bacteria_3782.jpeg,train,PNEUMONIA,1.598425197,3.402042901,d4bdbe10a74a194d1d3515b43deb1efa47ba3dea10a22ea83e2d86191e3c1c1e
D:/chest_xray/train/PNEUMONIA/person540_virus_1070.jpeg,train,PNEUMONIA,1.24260355,3.042800968,c05fbc94e2941a439c364a54346a60fd39ea3cb779fa3cf738f719681a168269
D:/chest_xray/train/PNEUMONIA/person1099_bacteria_3040.jpeg,train,PNEUMONIA,1.512283894,3.261797508,817e3a85be976b5e5d7a59f14da74b874f2896a84ae02ae18ae92b6902df005d
D:/chest_xray/train/PNEUMONIA/person980_virus_1655.jpeg,train,PNEUMONIA,1.834549878,2.765160705,c0a46b752d744ba8ad545eaab55a14aaad5a87072bd5372978b5e17a2dab18a5
D:/chest_xray/train/PNEUMONIA/person1192_bacteria_3141.jpeg,val,PNEUMONIA,1.248654467,2.884279775,8157fea0c6971a5ee96869f5cda4cb07cf2f1b8c4b0912a75bc7170f96039243
D:/chest_xray/train/PNEUMONIA/person718_bacteria_2620.jpeg,train,PNEUMONIA,1.147674419,3.205722773,c14abbbfe6803a45ee2e4b78796b4d99383f61d5390678c49b82788f13834d2d
D:/chest_xray/train/PNEUMONIA/person1585_bacteria_4149.jpeg,train,PNEUMONIA,1.712643678,3.169665036,d05f6ea087d71b4f892c393408208ff1385dc5429414d941d749bc7cef0fdedd
D:/chest_xray/train/PNEUMONIA/person1619_bacteria_4270.jpeg,train,PNEUMONIA,1.536363636,3.275968203,915d6a808e573f7e1f791c6139c51d0e61f0798738c739c3ead89e0738d03bc1
D:/chest_xray/train/PNEUMONIA/person1257_bacteria_3215.jpeg,train,PNEUMONIA,1.416666667,2.673037136,910a2fadc6151c7a51e96b853c8f48788d21689fa7ec1ac348f356f05d5b52d7
D:/chest_xray/train/PNEUMONIA/person478_virus_975.jpeg,train,PNEUMONIA,1.378378378,3.187610566,815f2ff5c2821a4ff8b4508a108e810a100a901881a9b4e7fcf1fffff9c7f5e7
D:/chest_xray/train/PNEUMONIA/person53_bacteria_255.jpeg,train,PNEUMONIA,1.348557692,3.218869326,9545617fc7aa1ec0c6011e1fe05a4f79394a4fa03d64d0a78fc3c29e8e1eb8af
D:/chest_xray/train/PNEUMONIA/person410_bacteria_1825.jpeg,train,PNEUMONIA,1.428940568,3.096275756,94fb6b80ef075c0ec3281a69916a4a973c5e4487185f96ca8e5ab79aca9fd82d
D:/chest_xray/train/PNEUMONIA/person64_bacteria_319.jpeg,train,PNEUMONIA,1.614953271,2.819349118,8818217ae5ea3fa0b5054e9f3f599009cf45b5add3d40810d0355f3f3cafd23d
D:/chest_xray/train/PNEUMONIA/person1172_bacteria_3119.jpeg,test,PNEUMONIA,1.309352518,2.960153783,955f6ea1e7911a5701680f2d38b60ef02cd7d9344796696e87c3169738d6075b
D:/chest_xray/train/PNEUMONIA/person1156_virus_1935.jpeg,train,PNEUMONIA,1.544491525,3.106528182,904725bec6b01a43c72f1a52c20a5fd5b82947807e07d6f16d0b929cefd396bd
D:/chest_xray/train/PNEUMONIA/person348_virus_721.jpeg,train,PNEUMONIA,1.36440678,3.219131444,d0291b55568a520a5eff5af45bc23a821b52af4b1a433a4bdeab1b693863f871
D:/chest_xray/train/PNEUMONIA/person886_virus_1536.jpeg,train,PNEUMONIA,1.210526316,3.275550246,d5406cafc2bf2f55ed2c6dd86cad4dbc382a49ab290b583d0b0a113c2f3c7c0f
D:/chest_xray/train/PNEUMONIA/person1548_bacteria_4048.jpeg,test,PNEUMONIA,1.563218391,2.948307536,d402f5a887d53f50a77e3b16a5691ebd7875e780681625a43c1e3a5a96906b4f
D:/chest_xray/train/PNEUMONIA/person368_virus_748.jpeg,train,PNEUMONIA,1.537037037,3.31793312,d40aaebdabd53b068f3a1c2d447e4d341c7747973c3f469d5c0f51a04f1e142c
D:/chest_xray/train/PNEUMONIA/person1077_bacteria_3017.jpeg,test,PNEUMONIA,1.6375,2.785987517,900a2aaa56975a5ace281ea04d244e37182849545d47e9e26d8fdcf7cfd29ebf
D:/chest_xray/train/PNEUMONIA/person704_bacteria_2603.jpeg,train,PNEUMONIA,1.5,2.84837365,91fee9b0c6945a1ac5781a1494ba169b10fa16b2287e07b41e1e9f7ccf513b6d
D:/chest_xray/train/PNEUMONIA/person1085_virus_1797.jpeg,train,PNEUMONIA,1.701030928,3.095554116,d4afaf50c7424d2fc6ae29ba87a80e8f00f5438368a343c96c3dd3c3492f3cf3
D:/chest_xray/train/PNEUMONIA/person1216_bacteria_3168.jpeg,train,PNEUMONIA,1.75,3.167586737,92816c5eee3939654fb66d9a66cb664963ed52326973639e624d620f624962c5
D:/chest_xray/train/PNEUMONIA/person35_bacteria_178.jpeg,train,PNEUMONIA,1.251382913,3.190624611,c01539fef2e84b64be126a076b4a3c2d69fd39e878ac69fa3ce168d219c01a97
D:/chest_xray/train/PNEUMONIA/person270_virus_555.jpeg,val,PNEUMONIA,1.284810127,3.287491569,900b29d4e290be4ae22c6e00e0bf4f193c3f47c72c2f31e16f1f14bea3876d7c
D:/chest_xray/train/PNEUMONIA/person423_bacteria_1856.jpeg,train,PNEUMONIA,1.540229885,2.837990179,ddff7ff5e7401e02d36d5b2c3928d29039cb18a549d51ce758d294a53843c1c9
D:/chest_xray/train/PNEUMONIA/person1649_bacteria_4377.jpeg,train,PNEUMONIA,1.428571429,3.017492414,81e82c87ae1e3a7a89610d347972d697696835870c162c692887eefa6da9d6fe
D:/chest_xray/train/PNEUMONIA/person500_bacteria_2105.jpeg,train,PNEUMONIA,1.336633663,3.02426441,d40a2bfd6f003d026c0f673c3da07c2527203586f487b582bd87e187efc379c7
D:/chest_xray/train/PNEUMONIA/person1107_virus_1832.jpeg,val,PNEUMONIA,1.673076923,2.864865672,93a5bf87863b8969b070e5d2b9ffb0d8ed0d0430b0c2cd29bc72ef4b2d0f3848
D:/chest_xray/train/PNEUMONIA/person1319_virus_2276.jpeg,val,PNEUMONIA,1.574712644,2.90293409,d06ba5f1e7923b4bf02d4b747d2cd0b64d0178b469d25f07709053e15e2f5ad0
D:/chest_xray/train/PNEUMONIA/person424_bacteria_1859.jpeg,train,PNEUMONIA,1.410852713,3.091622345,94422ff543aa0f0505251d4605780e8a4caa4fcb2f4b2be94e5b578f5f9b55af
D:/chest_xray/train/PNEUMONIA/person333_virus_688.jpeg,test,PNEUMONIA,1.390625,3.20038159,c02927f4c3c01b01e02f687e287fc2fe28fb24ffa3df2c4fa0b7e749a8d0e490
D:/chest_xray/train/PNEUMONIA/person548_bacteria_2298.jpeg,train,PNEUMONIA,1.614457831,2.838791711,81ee3f87e6935e5a94794b652925929469a438d529750f353e5a6da1bed21968
D:/chest_xray/train/PNEUMONIA/person1418_virus_2429.jpeg,val,PNEUMONIA,1.532786885,3.094005445,95406cafc3f51e40e3041f04e37e3fec787c87a04850c0f23e0729fce7837adf
D:/chest_xray/train/PNEUMONIA/person529_bacteria_2230.jpeg,train,PNEUMONIA,1.446640316,3.19931137,9045efeac7a01e16c67e1a5ac14a4f855defc3c50d22d0f44f1f71a487067c3d
D:/chest_xray/train/PNEUMONIA/person1465_virus_2531.jpeg,val,PNEUMONIA,1.315789474,2.75826782,d5df2980f0851ad7927e5a703d696ad13c9970d939c130a549d63da7bb961724
D:/chest_xray/train/PNEUMONIA/person544_virus_1079.jpeg,train,PNEUMONIA,1.358974359,3.331039776,d02bafd5e7501f43412d43263c6b40bc4f823cff43c31e8b50fa43c23cbc3bf8
D:/chest_xray/train/PNEUMONIA/person130_virus_263.jpeg,train,PNEUMONIA,1.370629371,3.344441534,9155fda0c7be3a5787e85a6930a8498539ef31c7281eb587297a3c7439874978
D:/chest_xray/train/PNEUMONIA/person364_bacteria_1657.jpeg,train,PNEUMONIA,1.425925926,3.012100763,815a3fe9fe055a5f787879e17587596f7de0198d205a2b113631296b1a5a12da
D:/chest_xray/train/PNEUMONIA/person1455_virus_2492.jpeg,train,PNEUMONIA,1.625,2.79642581,94797bf0e3953e1eb2086a693920bd257d30196a0d1609073df40f77197f08ff
D:/chest_xray/train/PNEUMONIA/person370_bacteria_1689.jpeg,val,PNEUMONIA,1.413043478,2.8589027,81572faafc055c1ff4704ad23ce350c65de3582a49aa5445554b55ad3afa0f1f
D:/chest_xray/train/PNEUMONIA/person569_bacteria_2363.jpeg,train,PNEUMONIA,1.641025641,2.645585341,d8fc6e428709392d85b61cb265d2c69b386966a74e2646a3c78fc387e3e54d54
D:/chest_xray/train/PNEUMONIA/person388_virus_777.jpeg,train,PNEUMONIA,1.768031189,3.081911359,d410142aebffe7f56fc1bd6f61bdcbf53502882662d4c30eb41d1c4216bd8780
D:/chest_xray/train/PNEUMONIA/person59_bacteria_283.jpeg,train,PNEUMONIA,1.7,2.80588053,d42a2abfa3d41f41c1051f01932b0b81990a49f43f0f3f6debdb8f3f12f4494e
D:/chest_xray/train/PNEUMONIA/person326_virus_673.jpeg,train,PNEUMONIA,1.638655462,3.080517755,d407fdd5f5501f2bc7ac4f9a61ba7d1d38fb5283783209b0783d4f41060d6ac1
D:/chest_xray/train/PNEUMONIA/person544_virus_1080.jpeg,train,PNEUMONIA,1.486111111,3.345249536,94af6ed4c7d21b4bcb2d07343916c1283f9678ea47e17a6168e9c2e13a5878cd
D:/chest_xray/train/PNEUMONIA/person348_virus_719.jpeg,train,PNEUMONIA,1.431034483,3.29019445,91fa6815465e3efa5fe33fa57b85d6bf7898e090ce1038102f02bf106d01e32f
D:/chest_xray/train/PNEUMONIA/person399_virus_793.jpeg,test,PNEUMONIA,1.64,3.007775381,915e25b4c6931a5fc56d7b703c3763923c1ec187294230b4c71f692c79fc39b4
D:/chest_xray/train/PNEUMONIA/person519_virus_1038.jpeg,val,PNEUMONIA,1.232876712,2.992284618,915e29f586a51a46807e0a50387be7b97ffcb1b55f86bd3c8295094b30f4c718
D:/chest_xray/train/PNEUMONIA/person337_bacteria_1564.jpeg,val,PNEUMONIA,1.2875,2.956499156,c5082ebde2d42f4ad7694f173d3fc2570f16c60643c24581d2da5fc3e49eca68
D:/chest_xray/train/PNEUMONIA/person820_virus_1456.jpeg,train,PNEUMONIA,1.460425532,3.242346679,994420bfc2bd1b40c7024f2f6e09e72d6fbc7c3a64b07817e4bd69c2607b87b4
D:/chest_xray/train/PNEUMONIA/person287_bacteria_1354.jpeg,test,PNEUMONIA,1.818181818,2.73779626,d5ffbfc4c2005c5b4d795e70582ad2da4f381e358bc3ae691e3886b194b45c34
D:/chest_xray/train/PNEUMONIA/person1502_bacteria_3929.jpeg,test,PNEUMONIA,1.846153846,3.161033607,c4822ed7f5d01f01f405121200009050080b1496127f6db6f3ff7ffe7efffb7c
D:/chest_xray/train/PNEUMONIA/person37_bacteria_188.jpeg,train,PNEUMONIA,1.394230769,2.907407769,940a3bfdf6801c0a1c2d28743982284228c12a85aadaafbcafafaafbbefdab4b
D:/chest_xray/train/PNEUMONIA/person396_virus_789.jpeg,train,PNEUMONIA,1.72972973,2.909445851,957b6aa1e6973a5eba7cca282a010021a2812887a087e39c3c3dbfcfe6dee79e
D:/chest_xray/train/PNEUMONIA/person842_virus_1483.jpeg,train,PNEUMONIA,1.254658385,2.985879078,c00a6ff55f501a2e092e08340c320aa81bfd9f7cba3c9d5dbfa8bd54df469aa2
D:/chest_xray/train/PNEUMONIA/person306_bacteria_1440.jpeg,val,PNEUMONIA,1.504112808,3.087362332,917ee5a1e697ba5aca5a3949cf3038d4c5c338c5e58678c1b5924a97a5874e96
D:/chest_xray/train/PNEUMONIA/person1493_bacteria_3895.jpeg,train,PNEUMONIA,1.336134454,3.26572909,d40a2bf567d01b4b3c2f50fc69d21c93401f09cb3863b8f9b3c29e059a7c5f4b
D:/chest_xray/train/PNEUMONIA/person1320_bacteria_3352.jpeg,test,PNEUMONIA,1.418439716,2.93578069,c0a5155e5aa05a017a3f68f41ad02945915f19ef14af85af3ca596a525b71ef7
D:/chest_xray/train/PNEUMONIA/person1031_virus_1723.jpeg,train,PNEUMONIA,1.160493827,2.995001731,d502a9b5c2b40b40a82669043c2be0b52de2fce76dff3d2de8ff2d691825497c
D:/chest_xray/train/PNEUMONIA/person119_virus_225.jpeg,test,PNEUMONIA,1.796875,3.096620513,90552bfeea803e02fa7a5be07c965bd23c87c2d6d40a5ed6d3094ebcbd2060b5
D:/chest_xray/train/PNEUMONIA/person1081_bacteria_3021.jpeg,train,PNEUMONIA,1.685714286,2.652577144,8aab6ca86ed5bf5002027fdf874b1b07a7681a15a1eb0800ffff0102e0f86ffe
D:/chest_xray/train/PNEUMONIA/person1758_bacteria_4600.jpeg,train,PNEUMONIA,1.24137931,3.432880965,d4282fd703d55f601d3e4c964e9a1eb96eb86ba87e817841f1a4f8a5782af0b8
D:/chest_xray/train/PNEUMONIA/person515_bacteria_2190.jpeg,train,PNEUMONIA,1.33601071,3.061033725,81553deaeea01e83ee5ede7a296859a92da51c968784cd4bd29d4d42183c4d7e
D:/chest_xray/train/PNEUMONIA/person1411_bacteria_3604.jpeg,train,PNEUMONIA,1.364238411,3.089624037,94003afdabd50f0a01491d2c1df40cfa1cfb04f13e8a57cf5fcf41ff0a1f0a8b
D:/chest_xray/train/PNEUMONIA/person480_bacteria_2040.jpeg,train,PNEUMONIA,1.539722573,3.287194623,d4016debe3f53ed5835e1a4fb16a4b2d383418f02b1e17c34f2538703d071e7c
D:/chest_xray/train/PNEUMONIA/person740_virus_1363.jpeg,train,PNEUMONIA,1.803030303,2.985850544,942b2ef5e3c03a09fe3d6b603e256a3c2af01ad3429b1693493ad4ff38e245ae
D:/chest_xray/train/PNEUMONIA/person389_virus_778.jpeg,train,PNEUMONIA,1.637681159,2.751249131,d40ab4f5e3d41b4bc20d8b509c2482520d21b0536bcbbfa7f0eb7bc3be0fe2d8
D:/chest_xray/train/PNEUMONIA/person430_bacteria_1871.jpeg,train,PNEUMONIA,1.21010101,3.046364163,901521aee7a81e85d64f4a7e7c3e69722da930a569ed9785e1ce0a955a4279ea
D:/chest_xray/train/PNEUMONIA/person949_virus_1620.jpeg,train,PNEUMONIA,1.413793103,3.077102223,91542bacc6a01e43d66d4b413c474b756f3378f56bcf380768d086353c3e69e9
D:/chest_xray/train/PNEUMONIA/person554_bacteria_2320.jpeg,test,PNEUMONIA,1.752688172,3.236900207,908a6ed4c751390d912496b07b9253a3428f72c752d372d27cbe6be3e7963272
D:/chest_xray/train/PNEUMONIA/person1449_virus_2474.jpeg,train,PNEUMONIA,1.493333333,2.746414654,91552faae6055c771c724a01394f5dad45301faa08ae87ea5f94595acfb94a5e
D:/chest_xray/train/PNEUMONIA/person1005_bacteria_2936.jpeg,test,PNEUMONIA,1.18018018,2.885264674,90022affeaa82fd5bf156b573d5e6952296a3c70e538b7b83b80318e13c61c8b
D:/chest_xray/train/PNEUMONIA/person321_bacteria_1484.jpeg,train,PNEUMONIA,1.516483516,3.035430119,d54aff8482521f6a55605d4a7cf26f423cf27bd27f1538d22d651ad60be40694
D:/chest_xray/train/PNEUMONIA/person1405_bacteria_3573.jpeg,test,PNEUMONIA,1.43220339,3.472698069,d0fd2dd06f021e0fdc3d4b683cb268d33c83388768e33be27f63c7664b21403e
D:/chest_xray/train/PNEUMONIA/person1665_bacteria_4415.jpeg,train,PNEUMONIA,1.479591837,2.975321991,d42bb2f5c3d03f2fc33c6f2af03e4f0834b649c22491c3c16c0d1ad2c5a5f3fc
D:/chest_xray/train/PNEUMONIA/person1912_bacteria_4816.jpeg,train,PNEUMONIA,1.652173913,3.198124302,d0af6ec0a7d3390f836c9f34397497b01e5271e016876c626da09e0f7c693f0d
D:/chest_xray/train/PNEUMONIA/person779_virus_1409.jpeg,val,PNEUMONIA,1.375399361,2.696240473,95fef3a06a853855c7542a5481d44c3d91ff463f94721e1f8743c36b39701e6a
D:/chest_xray/train/PNEUMONIA/person1383_virus_2377.jpeg,test,PNEUMONIA,1.291666667,3.01037332,91eb3ff4e385bf5ab87cc8700a4518160016410a80b4904aef29d67effe97fed
D:/chest_xray/train/PNEUMONIA/person1021_virus_1711.jpeg,val,PNEUMONIA,1.574468085,3.019838079,d0422effe3943b42ff2a6bf83c6ae7bc7dd0fcb3e3d03c06c0b44b48381c0384
D:/chest_xray/train/PNEUMONIA/person551_virus_1091.jpeg,train,PNEUMONIA,1.696969697,3.051500463,d04a25fde3d09e53ea2d1e746b50a7a03c53a797e3ca781f1e8095adc29a4d0d
D:/chest_xray/train/PNEUMONIA/person1360_virus_2341.jpeg,train,PNEUMONIA,1.36,3.211078044,d14b7d94e7103e5fe96e3da438ba4793288f61de0e8328368ba5185e29e58f25
D:/chest_xray/train/PNEUMONIA/person978_bacteria_2904.jpeg,val,PNEUMONIA,1.134146341,3.646570629,91ea7b514a05105f167e1bea5ae95c4559ee5fea3bc01fd03cdf7b9a3a800a80
D:/chest_xray/train/PNEUMONIA/person926_virus_1583.jpeg,train,PNEUMONIA,1.504587156,3.157985134,d54029bfe2f41f52ee054b54962040342ca06011a5437e95e1fb7f0f7adff7a9
D:/chest_xray/train/PNEUMONIA/person1080_bacteria_3020.jpeg,train,PNEUMONIA,1.79,3.027581844,c5aabe150754052f0e2a0d4005b64faf4f840e954fff4fd30bb50ff51bd54b81
D:/chest_xray/train/PNEUMONIA/person681_bacteria_2576.jpeg,val,PNEUMONIA,1.364377183,3.131489974,d05beea0a3951e4b552d4b0c002c02817c7ff6f76f9ab8ab0a0b5c7c5c97cf4a
D:/chest_xray/train/PNEUMONIA/person548_bacteria_2300.jpeg,train,PNEUMONIA,1.517647059,3.044296523,d57e3ff50e5f1e7f7ff84b4110a54b40de0858784d2d5e35cf68de17c121000a
D:/chest_xray/train/PNEUMONIA/person492_bacteria_2083.jpeg,train,PNEUMONIA,1.344086022,2.956123141,9c016cabe3f517d0d342136a4b2dc746468a5a5a4fca683e2df07c3f7e1c6962
D:/chest_xray/train/PNEUMONIA/person489_bacteria_2067.jpeg,train,PNEUMONIA,1.535545024,3.01056441,91ea37a5e616385af0696b6930a56b92259e38dee5ad9c9e41698e3f186909a7
D:/chest_xray/train/PNEUMONIA/person1143_virus_1896.jpeg,train,PNEUMONIA,1.288888889,2.962155055,91552bfee3ea3f80b417c21f1a541e50c25f1ff85e9147501e38463a470b3cdf
D:/chest_xray/train/PNEUMONIA/person507_bacteria_2141.jpeg,train,PNEUMONIA,1.680555556,3.064197059,907e6ba8eb85ea96e7947a16e35a9e39a3e29e0d5ad00f0a8c694e3c838b3867
D:/chest_xray/train/PNEUMONIA/person509_bacteria_2145.jpeg,train,PNEUMONIA,1.235294118,2.907900546,d90a3bb5c2001c4bc87d29f3b987c35f2b9cbac263610a716be33bb71a85f2a1
D:/chest_xray/train/PNEUMONIA/person15_bacteria_52.jpeg,train,PNEUMONIA,1.704394141,3.117511302,95f87fffee773e7abce14a853d0a4ea4cd243da06990863b08b1016b08bf2962
D:/chest_xray/train/PNEUMONIA/person1867_bacteria_4741.jpeg,train,PNEUMONIA,1.177514793,3.167257291,c0522fffbeaa7ad01a69182f48fa1d614da559571d665ad65b5e1e1e0e150869
D:/chest_xray/train/PNEUMONIA/person30_bacteria_151.jpeg,train,PNEUMONIA,1.545454545,2.869355802,94fa6eb0e3111a0e96681b001b6e872f5f745dea5ca34caa469e68e37cb34e1e
D:/chest_xray/train/PNEUMONIA/person445_virus_919.jpeg,train,PNEUMONIA,1.506849315,2.910796521,d40f6ee40756050a15055f8e6cbe640aec00fe28f8e9e8e9e22d767d4f7d074e
D:/chest_xray/train/PNEUMONIA/person1525_bacteria_3985.jpeg,train,PNEUMONIA,1.396226415,3.203457601,9157a1a4c6903a5bc2691a65c1bf0ba730ff41e7789e41e37a7079cce78c7b40
D:/chest_xray/train/PNEUMONIA/person38_bacteria_192.jpeg,train,PNEUMONIA,1.481012658,2.84251246,d02a3ef5f1d05f00160f4a7e0f289a344f7d96b74e7815b85a5e4d2d17e0496b
D:/chest_xray/train/PNEUMONIA/person328_virus_681.jpeg,train,PNEUMONIA,1.508196721,3.249089135,91572ba0e2103a56e82d69a4298749df29ef51ffcbfe382f68a5f160b8509ec1
D:/chest_xray/train/PNEUMONIA/person1154_bacteria_3099.jpeg,train,PNEUMONIA,1.309701493,3.075421906,c40b2c94c72a3d03ecbf2cd2cc42cd869dbfc31c0b0e9cb5ebcb9697c30bb381
D:/chest_xray/train/PNEUMONIA/person351_bacteria_1624.jpeg,test,PNEUMONIA,1.35106383,2.749649909,91fa6da1e7853e16867a1a789a7d8e3a1a5016091a5993ad0e5338e13f0f7b6b
D:/chest_xray/train/PNEUMONIA/person1446_bacteria_3739.jpeg,train,PNEUMONIA,1.752808989,3.256219665,c4a53fd26f011f157c977ed07801b8519b26d80fd10a592e107f593e5e2dd22f
D:/chest_xray/train/PNEUMONIA/person1492_bacteria_3894.jpeg,val,PNEUMONIA,1.661538462,3.12364384,d429f7fd07c31b0b87a43d3fc7f57f6db4f42f92b4b40f013c163c824e142900
D:/chest_xray/train/PNEUMONIA/person441_bacteria_1912.jpeg,train,PNEUMONIA,1.471428571,2.870178194,91093ba1fe02381ad0e86a43a82f40a869237aef6beb2aaf7afa2a2f3afa0b2b
D:/chest_xray/train/PNEUMONIA/person291_bacteria_1376.jpeg,train,PNEUMONIA,1.35042735,3.253747313,915f6ba066851e574278196145af4b8719eec3e93c765ef04e1e39ca4f16525a
D:/chest_xray/train/PNEUMONIA/person684_bacteria_2580.jpeg,train,PNEUMONIA,1.602272727,2.893914488,94ab7a80ef523e5f837a0e29096c8f2c193617826c3a37826f7c3cb92bcfa1e1
D:/chest_xray/train/PNEUMONIA/person51_bacteria_240.jpeg,train,PNEUMONIA,1.471264368,2.886523727,9d4068ab62bd96d1c3da3b40c3015f42c7015f4ae1e55f0f79605f1a7978d787
D:/chest_xray/train/PNEUMONIA/person1008_virus_1691.jpeg,test,PNEUMONIA,1.186746988,3.473260878,d42b2f7d6cf513d046c1534b5b4f5b4b5f4f5e0a5f0e5d060c962cb42ca828a7
D:/chest_xray/train/PNEUMONIA/person1028_bacteria_2959.jpeg,train,PNEUMONIA,1.384615385,2.736563198,d8ab3dd44282534b522f4b3c3cb548f02d943c13185019cfbadaabcb9fd6157b
D:/chest_xray/train/PNEUMONIA/person30_bacteria_148.jpeg,test,PNEUMONIA,1.466666667,2.97835493,902a2aafebd41602160b4a7810295a0107af1e3f75bd57f37c0ef6bf0180ffb7
D:/chest_xray/train/PNEUMONIA/person605_virus_1169.jpeg,train,PNEUMONIA,1.516129032,3.279657983,89e87c8586151a5e8d6a1b7d7964cd277894e5c35601795ad6b02e9c6f8ed694
D:/chest_xray/train/PNEUMONIA/person367_virus_747.jpeg,val,PNEUMONIA,1.520661157,3.350778228,91576da0e6853a15be695ae13c3848fb39ee08bc2d6e39ea4a143daa79d05c3a
D:/chest_xray/train/PNEUMONIA/person545_bacteria_2287.jpeg,train,PNEUMONIA,1.434782609,2.798466571,d42b3ef463d21f4fd73f5f7e7c7dc7582d243ab06d80b8506501549251c26583
D:/chest_xray/train/PNEUMONIA/person376_virus_759.jpeg,train,PNEUMONIA,1.53271028,3.004629688,917e35b5c6951a4b906dc9703d7bfcfd4f52100b804a870ab6bdeb4b9619b03c
D:/chest_xray/train/PNEUMONIA/person368_bacteria_1678.jpeg,train,PNEUMONIA,1.515151515,2.790652677,cc0be2bca7d01f42c3681f25cb6e872ee0a4c9bab03a69f0e03ae0bf691ae4af
D:/chest_xray/train/PNEUMONIA/person492_bacteria_2084.jpeg,train,PNEUMONIA,1.564705882,2.931020732,dc2a6aafa3d51750c14a1ba9593587d23b0f0b64132f59741d2942bf6f401ebf
D:/chest_xray/train/PNEUMONIA/person1112_virus_1837.jpeg,val,PNEUMONIA,1.707070707,2.97279658,d04afea1ce55386d29f56cb338d9c6c11c2ec9b68f355b6893a44a5ab12942cf
D:/chest_xray/train/PNEUMONIA/person1213_virus_2058.jpeg,train,PNEUMONIA,1.841463415,2.840939136,900baaf7e3d01b4ed634cb603e21c8702d90be5a65f89ed375ab97f23c0f81a4
D:/chest_xray/train/PNEUMONIA/person321_bacteria_1486.jpeg,train,PNEUMONIA,1.401869159,3.049278704,c0af3fd267451f2d7c7c49e33c87c4d26d853c9ac368e7949a7944e1930a4c69
D:/chest_xray/train/PNEUMONIA/person506_bacteria_2136.jpeg,train,PNEUMONIA,1.343434343,2.97507559,d5402abf4b8a5e004d2d0dbd0d2805382d14ba9fbeb4b42df596b5b0f5fae568
D:/chest_xray/train/PNEUMONIA/person1318_bacteria_3334.jpeg,val,PNEUMONIA,1.090909091,3.180123503,805aae805ffb1c57082008005ffd5d7f582041e17df65df25daa11e3f1f0f5bc
D:/chest_xray/train/PNEUMONIA/person1388_bacteria_3529.jpeg,train,PNEUMONIA,1.658823529,2.798314247,c0bf6ad0e74b4d2de534c7d06ccbe0f7e3c26cbd94b4ab0c6c3630906d0761f0
D:/chest_xray/train/PNEUMONIA/person1574_bacteria_4118.jpeg,train,PNEUMONIA,1.826666667,2.879738445,d06a76a1c7945b0a85243936b972de39787aec966e9769681e1f184a96293e5e
D:/chest_xray/train/PNEUMONIA/person1142_bacteria_3086.jpeg,test,PNEUMONIA,1.165109034,3.037404187,940b6c0087501f5f0d7f0db568fe0cf148f5e5e14e95e1f8c389d25a49e8c72f
D:/chest_xray/train/PNEUMONIA/person1409_bacteria_3585.jpeg,val,PNEUMONIA,1.337579618,3.34321148,d40b2ff583d41f2a433e1d485c344cf01cbb412f0f024d3c4beb09efc3fe496b
D:/chest_xray/train/PNEUMONIA/person699_virus_1295.jpeg,train,PNEUMONIA,1.607594937,2.772948443,c0eb2f5097031b2f59344ab6688362856ac56ce5e5f5c7c86db816be4f2c0d3e
D:/chest_xray/train/PNEUMONIA/person630_bacteria_2512.jpeg,train,PNEUMONIA,1.25282167,3.264843507,d053fda2e7811e57827a0e68936b43653869b0e5694198ed4b87d68b78f23c97
D:/chest_xray/train/PNEUMONIA/person1562_bacteria_4078.jpeg,test,PNEUMONIA,1.436507937,3.11920067,d4026daba6f53ad5936f1b369103578f3f4d076c1f14872d0f0b1b60d2f0387a
D:/chest_xray/train/PNEUMONIA/person730_bacteria_2632.jpeg,train,PNEUMONIA,1.547368421,2.918069994,908a3bb5c2d21a4ad22cc27018a8d0bf45a11cb5b877b6b0bea56de13ee56dee
D:/chest_xray/train/PNEUMONIA/person556_bacteria_2326.jpeg,train,PNEUMONIA,1.365688488,3.148031511,9055abeae7a01e85d61f5e5af4294b729d2869f21d2b48e101c45ab469cedad7
D:/chest_xray/train/PNEUMONIA/person1309_virus_2254.jpeg,val,PNEUMONIA,1.795180723,3.092476757,d14b27f5c3d01b4bc63c69f03c58679c3cc2b0d26dc2b09fe7d039e93e16c1a4
D:/chest_xray/train/PNEUMONIA/person1657_bacteria_4399.jpeg,test,PNEUMONIA,1.255172414,3.307036733,d02a3ff5f6805b5f1e0f483d38611ca32da7a9e338c78a5a839a9f845b5ac3d0
D:/chest_xray/train/PNEUMONIA/person1517_virus_2644.jpeg,train,PNEUMONIA,1.669902913,3.312798126,d42be8f4a7d0bf49a32c3f16c3bf1f16683e1703785a85a1ea086978be07a3c8
D:/chest_xray/train/PNEUMONIA/person294_bacteria_1383.jpeg,train,PNEUMONIA,1.5,2.885380438,d0e07a05251a1f3d1df54eb6687ae4c37c4174c8f788560855aa56af70abc7ae
D:/chest_xray/train/PNEUMONIA/person1405_bacteria_3564.jpeg,train,PNEUMONIA,1.409448819,3.005056504,95faea01a0151158d569692721bf4d141110d7bf886a96b74d7715654bf759ee
D:/chest_xray/train/PNEUMONIA/person1345_virus_2321.jpeg,train,PNEUMONIA,1.514285714,3.155293057,d40a7efc83d54b42e32d1f97697f978f283e29e2be3f38f02903963029439701
D:/chest_xray/train/PNEUMONIA/person1473_virus_2553.jpeg,train,PNEUMONIA,1.081447964,2.794381351,91462bbfe7a056d33e41492d69b43da241a549c51da7c2b54fcb1e0f56b187e8
D:/chest_xray/train/PNEUMONIA/person1041_virus_1736.jpeg,train,PNEUMONIA,1.715789474,2.995155427,c0aff480c34a1b2fd13c4f123c3c92e16d2f30d6cf496cb792d0cf2d361b9365
D:/chest_xray/train/PNEUMONIA/person1105_bacteria_3046.jpeg,val,PNEUMONIA,1.494736842,2.752825273,c87f6e4027e81f2597b41d827892669a787be2e56e0fd3c7460e2964c3c26d66
D:/chest_xray/train/PNEUMONIA/person597_bacteria_2451.jpeg,train,PNEUMONIA,1.4,2.874589506,d02b2ff4e3801b4b583c48681da669e739a71887b8fe9bbcdb0ed38e9a834929
D:/chest_xray/train/PNEUMONIA/person478_bacteria_2035.jpeg,val,PNEUMONIA,1.408119658,3.119290505,945561abc2b51ad4c34a3a4bc72f3a1ea16d6e1c69a4c6b03c3ac78f4f42f783
D:/chest_xray/train/PNEUMONIA/person66_bacteria_326.jpeg,train,PNEUMONIA,1.615384615,3.017134516,9057edaae795be15865b1a5e936c4e3838684f2938694385693f35876972b5a2
D:/chest_xray/train/PNEUMONIA/person1935_bacteria_4849.jpeg,test,PNEUMONIA,1.305555556,3.280265454,817e7aa3a7d5394a296bad2d2cb424dbe3cb697c2c7c8079e259e21be217a01c
D:/chest_xray/train/PNEUMONIA/person1140_virus_1885.jpeg,train,PNEUMONIA,1.575829384,3.187185665,d40076ffc2d54b42c50b1fa5892787a46c10c5f26c83edfbc7836dc3e1e0b30f
D:/chest_xray/train/PNEUMONIA/person614_bacteria_2483.jpeg,train,PNEUMONIA,1.597222222,3.038652336,d405f4ea65eb6695a4d44a56b5ea4b29897485a74934b5a34b17a551c9ad9759
D:/chest_xray/train/PNEUMONIA/person1433_bacteria_3701.jpeg,train,PNEUMONIA,1.75,2.885022931,940044abc3b51ed0da4e2f20792fc7f82c0978dce5a26f32f0d2cdbf3d1bc383
D:/chest_xray/train/PNEUMONIA/person1182_virus_2017.jpeg,train,PNEUMONIA,1.27230591,3.050020944,9054a12ec7ff1ed0d6014a5bbc024abd3db830f73de430a2c3fe3c81b87f87c2
D:/chest_xray/train/PNEUMONIA/person1389_virus_2387.jpeg,train,PNEUMONIA,1.793814433,3.098273562,d09e46b4de12fd2aada53c92c78b294e87ad3b4b87b02f1ee1e31836b1e44e12
D:/chest_xray/train/PNEUMONIA/person1617_bacteria_4254.jpeg,val,PNEUMONIA,1.789473684,3.061317001,d02aaabfebd42e83c0050a55bc05c254bf0ed227cfe0f82d6bfe1f06b17f07a0
D:/chest_xray/train/PNEUMONIA/person124_virus_245.jpeg,train,PNEUMONIA,1.129770992,3.310147639,95402bafe3fe27f0af81ee173f5f3e124a5e3d28682005a47c805495563e7f83
D:/chest_xray/train/PNEUMONIA/person480_virus_981.jpeg,val,PNEUMONIA,1.588709677,2.919658005,9851f17ee7a87e85a5b74eb2b07a0fa9bd0b1af0ed035ab46f03c1af03c02d03
D:/chest_xray/train/PNEUMONIA/person1333_bacteria_3383.jpeg,train,PNEUMONIA,1.7125,3.004410409,90402bafd7941e17de3b54bc1da0569f51ee1fad4b0ea14bab50a907b8de8f08
D:/chest_xray/train/PNEUMONIA/person265_virus_548.jpeg,train,PNEUMONIA,1.425925926,3.292824903,940220f7c3d41b40e6141edfb4bf05d63cafc1ff390f94b4e90f7a07e1a46961
D:/chest_xray/train/PNEUMONIA/person1320_bacteria_3340.jpeg,train,PNEUMONIA,1.413793103,2.897645943,94a92f50550a1a2f0abd0bf43a501ad342ab1aaf78fd82ff1afc90780b3e1d7e
D:/chest_xray/train/PNEUMONIA/person1502_bacteria_3927.jpeg,test,PNEUMONIA,1.68,2.958786863,c4af3ed5d343182fc23c4c7fc63d6cb7b4354834ec2bc2b06c33c4b065a5863d
D:/chest_xray/train/PNEUMONIA/person1155_bacteria_3100.jpeg,train,PNEUMONIA,1.637362637,2.656232771,d0022ff4ce421e6dc7742fc33c976b5a3d8668ca2f88788769e31ed07969c6d0
D:/chest_xray/train/PNEUMONIA/person1493_bacteria_3898.jpeg,train,PNEUMONIA,1.78021978,3.275703103,91ca3fa56b123e0b687d3af03cb6479a358671d66386429769690b876d6bc5a1
D:/chest_xray/train/PNEUMONIA/person862_bacteria_2784.jpeg,train,PNEUMONIA,1.192307692,2.731570621,91423fad96001c5e1d6a1bf539c23985ca548e005a7dcefabfa1bc96e186b787
D:/chest_xray/train/PNEUMONIA/person1457_virus_2498.jpeg,train,PNEUMONIA,1.474074074,2.979419905,c1fb3f857a161a7a41786945749e6f8634b64f1eb5a5f2da5f2d5042412341e3
D:/chest_xray/train/PNEUMONIA/person594_bacteria_2436.jpeg,train,PNEUMONIA,1.404761905,2.932581847,815f6ba0ce075e7e4179498749064fb41d7e8efb0a5b18734a535a70ceb15e16
D:/chest_xray/train/PNEUMONIA/person1270_bacteria_3230.jpeg,train,PNEUMONIA,1.268907563,2.917376634,d00a2bff7fa05e425d5f5a7f48751820581655aa3ad17aab32eb15eb314f028b
D:/chest_xray/train/PNEUMONIA/person1480_virus_2566.jpeg,train,PNEUMONIA,1.453448276,3.140063938,d4017eafa7d51b508b2e1d2b08253e4978f52f4a1c9f0f499eeb487c9e061cbc
D:/chest_xray/train/PNEUMONIA/person28_bacteria_143.jpeg,val,PNEUMONIA,1.776435045,2.950714819,c4abeed077435b0fd32c6826b8386baf7eff77d7080292804f1e030d921e3369
D:/chest_xray/train/PNEUMONIA/person1739_bacteria_4576.jpeg,test,PNEUMONIA,1.511904762,2.99540189,d0013ebbe3f53ad32e5b822f21051804e4b649a61cb65930f3c1fa02f2f9d3ff
D:/chest_xray/train/PNEUMONIA/person416_bacteria_1840.jpeg,train,PNEUMONIA,1.240930233,3.211625305,944164eac2fb1e51c7406b02e51a0c9f38fb4e95cd7e9782cd4af1e3cb0e9725
D:/chest_xray/train/PNEUMONIA/person996_bacteria_2924.jpeg,val,PNEUMONIA,1.271119843,3.167452994,98553fbae3b51e544b5a1d6f492430f518d2018708f63e347baf3d607c3d3f20
D:/chest_xray/train/PNEUMONIA/person462_bacteria_1968.jpeg,val,PNEUMONIA,1.483695652,3.084080346,d400e1abe3d43e92b2da1a4bbc6d4b64bc3d4370bd2d796d6b6078346b783485
D:/chest_xray/train/PNEUMONIA/person1175_bacteria_3122.jpeg,train,PNEUMONIA,1.411637931,3.252961965,915faaa0ee823e1adf687f6cd2686d2074b46d92349449c1fc3e71c4658ef29c
D:/chest_xray/train/PNEUMONIA/person1343_bacteria_3418.jpeg,test,PNEUMONIA,1.263157895,2.880799852,d5081b9567fad7423d4db93e29a02b921a5a288d135e2dae19b62c7729b652db
D:/chest_xray/train/PNEUMONIA/person1414_bacteria_3627.jpeg,train,PNEUMONIA,1.75,2.993082371,d02bafd003cb5229032e0aaf0aaa0aaa2ab9aad60eaf87df0a8baed7cf8f2d95
D:/chest_xray/train/PNEUMONIA/person392_bacteria_1784.jpeg,test,PNEUMONIA,1.670886076,3.139439388,d0fe6ff5e7071e1bc7285b403928cba55953c1a5c156c1b4c716c5aad2924f9a
D:/chest_xray/train/PNEUMONIA/person1893_bacteria_4781.jpeg,train,PNEUMONIA,1.774647887,2.891212589,82aa2d40d50b5b2e5b741b6008018c19c6190e1d3654ded8d74ddf7acf3cefbf
D:/chest_xray/train/PNEUMONIA/person1320_bacteria_3355.jpeg,train,PNEUMONIA,1.703389831,2.970619612,902fbd50d58a0aaf0a3543fe1e200abf4bad1ed540c107c51aff4aef169778f4
D:/chest_xray/train/PNEUMONIA/person1710_bacteria_4525.jpeg,train,PNEUMONIA,1.657534247,3.08187616,d0b43fd0e7015c2e582846213c0700120417345f35fe27be7dfa77f86f3c7b3c
D:/chest_xray/train/PNEUMONIA/person1729_bacteria_4557.jpeg,train,PNEUMONIA,1.604395604,3.089288001,d4006dbfe7a51e52cb4f0f4cbc614bf92d0b01f70d0310fb4fd214b711f20f0f
D:/chest_xray/train/PNEUMONIA/person685_bacteria_2581.jpeg,test,PNEUMONIA,1.61627907,2.899774857,dfe0eaabaf1e387a95611e2831e19e253974a3ad2d1639c28f9f4a902b470aad
D:/chest_xray/train/PNEUMONIA/person581_bacteria_2393.jpeg,train,PNEUMONIA,1.555555556,2.670151935,91fceba5d602907bc60a3a2a66f53a571ac05e0294a59707d4af55a3bc7c1df2
D:/chest_xray/train/PNEUMONIA/person1698_bacteria_4497.jpeg,train,PNEUMONIA,1.655172414,3.189430057,c2bfabe9af051f55c5100e0829aa92da6d05b3c68f52b94aab48bd5af54ac76a
D:/chest_xray/train/PNEUMONIA/person1480_bacteria_3858.jpeg,train,PNEUMONIA,1.582417582,3.005929982,c5086effb7d2394fb13c0ff62d2fb2e72f6d2cf56282028540b448216cb143f3
D:/chest_xray/train/PNEUMONIA/person1329_bacteria_3377.jpeg,train,PNEUMONIA,1.797297297,2.78519522,c2aaaa8af3031c3430b61ed23cf926f41ede66d67cc1c302e487d0c5d927fcb6
D:/chest_xray/train/PNEUMONIA/person287_virus_586.jpeg,train,PNEUMONIA,1.423875433,3.158994874,915465aac7b01e43eb4b3b683835e5707cf570d735b7385bc1fa0e1630e929e0
D:/chest_xray/train/PNEUMONIA/person23_bacteria_95.jpeg,train,PNEUMONIA,1.568181818,2.86663876,90fe7ea0ef15395e952a1e01b148d7417969d3a1780a79e1ef8279e2f1827c1e
D:/chest_xray/train/PNEUMONIA/person1886_bacteria_4773.jpeg,train,PNEUMONIA,1.449152542,3.263170534,905f6eaae7951a47cb6c3b48386d05783ce178f264a07c2ac7d274d2683eef30
D:/chest_xray/train/PNEUMONIA/person364_bacteria_1659.jpeg,train,PNEUMONIA,1.369747899,3.118370864,c03b6eb4e7d51e4b956d49243c22b6b84bcb34a963d32f4b14f54949168fd2d2
D:/chest_xray/train/PNEUMONIA/person274_bacteria_1288.jpeg,train,PNEUMONIA,1.176470588,3.160142986,94026eb403540f0a452d7c96665a7ec94edfc7895e93c3e1fc9eec1ec5964c32
D:/chest_xray/train/PNEUMONIA/person1157_bacteria_3102.jpeg,val,PNEUMONIA,1.47,2.865125883,c12b3a9552c0112f143d91a539c339b7bbcb298b9b0dcf984f3c1ad24b5e4fd2
D:/chest_xray/train/PNEUMONIA/person475_bacteria_2020.jpeg,train,PNEUMONIA,1.539325843,2.875936774,917a6f850e161e5a1a493a61c7a57d5645a60d16a5dd0f1f0db705a5cf0ce7c5
D:/chest_xray/train/PNEUMONIA/person574_virus_1118.jpeg,train,PNEUMONIA,1.831460674,3.040161314,d00a25bdc3d41f4ac52d6d7ab4bfe3da3c83e0de870b1ad4e52d92da29439294
D:/chest_xray/train/PNEUMONIA/person877_virus_1525.jpeg,test,PNEUMONIA,1.80952381,2.951600882,d0fa64a5c6955a5ac12c39878583c7833869c190295ad0f94b53b4fdc3d53f7b
D:/chest_xray/train/PNEUMONIA/person1127_virus_1854.jpeg,val,PNEUMONIA,1.505617978,2.920512295,955b65b3c7851a5fc96c8f24483485681a01484b87887a1ef3c1b7cbfe7cc7cb
D:/chest_xray/train/PNEUMONIA/person761_bacteria_2665.jpeg,train,PNEUMONIA,1.5,2.752301636,90576ba8ef851e5ec7285b45a5ea1e8161ca878778f295875c1e9584de1c8d6b
D:/chest_xray/train/PNEUMONIA/person950_virus_1621.jpeg,val,PNEUMONIA,1.701298701,2.937212102,917b61f5e7163a5bf0685e2479fad693685ab1c1c61e9968d29c8d781c87c0d2
D:/chest_xray/train/PNEUMONIA/person564_bacteria_2347.jpeg,test,PNEUMONIA,1.441558442,2.972687353,d4022aefefd43e02debe4a9a1e0a421b1f5a5a5cc75a1e5d805a92a9187fc3e9
D:/chest_xray/train/PNEUMONIA/person921_bacteria_2846.jpeg,test,PNEUMONIA,1.607142857,3.084328309,d40f6aa022d5575283405f6f01275d223bbf1438aafa5d3e2af04d3be3f050df
D:/chest_xray/train/PNEUMONIA/person108_virus_201.jpeg,train,PNEUMONIA,1.165876777,2.664220883,9c042aaa51d75b685d3650de1e599b78c1629f159307c7d71e9256dad0fc1e15
D:/chest_xray/train/PNEUMONIA/person307_bacteria_1442.jpeg,train,PNEUMONIA,1.657474601,3.251823865,9055efabe7a11a97875a1b49996d43083948c1e1482dc36bc7f17c7274f85ed2
D:/chest_xray/train/PNEUMONIA/person1243_virus_2110.jpeg,val,PNEUMONIA,1.28125,3.066745874,91ebb5d0e6141b5ab875edb538bda2f10a8f38af93b20e3a38e293632c789342
D:/chest_xray/train/PNEUMONIA/person855_virus_1500.jpeg,test,PNEUMONIA,1.516949153,3.234083082,d40265bde7d53b42a33c0b17a32d0b41386003c42914c5856b4bf2f1f79f7dfe
D:/chest_xray/train/PNEUMONIA/person503_virus_1013.jpeg,train,PNEUMONIA,1.486238532,3.208537568,d0fdfa56a7023d2f2d35ac3e3c926580271a61816d2ba36b6986bb685b427bc6
D:/chest_xray/train/PNEUMONIA/person466_bacteria_1984.jpeg,test,PNEUMONIA,1.71957672,2.638286953,8155697a3fe8b501c3df15c5e0381785f0711f3de4fb87283c1e0be0e70d3cb4
D:/chest_xray/train/PNEUMONIA/person348_virus_717.jpeg,train,PNEUMONIA,1.214285714,3.189677714,d00a6bffe7801e53de7f436d3c4342c92d811de107e51da705e50f8e2da3a1e4
D:/chest_xray/train/PNEUMONIA/person783_bacteria_2687.jpeg,train,PNEUMONIA,1.370689655,3.138047182,81d439426f2918e437d2a71b320dc2b133a762d6629f669d7087c7b768f5c2d5
D:/chest_xray/train/PNEUMONIA/person1860_bacteria_4732.jpeg,train,PNEUMONIA,1.7375,3.078454171,d4faac55452a7ea8ba24eb2a3b2000554dab00823cda7481429eff787d47ffbe
D:/chest_xray/train/PNEUMONIA/person901_virus_1555.jpeg,train,PNEUMONIA,1.606060606,2.908484345,d42bf4b5f3d21b4be1341f02d12d4b04b83442c20d2d30fe0e1324ffe1f73ef3
D:/chest_xray/train/PNEUMONIA/person373_bacteria_1707.jpeg,train,PNEUMONIA,1.288135593,2.876156143,d4002af5ebd51e2a54345d101c5156bc5fac163a461c1c3c56bc5f8b1ebe5fb6
D:/chest_xray/train/PNEUMONIA/person501_bacteria_2114.jpeg,test,PNEUMONIA,1.418181818,3.1275606,98fc2982660b1a290bb42aa238b2cbc53d55d3fd8b5cbaa5af181c19955e87df
D:/chest_xray/train/PNEUMONIA/person670_bacteria_2563.jpeg,train,PNEUMONIA,1.347826087,2.994839727,900a2bb556021a4bc2fd4be33eafcbbcbf80180257f8be5cc65ac6821a52d7f9
D:/chest_xray/train/PNEUMONIA/person479_virus_978.jpeg,train,PNEUMONIA,1.407407407,3.142978791,d40bffb5e7d53f42853c2f143c1a2ef93c772eb63e1b140d0d0b3c068f002d3c
D:/chest_xray/train/PNEUMONIA/person354_virus_729.jpeg,val,PNEUMONIA,1.396694215,3.340087949,d40224b5e3d02f42ed2e2df0bcb14df73ca348ff2d2d587f4f273c6069389e00
D:/chest_xray/train/PNEUMONIA/person1379_bacteria_3514.jpeg,val,PNEUMONIA,1.688888889,3.07079852,917efaa0af953e1e826a130d396c0f440eb508ff07cb58f57d8ec70b69e508c3
D:/chest_xray/train/PNEUMONIA/person678_bacteria_2572.jpeg,test,PNEUMONIA,1.563318777,3.157365509,917b25b4c7d01e4b8e7fc8783ce0e83c6d903c27619e6d857f7bc2588e056c38
D:/chest_xray/train/PNEUMONIA/person1312_bacteria_3314.jpeg,train,PNEUMONIA,1.26,3.122992758,d4292fd74f404c254c9a4c3a0e8648a31aa3ebff3cf54879e0f8aafd21f914d3
D:/chest_xray/train/PNEUMONIA/person491_bacteria_2073.jpeg,test,PNEUMONIA,1.459770115,3.199688811,805d2ee0d7ca5b2a8d352956a55a3a61387558f46d6a3e9c7951548f56c32aaf
D:/chest_xray/train/PNEUMONIA/person316_bacteria_1470.jpeg,val,PNEUMONIA,1.163636364,3.203313164,d0aa3bd4c2011c4b196d59f11b935b8f5b489a1892d88f389cfdddcf1fc538c4
D:/chest_xray/train/PNEUMONIA/person543_bacteria_2283.jpeg,train,PNEUMONIA,1.811320755,2.691164631,90dfecf5a6d5985fc62d2857861d940d8154542e497e843e14bf9617d03f50be
D:/chest_xray/train/PNEUMONIA/person1924_bacteria_4832.jpeg,test,PNEUMONIA,1.260869565,3.006160358,d02b0fd5d78a5f4f5c6dc2b02fc382cbc3532d415149634a7d21f0d2cad3be92
D:/chest_xray/train/PNEUMONIA/person387_virus_772.jpeg,val,PNEUMONIA,1.327272727,3.148386863,9041adace6aa1a43e22c7bd2a02f4b813d286ffd7dcfe1f569c33c3e43812907
D:/chest_xray/train/PNEUMONIA/person481_virus_983.jpeg,test,PNEUMONIA,1.236220472,3.015941315,d00a3df5c2f41b42bc2769363ca9f8f46df43cb6c1f3090118f4496c9f079af4
D:/chest_xray/train/PNEUMONIA/person1_bacteria_2.jpeg,train,PNEUMONIA,1.476190476,2.966246267,91577fa8e6811a5f1868436939c415ff6fd53dc561a46b86bca168606a1a78f9
D:/chest_xray/train/PNEUMONIA/person470_bacteria_1996.jpeg,train,PNEUMONIA,1.293103448,2.801477244,d40a74bde1f51a50972a4b253d2fc4b4696930e46ed43c6b30d26bc9b4bd5e4a
D:/chest_xray/train/PNEUMONIA/person1136_bacteria_3078.jpeg,val,PNEUMONIA,1.317647059,2.704372219,d5fe7fa5fe00106a95e11b433d2dddc4af00981d6a555d5f4ade46e20e2b4262
D:/chest_xray/train/PNEUMONIA/person437_bacteria_1886.jpeg,train,PNEUMONIA,1.56122449,2.736648493,ccfd7f53e72f1e3c4db686db2c7dc3c106c24941c600fd00f582d62a18bb05be
D:/chest_xray/train/PNEUMONIA/person1135_bacteria_3077.jpeg,train,PNEUMONIA,1.297319253,2.770836796,90fd6d82c7823c2fed35797c70d049c299c78b479925c3650f3d90f0cf299678
D:/chest_xray/train/PNEUMONIA/person596_bacteria_2445.jpeg,train,PNEUMONIA,1.455696203,2.819861116,90ab3fd5e3825f0fc21c4e38de59ce385c30c2230c333871c1d73e75d1f506de
D:/chest_xray/train/PNEUMONIA/person398_bacteria_1799.jpeg,train,PNEUMONIA,1.352941176,2.920004765,d1422bfdf7a4565f565d4a085c285ef04f615bea4f205887496a5c075af76187
D:/chest_xray/train/PNEUMONIA/person456_bacteria_1948.jpeg,test,PNEUMONIA,1.368421053,2.899405373,d00a3ff567b76f427d0bce7a4a4a194246b024b03c967c7361f2b9d428d5c9ba
D:/chest_xray/train/PNEUMONIA/person1418_bacteria_3639.jpeg,train,PNEUMONIA,1.242647059,3.281785235,91402dade6811a43e92d69353da2c0ff29bd30af6af7396da0b90b743caf4961
D:/chest_xray/train/PNEUMONIA/person298_bacteria_1413.jpeg,train,PNEUMONIA,1.478036176,3.197247334,9c51a1aac7f51e50c34a3ef8e29a4af9bc2042b63c1f6ec31ed594961e971e1a
D:/chest_xray/train/PNEUMONIA/person830_virus_1466.jpeg,train,PNEUMONIA,1.542553191,2.757067819,dc2b2fd4c2401f2fc13c1cd8d6756bf216b243cb16854a59babc9a1cc7ca9c36
D:/chest_xray/train/PNEUMONIA/person629_bacteria_2508.jpeg,val,PNEUMONIA,1.419753086,2.762274666,d0483eb5e3501b4b1c2ddbfc3db0c4b565d4b4a269a2b3a379e1676812785d3a
D:/chest_xray/train/PNEUMONIA/person868_virus_1514.jpeg,train,PNEUMONIA,1.61038961,3.062444221,916e6ba45e125e785e61186781f50816189e0a1a181e1a731c7dd6bcd7a7bcff
D:/chest_xray/train/PNEUMONIA/person914_bacteria_2839.jpeg,train,PNEUMONIA,1.689655172,3.159087375,d0af2f40090f5ebd6fa03c5175517515f554750efaacaaabb83fe02ab2ca82d0
D:/chest_xray/train/PNEUMONIA/person1531_virus_2666.jpeg,train,PNEUMONIA,1.427350427,3.186373007,d02b2d50e2002d0bb836c83e29e19c3fabfd1d7d8a7dc37c9e349e60ba689e1a
D:/chest_xray/train/PNEUMONIA/person614_bacteria_2481.jpeg,train,PNEUMONIA,1.666666667,2.851670153,90aaaa83ef921c5f167d5f5a3f28cb604f355a254a212a2d396ba3c7ee704ae1
D:/chest_xray/train/PNEUMONIA/person293_bacteria_1379.jpeg,train,PNEUMONIA,1.355283308,3.280095375,91573faaeea11a571f6e4a981940486549751c6b4b5e1f854af2c35cd3c7c371
D:/chest_xray/train/PNEUMONIA/person333_bacteria_1539.jpeg,test,PNEUMONIA,1.197268589,3.212249293,c40b3ea5a3d44b521f2f543f4168142c6cf6c1f341974d3bd4bb609ec10eb69f
D:/chest_xray/train/PNEUMONIA/person88_virus_161.jpeg,train,PNEUMONIA,1.360655738,3.245647077,94457aaa4bf50f40535f4f4b5b0f43dc5494707474f53c3e3f8587843cf43c81
D:/chest_xray/train/PNEUMONIA/person465_bacteria_1980.jpeg,test,PNEUMONIA,1.849315068,2.863793092,d4082bf5e3c23e0f7a2d6d28943c4c7a3da568b62da66f9c69e91387096b09e5
D:/chest_xray/train/PNEUMONIA/person382_bacteria_1740.jpeg,train,PNEUMONIA,1.565217391,2.96835068,d02b3eb5e3876a5a3c2f697929a536950ac31fe30dab17f615e20df007da0562
D:/chest_xray/train/PNEUMONIA/person1638_bacteria_4340.jpeg,val,PNEUMONIA,1.320855615,3.254352704,d1eef914c412426b42eb42aa3acb42f54b9738ef4ae72bdf18f902d81ede18e0
D:/chest_xray/train/PNEUMONIA/person689_bacteria_2585.jpeg,test,PNEUMONIA,1.347826087,2.966834553,90022baa47801e15da5b5a783c296d3d2db43db7679535a561fe5f2f39c2514a
D:/chest_xray/train/PNEUMONIA/person299_bacteria_1419.jpeg,train,PNEUMONIA,1.769363167,2.999315081,942b62e4cf4a3c7dc3784967f0d6838e96f0db49bc29384170f5384369e738f4
D:/chest_xray/train/PNEUMONIA/person102_virus_189.jpeg,test,PNEUMONIA,1.484346225,3.153930481,915e25a5c6911a5ac27d380c90b44e9379bec787491e91b8fd9f79cac6946c78
D:/chest_xray/train/PNEUMONIA/person331_bacteria_1526.jpeg,train,PNEUMONIA,1.522222222,2.851587038,d42b6ed0a3d20b4381254d361d7a85bf0f503c7945f04d3a54ed56ea3aebf8a4
D:/chest_xray/train/PNEUMONIA/person1491_bacteria_3892.jpeg,train,PNEUMONIA,1.371900826,3.208193531,d4213ddfd3491fa104830edb1c71c1fc1cf8b0ece1e29cb3c17b0d22922fc78f
D:/chest_xray/train/PNEUMONIA/person52_bacteria_249.jpeg,test,PNEUMONIA,1.666666667,2.934031792,d0afafd0e74a5f2dc3b45922c1e26fc964f942c120bf02d54d7dd2d86cb1105d
D:/chest_xray/train/PNEUMONIA/person281_bacteria_1330.jpeg,train,PNEUMONIA,1.594936709,2.977679463,c02b2fb4e3d01f4bda7f6368384c687912e36c63c6b43d157ce1c3c23c9690f6
D:/chest_xray/train/PNEUMONIA/person36_bacteria_185.jpeg,val,PNEUMONIA,1.390519187,3.042889873,905f75a8e7813e17965e4b48b969cf25694bb5814a45a5e9cf97ecf812824f0a
D:/chest_xray/train/PNEUMONIA/person140_virus_284.jpeg,val,PNEUMONIA,1.394117647,3.083406812,dd6aef9182951b4acf741d570d710d3805b4071e39da02d6387e2b871a5f1e4f
D:/chest_xray/train/PNEUMONIA/person515_bacteria_2185.jpeg,train,PNEUMONIA,1.204545455,2.786711489,915e3bffe3a09a42cc4ada5a3929d8f097a194d6d3cecee3d34fc6e486084434
D:/chest_xray/train/PNEUMONIA/person1016_bacteria_2947.jpeg,test,PNEUMONIA,1.475609756,2.86132754,91552baac6005c17103fc2a83fe8517f414038a9a87fc4635d777dffcfa8b1c8
D:/chest_xray/train/PNEUMONIA/person353_bacteria_1628.jpeg,train,PNEUMONIA,1.430232558,2.829024176,d7fd3ff2f601102d9e32e7e134823c1de39c1bc11a0883881b4d4354c79e3fe7
D:/chest_xray/train/PNEUMONIA/person1438_bacteria_3715.jpeg,train,PNEUMONIA,1.493670886,2.874529585,917f65a8c7951a56c67a4b74b478cb613c61f1e46f18b4e94b423c96e1d0cc3c
D:/chest_xray/train/PNEUMONIA/person1195_bacteria_3144.jpeg,train,PNEUMONIA,1.611764706,2.721086931,d40867f4c7425b2bc9b40bb28a79695565f64b42d07e4f51e0d1ebc4fa6c92cc
D:/chest_xray/train/PNEUMONIA/person72_bacteria_353.jpeg,train,PNEUMONIA,1.308333333,3.311581017,90136fea2f851a1f0b6818254d744cb569b45fa45f3e1f8215be05c7319fe1e9
D:/chest_xray/train/PNEUMONIA/person548_bacteria_2302.jpeg,train,PNEUMONIA,1.476635514,2.68154121,9aab3bffd77a186815e55f067d3596922e5991f596582d65b7804e094425129b
D:/chest_xray/train/PNEUMONIA/person131_virus_265.jpeg,train,PNEUMONIA,1.48,2.964003679,d0afe484e7023e0bed303c532cf86f493ceb87c93e586d2596193c388787ad1e
D:/chest_xray/train/PNEUMONIA/person287_bacteria_1355.jpeg,train,PNEUMONIA,1.578005115,2.976829733,905521ebc7a01e15da5b1879982dc2b59fbfc4b7848e9f1fe738871c212cc3e8
D:/chest_xray/train/PNEUMONIA/person1384_bacteria_3522.jpeg,test,PNEUMONIA,1.301886792,3.170977312,d00a29f5e6801a43827dcb7d2c73c0f72ff11cb6aaf21d86b286cb18be05e1cf
D:/chest_xray/train/PNEUMONIA/person383_bacteria_1750.jpeg,train,PNEUMONIA,1.582524272,2.924140548,c40f7ea0af551a4a816d5924453615934b7505c50ab553fa57ab57ea55ea5af4
D:/chest_xray/train/PNEUMONIA/person273_virus_562.jpeg,train,PNEUMONIA,1.533123028,3.100583642,c0af12f4e7d89b0b9b2fcd24393664d03a4874ed93d2cd2d93939a693c3c925c
D:/chest_xray/train/PNEUMONIA/person583_bacteria_2408.jpeg,train,PNEUMONIA,1.259259259,2.867420993,915f7ba156025c55587a495a390d291d3b8d38d60c841c730d7b1d4b39d3bdf7
D:/chest_xray/train/PNEUMONIA/person81_virus_152.jpeg,train,PNEUMONIA,1.544715447,3.108635708,d0af7c90a70a3d0bad302f962adb82f928ff20e3a2da38f8a6a938d038f0fe1e
D:/chest_xray/train/PNEUMONIA/person983_virus_1660.jpeg,val,PNEUMONIA,1.678899083,3.107322331,91fe76a196155a1a8f223924effa3cfb6b45840608828e1a67ad6b4fbc68c70f
D:/chest_xray/train/PNEUMONIA/person459_virus_947.jpeg,train,PNEUMONIA,1.282181357,3.261113399,90047beec3e61e054a571b4b1d0f49bd1df1187940ed1fe1597a5b781a4acb5a
D:/chest_xray/train/PNEUMONIA/person1086_bacteria_3026.jpeg,train,PNEUMONIA,1.788063337,3.224333216,915aed850697185a97695b6d17ac5e0728eb0e873c7a97960f5e1ce01a9e1cf1
D:/chest_xray/train/PNEUMONIA/person118_virus_224.jpeg,train,PNEUMONIA,1.602040816,3.229368393,d4082bf5ebd22f4b7c0b4ebf4c3a18bb40c35ca5182d4c0e4d247c3c4d3ced3f
D:/chest_xray/train/PNEUMONIA/person1463_bacteria_3811.jpeg,train,PNEUMONIA,1.66,2.969790779,940360aac3d13f43c7683f0ec3783e1878f264b03c3fc7829c7f9b869e183e8f
D:/chest_xray/train/PNEUMONIA/person614_virus_1183.jpeg,test,PNEUMONIA,1.631578947,3.084962388,906a2fa5c3d01e5bed2f69343cb6c9d23d0f90efcb5abc3dc1e0c97038704343
D:/chest_xray/train/PNEUMONIA/person529_virus_1050.jpeg,train,PNEUMONIA,1.588235294,3.112789469,d0af6fd0c7521b4d192d16b4393995b42d963ce5b4e3b8c3b8e09430bd3cb1e4
D:/chest_xray/train/PNEUMONIA/person1466_virus_2542.jpeg,train,PNEUMONIA,1.579545455,2.988718858,90ef3942e52b7c2f783c0a6238a7a8ef8dad18bf49ef0aa708974b054a177875
D:/chest_xray/train/PNEUMONIA/person1454_virus_2486.jpeg,val,PNEUMONIA,1.471698113,3.085783479,d40040bfe3d41f4af30d1b24bd2643963cd270eb3c43f4fcea973c2d43e44f0e
D:/chest_xray/train/PNEUMONIA/person1433_bacteria_3705.jpeg,train,PNEUMONIA,1.495145631,3.119553463,d4006eabc3f53f50e94e092e28b7c4f90ef9686fc7ab1a1e50c99f0d382ce16a
D:/chest_xray/train/PNEUMONIA/person124_virus_234.jpeg,test,PNEUMONIA,1.288590604,3.292858093,d8ed7c16e7d09f4bdf6dd72d5b2c932c1e34696124b44c7b3ce134d20c6900e1
D:/chest_xray/train/PNEUMONIA/person465_bacteria_1979.jpeg,train,PNEUMONIA,1.579545455,2.747131363,c0003ef6c3c25f0bdc254d305d15d4d568d11ce550d379699a4f4b6cdf61de5a
D:/chest_xray/train/PNEUMONIA/person401_bacteria_1808.jpeg,train,PNEUMONIA,1.474663909,3.350100537,95176feab2951e5fa16a6961ad076a92ac5be0d21ad484fa4bd39c877cb41c03
D:/chest_xray/train/PNEUMONIA/person995_bacteria_2923.jpeg,train,PNEUMONIA,1.387096774,3.057687934,91577e82af273a3f89600da24ba1cda462f0c310936473edb37565e86b7f00f9
D:/chest_xray/train/PNEUMONIA/person264_bacteria_1232.jpeg,train,PNEUMONIA,1.581632653,3.00659704,ddff6fd0ab00285f0d3d0df455fb46fb18afc6accb089d2c8d01bd10a51a830b
D:/chest_xray/train/PNEUMONIA/person1121_virus_1846.jpeg,train,PNEUMONIA,1.793478261,3.053721077,8154fc0bbebd1ad78f6b5bfd8e5e19e60b14143e0a1b061e31834e30e7aaca95
D:/chest_xray/train/PNEUMONIA/person667_virus_1253.jpeg,train,PNEUMONIA,1.364285714,3.151636423,d543b4ffe2f51b54f7104b02b60b42dd3c08d09449c014bd6b4b1e83e2fecfad
D:/chest_xray/train/PNEUMONIA/person1520_bacteria_3971.jpeg,val,PNEUMONIA,1.298969072,2.962879187,94ff5af0e3d04e12917acf0b5a6db9696b2c390c3ca438523df838d16c1fb4b0
D:/chest_xray/train/PNEUMONIA/person924_virus_1581.jpeg,train,PNEUMONIA,1.795454545,2.937656119,d0bdf01bd709783de6373d12a9a0041828a10405282941c3ae3e6d4ffbeffffe
D:/chest_xray/train/PNEUMONIA/person1333_bacteria_3385.jpeg,test,PNEUMONIA,1.734693878,2.841957598,90af2fd0ef054f3f5c364aa649cb0de34ebf418f49e74174412441613b716fb4
D:/chest_xray/train/PNEUMONIA/person786_bacteria_2690.jpeg,val,PNEUMONIA,1.225490196,2.964729623,d0442bbf57a81e851e0a4a5e3de938e521ed3da5f8c7e5a97882e858ea343a95
D:/chest_xray/train/PNEUMONIA/person61_bacteria_289.jpeg,train,PNEUMONIA,1.270833333,2.905473933,d40a6ef5e7d01b43922b0f047d6de3f46c593071c2903c3ab692c7877d691f43
D:/chest_xray/train/PNEUMONIA/person873_bacteria_2796.jpeg,train,PNEUMONIA,1.652173913,2.726789296,d40a2efda3d02941852590562d7ad079e1f97cbdd25e4517543e417a45ae92fb
D:/chest_xray/train/PNEUMONIA/person1757_bacteria_4599.jpeg,train,PNEUMONIA,1.385542169,3.151107559,d1002bbfef571c4a3c7d21e023873d06e010c300380b185edb497e7f7cfbfcb5
D:/chest_xray/train/PNEUMONIA/person1149_virus_1924.jpeg,train,PNEUMONIA,1.3984375,2.896753292,d5faff85ee070a1e1e7a5f695e01180346b35fb23c8a408e7b8f3a5e5694050b
D:/chest_xray/train/PNEUMONIA/person1441_bacteria_3724.jpeg,train,PNEUMONIA,1.377622378,3.231100852,d4022ffd2795125a1c6a057c09f01ca94cb26db63cb71c3c1f0f1f9e0dbe07b6
D:/chest_xray/train/PNEUMONIA/person348_virus_716.jpeg,train,PNEUMONIA,1.095588235,3.236404341,d10a2bf5f6801e435c7f49e83bc379833ff63975a2d5bc00f01ee085fc09c07a
D:/chest_xray/train/PNEUMONIA/person520_bacteria_2204.jpeg,train,PNEUMONIA,1.420454545,2.882575277,902a2bf5e7805e03da1e4b7c3c2148a64da51c7568751e963ca7e5e57ce314f9
D:/chest_xray/train/PNEUMONIA/person506_virus_1018.jpeg,train,PNEUMONIA,1.729166667,3.073112855,d42bf6d4e3d03f4da7343b22c3323f0238e996d23c2fc3cbf24930e7344160cf
D:/chest_xray/train/PNEUMONIA/person313_virus_637.jpeg,train,PNEUMONIA,1.55,3.103940306,d01b3fa0af801f0a89682d552815c29b4ead5c4aa7852b5fb2f96abfa1eae1d6
D:/chest_xray/train/PNEUMONIA/person1933_bacteria_4844.jpeg,train,PNEUMONIA,1.411764706,3.022414467,d02d3dd427d01f4b152d1da23c3a60f86c69646d47cb1e0b9f8bdf824f2cce1c
D:/chest_xray/train/PNEUMONIA/person889_bacteria_2813.jpeg,test,PNEUMONIA,1.597014925,2.780445455,c5023eaaa2d14357152f56b849e896a96af14de14a95495d9ef54b7a65ab921e
D:/chest_xray/train/PNEUMONIA/person370_bacteria_1688.jpeg,train,PNEUMONIA,1.651162791,2.644982797,95ea6f05e41e1a78f7697a6a34e96f803c2022ac299f31d6641634afe35a675a
D:/chest_xray/train/PNEUMONIA/person745_bacteria_2648.jpeg,train,PNEUMONIA,1.485393258,3.212829187,901565eac6a11a55ca7a7930fdb6cf81b10dc0aeaf52d2ad8f4b186bc8f39c29
D:/chest_xray/train/PNEUMONIA/person1283_bacteria_3246.jpeg,test,PNEUMONIA,1.141666667,3.241035297,94146abe43ea1fa15a171e10187a0f6a5a3f43785c69796d4f81387a6f967e07
D:/chest_xray/train/PNEUMONIA/person409_virus_818.jpeg,test,PNEUMONIA,1.362318841,2.923694526,d40a2bfd6b022e4b5e5c6b543d821cb245d23de3b0f1e3e0b6b562f560e148ed
D:/chest_xray/train/PNEUMONIA/person323_virus_656.jpeg,train,PNEUMONIA,1.241758242,3.150719719,914ae881a7d53a57ed203c826bda2d2978f60de238f347963cb739e50e3803e7
D:/chest_xray/train/PNEUMONIA/person1529_virus_2663.jpeg,test,PNEUMONIA,1.568181818,3.140445543,915625a8c7801e5bca793a693c28c2713da1f8d76b829e8fc9f497c378d6c358
D:/chest_xray/train/PNEUMONIA/person1194_bacteria_3143.jpeg,test,PNEUMONIA,1.726027397,2.657917781,c02d2fd65f491c27b8923cb890d03c5090f89bea9e9f43c71c0e1b6f2d2e4bcf
D:/chest_xray/train/PNEUMONIA/person1286_virus_2209.jpeg,train,PNEUMONIA,1.350515464,3.095285263,905429bfc6a01e42da2f4cbc3daaf4b5657834a4695a97a57b5ac5ad4b50b42d
D:/chest_xray/train/PNEUMONIA/person1590_bacteria_4176.jpeg,train,PNEUMONIA,1.07826087,3.084983803,d500aefdc2aa1f44d4143f43aebf4b3e1c3d43740c2dc2d247bd1c3543873a3d
D:/chest_xray/train/PNEUMONIA/person256_bacteria_1189.jpeg,test,PNEUMONIA,1.406015038,3.184437438,94552ffb03d51e13435a1f786969c7a15e16448a4f83cd0bc3d2de5af4b0c3c3
D:/chest_xray/train/PNEUMONIA/person545_bacteria_2290.jpeg,train,PNEUMONIA,1.282978723,3.179832534,98517dabc7b81ad1876e1f4b192cd7bc6d7890f46c1094f05fd23c2b1cc21d2b
D:/chest_xray/train/PNEUMONIA/person616_bacteria_2487.jpeg,val,PNEUMONIA,1.422169811,3.199780487,81573fa8e7801e17d65a4a5a342948343d783deb61ed01ab687c9df5352d351e
D:/chest_xray/train/PNEUMONIA/person481_bacteria_2041.jpeg,train,PNEUMONIA,1.286764706,3.025577248,d4026fbd4bd50f024d2e0eb44e9286880abfa42fbed5b54de7c1f058b4b8e2da
D:/chest_xray/train/PNEUMONIA/person59_bacteria_284.jpeg,train,PNEUMONIA,1.755868545,2.970010641,90fa6e81ee123a4acb691b2d00a44f3275f46df649624bd2ef4f78716941c637
D:/chest_xray/train/PNEUMONIA/person478_bacteria_2032.jpeg,train,PNEUMONIA,1.442105263,2.8945064,d40a6ff5abd50b4b432d1a2443281ed0487806d61c3547d178f2d4f25ffb74bd
D:/chest_xray/train/PNEUMONIA/person1043_bacteria_2977.jpeg,train,PNEUMONIA,1.491071429,3.271518095,94aa6a050742104f0d2555341db665faf49865e447af1cbe068f6fa73ca17fc7
D:/chest_xray/train/PNEUMONIA/person958_bacteria_2883.jpeg,train,PNEUMONIA,1.395348837,2.865962278,d4576fa887950a57056a5f2c05ec1eeffde05f254a3a0eab481f07814e1e969a
D:/chest_xray/train/PNEUMONIA/person1765_bacteria_4608.jpeg,train,PNEUMONIA,1.46728972,3.11196071,805f3fa00397151e1f6c1ff51e925f507f587a9e4a045c147c5e6a18781d7c5d
D:/chest_xray/train/PNEUMONIA/person734_virus_1355.jpeg,train,PNEUMONIA,1.683760684,2.630569087,905579eae5a847953e97c6caca081a0dc76ccf163a1735e8e61a6a1e9f06d297
D:/chest_xray/train/PNEUMONIA/person1803_bacteria_4652.jpeg,train,PNEUMONIA,1.452380952,3.087098064,d42a6fa0afd51f5f016d0f05182745804c135c695a855e1adae15e3dbe2dcb5f
D:/chest_xray/train/PNEUMONIA/person359_bacteria_1644.jpeg,train,PNEUMONIA,1.252336449,2.984635133,941839ffe3a00f80f607c2d73e52d24b87483e2d6a5e2f427a3c479e1f07607b
D:/chest_xray/train/PNEUMONIA/person684_virus_1275.jpeg,val,PNEUMONIA,1.427272727,3.207628167,d0053f70b5a857955f9b4eca0b4c6e520a5a83482548954a56cad6abbe8ffed9
D:/chest_xray/train/PNEUMONIA/person1004_virus_1686.jpeg,train,PNEUMONIA,1.783333333,2.949746839,d05b2dafe5a54ad6be5ed25f4b78bc2d6875cf683c355a704fe19620302c8160
D:/chest_xray/train/PNEUMONIA/person962_bacteria_2887.jpeg,train,PNEUMONIA,1.404255319,2.738067718,ddeb7ff563841e1e567c5f583e29ff787fa8fe616d215c20404a438568404921
D:/chest_xray/train/PNEUMONIA/person536_bacteria_2259.jpeg,train,PNEUMONIA,1.422680412,3.239224642,d41f6ea8a3f507d0074a034b1b2d0b2cc1273c343c3ee35e7df27c356c3c3c1e
D:/chest_xray/train/PNEUMONIA/person375_bacteria_1713.jpeg,test,PNEUMONIA,1.589041096,2.655525251,916b7aa0da12587a16701a53c1873c87f3d4968ec1c7d7c1784b43c80efe1ff6
D:/chest_xray/train/PNEUMONIA/person531_virus_1053.jpeg,val,PNEUMONIA,1.690721649,3.056675212,d17e7ea0b7153a5e8d681fb4197e07e9385fb4ca1e1a1854862d1a1f92c11e3d
D:/chest_xray/train/PNEUMONIA/person466_bacteria_1987.jpeg,train,PNEUMONIA,1.287634409,3.253426047,d55041aaf3f51680ca1e0f4cf92b478c695935e97e1521e2e597285e7383e1de
D:/chest_xray/train/PNEUMONIA/person1527_bacteria_3990.jpeg,train,PNEUMONIA,1.662921348,3.045912064,d454efbfc6801e5a822f4afc5e28c2161d69505765793c25ea5e1ea53a96c27a
D:/chest_xray/train/PNEUMONIA/person344_bacteria_1585.jpeg,train,PNEUMONIA,1.321305842,3.190587446,d4007caec7b51a008b563d363c5a3e683c2d2d264e832c5227856f1ced6ff78f
D:/chest_xray/train/PNEUMONIA/person512_bacteria_2155.jpeg,train,PNEUMONIA,1.593008739,3.075526528,90fa74a1ef163e5be72d1a5d696c870d787491610a02f9e4b7a769609343671e
D:/chest_xray/train/PNEUMONIA/person573_bacteria_2369.jpeg,train,PNEUMONIA,1.403846154,2.832154212,94406aafe7b91ed0bf42c36b3b4db92cc3f4381070f4c6b46c3a69eac7c0587a
D:/chest_xray/train/PNEUMONIA/person509_virus_1025.jpeg,train,PNEUMONIA,1.744444444,3.150445009,d00b2efda7d01b4ac32f5b820cad4ae018e94ad25c974f814d49de1dcf5b1e1f
D:/chest_xray/train/PNEUMONIA/person393_bacteria_1789.jpeg,train,PNEUMONIA,1.519480519,2.836739897,d14a2bfff7d47e02565fc2787f601c81489d0ca81cad452f47731eb255b455a4
D:/chest_xray/train/PNEUMONIA/person771_bacteria_2675.jpeg,train,PNEUMONIA,1.797101449,3.363884089,d02b2fd42f0a1e2fc2704b2fd3f643207040559055fd17e747f321fda4956c1f
D:/chest_xray/train/PNEUMONIA/person1412_bacteria_3612.jpeg,val,PNEUMONIA,1.602040816,2.931817912,d02ba5f4c3c01f4bec3c6d303cadd3d07d9ad0b64b027cbcc38d4f2938f4c368
D:/chest_xray/train/PNEUMONIA/person1254_virus_2130.jpeg,test,PNEUMONIA,1.634146341,2.973582803,d5463cafc0f716d2f70b0f49bd09c38f2f08d26d4f923c25c1f81f21387e4968
D:/chest_xray/train/PNEUMONIA/person504_bacteria_2132.jpeg,train,PNEUMONIA,1.27154047,3.013226512,d40b64ede3d01b4bc32d4b50b46b43c46c4b90f42c13b0f1d3d3e4b5dbc36d4b
D:/chest_xray/train/PNEUMONIA/person1300_bacteria_3264.jpeg,train,PNEUMONIA,1.016129032,3.130391667,90532bf556a01456585518fa1ca258f61fe91cff42b43d8d3ab507b93e945abc
D:/chest_xray/train/PNEUMONIA/person425_bacteria_1860.jpeg,train,PNEUMONIA,1.486454653,3.073605852,d01575eae3a11e95fa5e8f487a4db16b4b21b8d495e85a17b1e44e0fa43e45c2
D:/chest_xray/train/PNEUMONIA/person51_bacteria_241.jpeg,test,PNEUMONIA,1.382608696,2.880005278,95fae885a740125e874f170d530d1f3e19f40f7f1cf54f0c4e381ae85a3859a7
D:/chest_xray/train/PNEUMONIA/person1115_bacteria_3056.jpeg,train,PNEUMONIA,1.477477477,2.950501231,d17a3fb1e6805e5e1e4d42794b303ca56af26fa3398e41ce4b4a38c23cbcaf28
D:/chest_xray/train/PNEUMONIA/person327_bacteria_1509.jpeg,val,PNEUMONIA,1.507575758,3.344681913,904629bae7b03e05ca4b3b4c3c2fcad03c6bc6f505e738e5cbe13c25e2f04f25
D:/chest_xray/train/PNEUMONIA/person339_bacteria_1573.jpeg,train,PNEUMONIA,1.620253165,2.787644585,ccbf3fd2e74a192daabc7f563cf2bbca2c4ae4cb834f248f9243450d00b6020f
D:/chest_xray/train/PNEUMONIA/person55_bacteria_262.jpeg,train,PNEUMONIA,1.211382114,2.965558059,88153dfef6aa4e81c61f5e3d397071a94b41f16928e1a1e368fe2f17e4a06878
D:/chest_xray/train/PNEUMONIA/person1924_bacteria_4833.jpeg,test,PNEUMONIA,1.670588235,3.091053845,d46a6fb407d71a0a8f3d1da669d2c6022cc5cf09860dc3c8c34dd2f8c3c7d5b7
D:/chest_xray/train/PNEUMONIA/person1461_virus_2510.jpeg,train,PNEUMONIA,1.255230126,3.263648743,915535bec6a01a47d16f6b5890294bf53da7d9d60d02b0fe6d6bb0fcc1603c25
D:/chest_xray/train/PNEUMONIA/person1122_bacteria_3063.jpeg,train,PNEUMONIA,1.578490893,3.166659337,94aa72a1f3407a0fe31e3e1ef0287d2038e7f3c3180fe1c73fdf78f0000b3ce5
D:/chest_xray/train/PNEUMONIA/person1235_virus_2095.jpeg,train,PNEUMONIA,1.788235294,3.118258908,d00a34bdc2d04f40d7223d22bd2fe3bc3c30b4ed6fc2bc3ce6943d0bb0f46bc2
D:/chest_xray/train/PNEUMONIA/person1018_virus_1706.jpeg,train,PNEUMONIA,1.632653061,2.89008811,c0bf2ff0a34a2d2db834e9d23ca3f0d8cf493c9fca78ed073c742861ec9628d0
D:/chest_xray/train/PNEUMONIA/person266_bacteria_1240.jpeg,train,PNEUMONIA,1.757142857,2.742609384,c0aa7fd52f432a0f832e0f2f95744b60d705c3c4db61d2e05b69961f43da41af
D:/chest_xray/train/PNEUMONIA/person531_bacteria_2242.jpeg,val,PNEUMONIA,1.222222222,3.081918516,915769eac7a03e85e25d7a1bb05a4f387d3c71a03ca531e2cf85d81e11e35a1e
D:/chest_xray/train/PNEUMONIA/person722_virus_1341.jpeg,train,PNEUMONIA,1.552660152,3.195716255,944274bdc6d11b43c32d4b2891246ad174a7c6d67fcbf1e9e34bb09f83c12c2d
D:/chest_xray/train/PNEUMONIA/person324_virus_658.jpeg,train,PNEUMONIA,1.505154639,3.06549137,d40020bfc3d50b58ef0c4b64bc12cbda3dc0fc73cfc0b5ade12f1f03b4a5e1f0
D:/chest_xray/train/PNEUMONIA/person370_bacteria_1690.jpeg,train,PNEUMONIA,1.173913043,2.888231288,952a3bf5fe02105fb5fd3180b58f901e94949d05e963a8e5a8a5f8c77c44fad0
D:/chest_xray/train/PNEUMONIA/person296_bacteria_1395.jpeg,train,PNEUMONIA,1.428571429,3.110400095,88eb2aa0a7143e5f877c2f5469e287564eabc5d54e9d6ca8d6ac5a2955941aa5
D:/chest_xray/train/PNEUMONIA/person407_bacteria_1822.jpeg,test,PNEUMONIA,1.701538462,3.129284804,915e67eac6851e5fc2781b25f1275e90395a91af4f85915ace97960fc3a80f0c
D:/chest_xray/train/PNEUMONIA/person1060_virus_1760.jpeg,val,PNEUMONIA,1.426086957,2.969933894,c12fa5fee2510a4de82f68683cb2ebbb7ff81849c00c8a086829d36b7e7ae6f0
D:/chest_xray/train/PNEUMONIA/person483_virus_985.jpeg,train,PNEUMONIA,1.620253165,2.926179655,917e1fa4ce151a7ab5ed4f86b49ec691af4b96b4cf41b4a56385870b7094234a
D:/chest_xray/train/PNEUMONIA/person107_virus_197.jpeg,train,PNEUMONIA,1.578125,2.846580271,c1ea6e054e174b6e0d682eb7387a34a17c9271c856966cb279af5b4b5b471a49
D:/chest_xray/train/PNEUMONIA/person991_bacteria_2918.jpeg,train,PNEUMONIA,1.207207207,2.901356437,d40a6ea521ff36d0012a19257937e5a5669e602fe1ac7856b7aae78be2c2e0e9
D:/chest_xray/train/PNEUMONIA/person1613_bacteria_4247.jpeg,train,PNEUMONIA,1.72,3.109828368,91eaee81af553a5e072d193e18724f0138fe16a35e3e112e56133c703f876f1c
D:/chest_xray/train/PNEUMONIA/person471_bacteria_2004.jpeg,train,PNEUMONIA,1.804878049,2.728757982,90ef6ac0af8b3a6f833d3f0c9d248f123f3a8d770d3841a6070f387125d7455b
D:/chest_xray/train/PNEUMONIA/person1168_bacteria_3114.jpeg,test,PNEUMONIA,1.394495413,2.831496725,d4bf6fd4efc05f174d3548344cb00a9568f18ea138fbc3ad0b05e1649742f96a
D:/chest_xray/train/PNEUMONIA/person1480_bacteria_3859.jpeg,train,PNEUMONIA,1.601941748,3.044542233,c0bf2fc0974a592d81b0cb826de1c2d26c43d4eac60d4ebd12f948bd12fdc3cf
D:/chest_xray/train/PNEUMONIA/person539_virus_1069.jpeg,test,PNEUMONIA,1.75,2.93570254,d400f4bdc2d03b6bd3e54b0295b9cb4bc9b6d307cdbc5a12e02d1f80e1eb4b1e
D:/chest_xray/train/PNEUMONIA/person327_virus_679.jpeg,train,PNEUMONIA,1.597826087,2.924640332,d40a60f5c3d00f48e52e2f927c4bf6c87e4278e3d6c37d4bd7858f823968d216
D:/chest_xray/train/PNEUMONIA/person1473_virus_2551.jpeg,test,PNEUMONIA,1.134782609,3.088284882,d19a3f30c620585e182dc67159c338af4ffb798f1ac2c27a1f1c1a7a4a782bad
D:/chest_xray/train/PNEUMONIA/person622_virus_1196.jpeg,train,PNEUMONIA,1.297709924,2.992706817,9140e5bfc6b01a41c2250b04f04acf95787df7d57c07b0f4c703385a7a97b78f
D:/chest_xray/train/PNEUMONIA/person436_bacteria_1883.jpeg,train,PNEUMONIA,1.215149073,3.260906785,d54a3ff5f6807a43b80f696f30b4407187bd92d4d1c9925efb59c6949a1a90b4
D:/chest_xray/train/PNEUMONIA/person603_bacteria_2461.jpeg,train,PNEUMONIA,1.447916667,2.90078982,d00a28f5e3d85f48d72e5d7e78154be81ca0417f1e075b4bf6d539417b591243
D:/chest_xray/train/PNEUMONIA/person263_bacteria_1227.jpeg,train,PNEUMONIA,1.366733467,3.111348954,905a74a8c7851a5ee96e696fb4bb40f13cc3f0c6cf5a9c2deb609c68b0b44729
D:/chest_xray/train/PNEUMONIA/person1074_bacteria_3012.jpeg,train,PNEUMONIA,1.281609195,3.023408814,91e9bc152e1f18783f654f3e3eb442da7a1cc2d83a27c6927b08c786368a43be
D:/chest_xray/train/PNEUMONIA/person374_virus_757.jpeg,train,PNEUMONIA,1.158940397,3.262651064,805575fac3ff9e11eb557b47b41a6bc13c0b61a4348248b083d23cb7b4e3697a
D:/chest_xray/train/PNEUMONIA/person1320_bacteria_3350.jpeg,train,PNEUMONIA,1.398550725,3.135292426,d0ab3fd075421e2b0a2f4abc3cd26cdb6edb2ccb60aa4b090d3f4fbe0c342c3c
D:/chest_xray/train/PNEUMONIA/person1446_bacteria_3740.jpeg,train,PNEUMONIA,1.575757576,3.492301506,d0a53fd2f2125a4f5e39403840b01a63492d92943825b4d693d73cf43df5d7df
D:/chest_xray/train/PNEUMONIA/person1448_virus_2468.jpeg,val,PNEUMONIA,1.678188319,3.15100893,d17f7ea0c6957a1bc8780e213836d3696fb779e5e5c3ce1e6cf014180c699843
D:/chest_xray/train/PNEUMONIA/person340_bacteria_1575.jpeg,test,PNEUMONIA,1.371900826,3.044030877,d04b3fb5e7921e0a342d94e03d82916faf4bb96d43584f380e7a0bfe00eb10fe
D:/chest_xray/train/PNEUMONIA/person23_bacteria_80.jpeg,train,PNEUMONIA,1.179104478,3.145153318,d4af2bd6ef022e0f5a3dc5386ca52817c3966cca4ad593086e3fc3649b137c2c
D:/chest_xray/train/PNEUMONIA/person1888_bacteria_4775.jpeg,val,PNEUMONIA,1.232704403,3.38451993,95576fa807fd1e550b5c1d2f4c366c1a7cb06ec27cd278f0478078f0c575e03c
D:/chest_xray/train/PNEUMONIA/person326_virus_672.jpeg,train,PNEUMONIA,1.273972603,3.337571941,940b6bfd4b501f62092e0ba278621efc3cf7c1e74e10cd25df10f93c8f2d1a69
D:/chest_xray/train/PNEUMONIA/person12_bacteria_47.jpeg,train,PNEUMONIA,1.097222222,3.228332458,dd412daba2ba1bd1c30f1b5e9c3e4bb07930487179f4d0e44c56781f44d47c9e
D:/chest_xray/train/PNEUMONIA/person556_virus_1096.jpeg,train,PNEUMONIA,1.466019417,3.209166596,80577faaef855b5fc9280da40a8201c10a834062c7875b6dfb797f0f4bf47df0
D:/chest_xray/train/PNEUMONIA/person30_bacteria_145.jpeg,train,PNEUMONIA,1.376470588,2.763818277,d4222abfebd01f0b1a2f59743de054d3c7da548294d19553d2cf90e89678b47c
D:/chest_xray/train/PNEUMONIA/person1556_bacteria_4061.jpeg,train,PNEUMONIA,1.164473684,3.659316655,945f7ea1e3d54fc2871e1f400b4cc52c1e3e387ed2bcce341f0c4e147cf0b4b4
D:/chest_xray/train/PNEUMONIA/person977_bacteria_2902.jpeg,train,PNEUMONIA,1.338999056,3.349828416,956a2fe063e43e47ca5f397831f96bb43d3261a1a58338d4cb84960ec878c78f
D:/chest_xray/train/PNEUMONIA/person1068_virus_1771.jpeg,train,PNEUMONIA,1.7,2.89665844,d41bf4a8a7d53a5ba74b0b05296e87850a5a41a592364de8d25f5878b7e5c75a
D:/chest_xray/train/PNEUMONIA/person313_bacteria_1458.jpeg,train,PNEUMONIA,1.625,2.811458151,95ff2fb5e305141e943cc2503eab5ada46ea3ad6cbdbd6d1794ac0c18a421c1b
D:/chest_xray/train/PNEUMONIA/person356_bacteria_1638.jpeg,test,PNEUMONIA,1.515428571,3.311872365,905761eae7811e17e25a3b593da5658778d6b5a96a1690f4485a1d5f49d13c74
D:/chest_xray/train/PNEUMONIA/person1454_bacteria_3779.jpeg,train,PNEUMONIA,1.428571429,3.384633842,c57f3e81a354194b1d3005834ddbc5ba5c9ad82bc789cada9aa51e07db62d2f2
D:/chest_xray/train/PNEUMONIA/person790_virus_1421.jpeg,train,PNEUMONIA,1.448034934,3.147585006,d4086ff5a7de0f0a8d2f2e944648c6c94e4fc78f0e034d06cff669d2c1d269f0
D:/chest_xray/train/PNEUMONIA/person1550_virus_2691.jpeg,train,PNEUMONIA,1.5625,3.194940313,d0bf72b5e7405b0a95257d26b5b24e93bc69a781ef4cb585eb42c1e09f164960
D:/chest_xray/train/PNEUMONIA/person383_bacteria_1754.jpeg,train,PNEUMONIA,1.414634146,3.006144293,c12d3f54f212404b10f461e1a787bf0ee534b2523963b432b503b527bc3ff87b
D:/chest_xray/train/PNEUMONIA/person1885_bacteria_4772.jpeg,train,PNEUMONIA,1.384615385,2.964564451,c50a22ff83f40b40a900eb3d7e3df4bc6bd2240a80896f4afcbff70f0f6ab094
D:/chest_xray/train/PNEUMONIA/person266_bacteria_1242.jpeg,test,PNEUMONIA,1.384615385,2.886310214,c13a2ff57a04185f587d29c52da72f962f83be05fb403ee0587a50f05474c0fe
D:/chest_xray/train/PNEUMONIA/person701_bacteria_2600.jpeg,train,PNEUMONIA,1.641584158,3.172921739,815a3ea0c6851a5f92786b6a3cbb63d16d0d30d6694eb49671c86daf925a79a5
D:/chest_xray/train/PNEUMONIA/person747_virus_1372.jpeg,train,PNEUMONIA,1.493670886,2.646075961,91fa3fe5f216565a9a680b6b1c2752d4b48738b682aa12d614fddbd26a3caab0
D:/chest_xray/train/PNEUMONIA/person597_virus_1150.jpeg,val,PNEUMONIA,1.374100719,3.008052587,d02f7ea0c7d45b0aad2a0d383d3db4f06cd73dfec6952c1b848986923c3ccf05
D:/chest_xray/train/PNEUMONIA/person502_virus_1012.jpeg,train,PNEUMONIA,1.781333333,2.630464435,80b523d5e7406f0bb42fc8bea742301fe1d4b62b7abd152ac6a5631a35aac6a7
D:/chest_xray/train/PNEUMONIA/person934_bacteria_2859.jpeg,val,PNEUMONIA,1.636363636,2.846114578,d0bfab520a051cfe57e85cd79b987dac9a0e55be9e0d6c04ba4d7c01d4417847
D:/chest_xray/train/PNEUMONIA/person557_virus_1097.jpeg,train,PNEUMONIA,1.421487603,3.294125986,917eee81cf551b4e452d181f41424d8308f247ab08bc4daa2e3d6b4bbfb57c3c
D:/chest_xray/train/PNEUMONIA/person641_bacteria_2533.jpeg,test,PNEUMONIA,1.172588832,3.062659557,d07a3fd492951a5b496c19a358e3c3e49facd878c749986992439787b0f6a687
D:/chest_xray/train/PNEUMONIA/person1215_bacteria_3167.jpeg,train,PNEUMONIA,1.490566038,2.817280943,d41b2fa123d50a0a412838f474fa6ef13c9a47871f4396bc0f96b5ace3fc3869
D:/chest_xray/train/PNEUMONIA/person527_bacteria_2226.jpeg,train,PNEUMONIA,1.492239468,3.322168908,d0006ea9a7d5ba46b86c0b2d3da3ccb62dc238e9c9c99e5acad38ef138f0495b
D:/chest_xray/train/PNEUMONIA/person1473_bacteria_3836.jpeg,train,PNEUMONIA,1.541176471,3.118536487,d0ffeef5a7d13a4ac1284d24352a5f947d7cbdd4ee16a0a8028b486ad2a0e71e
D:/chest_xray/train/PNEUMONIA/person502_bacteria_2123.jpeg,train,PNEUMONIA,1.450381679,3.223718922,944f6fa12fd13e4b8b6f182dc3603c30497c3d1c00c3cf963cbf4f921c3963c7
D:/chest_xray/train/PNEUMONIA/person117_virus_223.jpeg,val,PNEUMONIA,1.619834711,3.164459764,d02b7ea5a7903b4abd282bb439e060c5284620e74b4b3c7a7e962d6b7cf01f7c
D:/chest_xray/train/PNEUMONIA/person576_bacteria_2376.jpeg,train,PNEUMONIA,1.184,3.003131607,91443bae63a01e85561f5a7a3c6a4be929e139a369b53da370a741da3bc768d2
D:/chest_xray/train/PNEUMONIA/person534_virus_1061.jpeg,test,PNEUMONIA,1.5,2.826558383,c11a97ff65a0c6169e593831c2494d253824684811a5e512696b7af4fd2fefbf
D:/chest_xray/train/PNEUMONIA/person1559_bacteria_4067.jpeg,train,PNEUMONIA,1.621212121,3.12073127,d4afafd2bb402b37c21e488a1036540a348382cb26b792fe44ed9257d3de35f7
D:/chest_xray/train/PNEUMONIA/person51_bacteria_245.jpeg,train,PNEUMONIA,1.226415094,3.019132704,985569bae7a81ea4c6171e57e40f4a5a7d085b783d29c3ef6b4030ad39c2392f
D:/chest_xray/train/PNEUMONIA/person720_virus_1339.jpeg,train,PNEUMONIA,1.559139785,2.816903928,d0ab7bd0ef521e4b83281b203d22c1b76c9bf0d76dcb3d7cc7c54f0016d04f58
D:/chest_xray/train/PNEUMONIA/person1771_bacteria_4615.jpeg,train,PNEUMONIA,1.301775148,3.291946944,d02b2ff443ff4f0a1d2d4dbc0d021c306ff03fa2b8c2e2caf68df0d3e0f0f490
D:/chest_xray/train/PNEUMONIA/person278_bacteria_1314.jpeg,train,PNEUMONIA,1.506426735,2.981351795,d40061bbc3953f04de1f3b69b92943b53db2e09225c1329fe7cf1286610b97ed
D:/chest_xray/train/PNEUMONIA/person587_bacteria_2421.jpeg,train,PNEUMONIA,1.398675497,3.076108037,915d2fa0ee17385ed8725b0395a4ca94958dd2d1d6401c7a4f5756e93c38ef4c
D:/chest_xray/train/PNEUMONIA/person361_virus_740.jpeg,val,PNEUMONIA,1.837837838,3.38795932,d2fd6e426f0b7c3dbdb43c936cc366c56c646624661c4e00861cc686e70ff4f8
D:/chest_xray/train/PNEUMONIA/person68_bacteria_335.jpeg,train,PNEUMONIA,1.252427184,2.918700984,90407beaee801e06967a1278196152b709f511ea02f515eab8f25fdebeb252fe
D:/chest_xray/train/PNEUMONIA/person1522_bacteria_3977.jpeg,train,PNEUMONIA,1.362831858,3.298540924,d0292fd7cbd81b6b553e4d701cd1406a0da01843c36dba61fa7c969cbe0da97d
D:/chest_xray/train/PNEUMONIA/person319_bacteria_1476.jpeg,train,PNEUMONIA,1.84,2.985214732,d4ee67f0a74b280d83943992b9b0be9a79fbbeb90a6135879e1d3f1f1a490060
D:/chest_xray/train/PNEUMONIA/person281_bacteria_1325.jpeg,val,PNEUMONIA,1.455696203,2.785156992,d40a6bb5e3d03ac2b82b6a783c2dea2deb88b9a7684a1c127c176d3c692e78a7
D:/chest_xray/train/PNEUMONIA/person310_bacteria_1451.jpeg,test,PNEUMONIA,1.572277228,3.433657394,900a29b5c6a03a52be5bca5d3c2ed634eb503da5e816e5a6392bcb78c69e318f
D:/chest_xray/train/PNEUMONIA/person1202_bacteria_3153.jpeg,train,PNEUMONIA,1.4375,3.123000945,d0022bfdebd03f00f82f4b6d3d2c49755d455dd55d4b54c751da148710df2878
D:/chest_xray/train/PNEUMONIA/person751_bacteria_2654.jpeg,train,PNEUMONIA,1.647350993,3.016973403,d1552beae7a97f05bc0ec2bc87501c01e057968538f0e5303a5f7c35c6945e7d
D:/chest_xray/train/PNEUMONIA/person870_bacteria_2792.jpeg,train,PNEUMONIA,1.6125,3.087670514,d42a2bf5eb801e0b58354b501d02501640da1c8ec3af87bc3cf5cbed97de396f
D:/chest_xray/train/PNEUMONIA/person23_bacteria_102.jpeg,train,PNEUMONIA,1.674418605,3.030042208,90afabf4af02bd2fe7753d45d5243d60b8a22d6bb875c9491d05c1700d2d69f0
D:/chest_xray/train/PNEUMONIA/person448_bacteria_1937.jpeg,train,PNEUMONIA,1.348214286,3.1739788,d0ed3b50e6171a5a1064c679696796b6cdd28db631cec5be8846a24949d2977d
D:/chest_xray/train/PNEUMONIA/person1544_bacteria_4038.jpeg,train,PNEUMONIA,0.958015267,3.173626926,d8002bffc7aa16d5c1490fa53e964b9e1f19184d0a511c6b52ff1e3b1c780f3d
D:/chest_xray/train/PNEUMONIA/person80_virus_150.jpeg,train,PNEUMONIA,1.418181818,3.202194362,d00a29f5c2c00a4afa2f483f18ab482f49af188f496fc74b5e52ff2cff417a61
D:/chest_xray/train/PNEUMONIA/person299_bacteria_1416.jpeg,test,PNEUMONIA,1.173076923,2.903396938,d0bd3ffaff4f5f2f1e3e96f00dd11487940983088602ba292821ead1fe71bc58
D:/chest_xray/train/PNEUMONIA/person437_bacteria_1887.jpeg,train,PNEUMONIA,1.657894737,2.877483057,d4087ef53f41592f03b40a5a07f92c7a34f26c57b4726c16e4b8529fb49e0697
D:/chest_xray/train/PNEUMONIA/person1496_bacteria_3906.jpeg,val,PNEUMONIA,1.330578512,2.976650835,d029eff4a3d20a4fc0041b483c7d437c1c14c15c6fc078f76db63c3de14bf696
D:/chest_xray/train/PNEUMONIA/person1057_bacteria_2991.jpeg,test,PNEUMONIA,1.538461538,3.142941333,91f07f00ee853c1490f0cad23acb4aebc76b3cc7e562ff8f392803a40b3c39e5
D:/chest_xray/train/PNEUMONIA/person58_bacteria_273.jpeg,train,PNEUMONIA,1.4,2.722731285,d0002baf53d45e521e0b4a511d611823e172d5a179f3d1f55bd4687e5afe4ada
D:/chest_xray/train/PNEUMONIA/person564_bacteria_2343.jpeg,train,PNEUMONIA,1.344827586,2.866631152,d0262faee7941f52902b5b45150e42b63d2f52bd7d6a58a969e268a561b76b83
D:/chest_xray/train/PNEUMONIA/person61_bacteria_293.jpeg,train,PNEUMONIA,1.255102041,2.950528953,d04a2fb5e7901a53556f5b5d3df86bf56df014b46df6bde1e2d2a50034148108
D:/chest_xray/train/PNEUMONIA/person1576_bacteria_4126.jpeg,val,PNEUMONIA,1.340909091,3.531521928,c0ab2ff5f6037f4a117f40007da06dbf6880398473f769c742c56bc97b4d52d0
D:/chest_xray/train/PNEUMONIA/person667_virus_1252.jpeg,train,PNEUMONIA,1.570247934,3.12372508,915b65f1e3d53f57e0285b0aa4386900308641803c2e440d6f8bf6fd6f8f7dfe
D:/chest_xray/train/PNEUMONIA/person1082_virus_1794.jpeg,train,PNEUMONIA,1.790697674,2.945304671,d0afb4d2c3ca0f0f9e3ccb302c239862452012071869e6969fa669edd6da3fef
D:/chest_xray/train/PNEUMONIA/person574_bacteria_2371.jpeg,train,PNEUMONIA,1.684931507,2.99932316,d0203bf556880a47584a485a5c52514714d7bed5bab5aafdbea0a2a8a3babfba
D:/chest_xray/train/PNEUMONIA/person437_bacteria_1885.jpeg,test,PNEUMONIA,1.288461538,3.127218363,802b2fb5d7405d2f45b44ad3544b43cc496ec37dcb48926bd2ca7cb66ad6495a
D:/chest_xray/train/PNEUMONIA/person23_bacteria_107.jpeg,train,PNEUMONIA,1.7,2.751985499,9aef2ab1af023d5dd7757d6a91a06f2239f169d328ed92d34c491280ce0c3f25
D:/chest_xray/train/PNEUMONIA/person1089_virus_1808.jpeg,train,PNEUMONIA,1.847222222,2.941572801,d0aff4d0e74a1f6d933e4b023c0f8348043410ea0f4130daa7c94f5f3dedcbcf
D:/chest_xray/train/PNEUMONIA/person1128_bacteria_3069.jpeg,train,PNEUMONIA,1.210526316,2.828372303,91556beae6a11c0f5cf44ad0394249afbd4edb8d875a5a95cef01ca25856d6c2
D:/chest_xray/train/PNEUMONIA/person1679_bacteria_4453.jpeg,train,PNEUMONIA,1.835443038,2.902955086,d1ff7f85c6173a5a92615e01382082a10a03b0e94b07f0f6f9f3be5a7992b697
D:/chest_xray/train/PNEUMONIA/person1312_bacteria_3316.jpeg,train,PNEUMONIA,1.079096045,3.137655715,d03b7fe1ef415e5b1c780c2109f41cd11da51e491e0b8e4bcf1b5e391c3d4b5a
D:/chest_xray/train/PNEUMONIA/person1160_virus_1947.jpeg,train,PNEUMONIA,1.642301711,2.785586288,c40822f5c2d00b4bb92fcb963824c6f46d2938f34b4337adeb6b6d2532f0ed2d
D:/chest_xray/train/PNEUMONIA/person275_bacteria_1291.jpeg,train,PNEUMONIA,1.270245678,3.243749414,c47f66a087d0835a812a28a5c4b464ffc0d7b48fe9ad9f2f38efc105383a7d25
D:/chest_xray/train/PNEUMONIA/person328_bacteria_1513.jpeg,train,PNEUMONIA,1.285714286,2.960512528,95006affa3fd02d0c3ca1f411b7b1e50187b0f1c497c43ee587e59e74a3e49e2
D:/chest_xray/train/PNEUMONIA/person456_virus_943.jpeg,train,PNEUMONIA,1.735099338,2.872999134,942b36f5c3c01f4bf23f4d38301dcbf03cbf187204813a6f6beb668769284f85
D:/chest_xray/train/PNEUMONIA/person88_virus_164.jpeg,val,PNEUMONIA,1.217687075,3.059258657,d00a3ef5cee03b5b184d69501da058e24beb1a6986ac4b5e2a8f6bfa8bcf30b5
D:/chest_xray/train/PNEUMONIA/person351_bacteria_1623.jpeg,train,PNEUMONIA,1.317647059,3.050562622,815f6faaae851a17025a124903401afb2bfb38ff40f14f4b79f06bd43dace2f0
D:/chest_xray/train/PNEUMONIA/person1164_virus_1952.jpeg,train,PNEUMONIA,1.533333333,2.753469128,915e6fa0c6011a5f442d3b9154af498731af6fb2397a5a503e0d78784e591e7d
D:/chest_xray/train/PNEUMONIA/person811_bacteria_2721.jpeg,train,PNEUMONIA,1.669882101,3.0737352,91ea2d40e317285b387d69e038866ad66bcf38ad49684f257eff78e3008738cb
D:/chest_xray/train/PNEUMONIA/person681_virus_1272.jpeg,train,PNEUMONIA,1.34,3.084662565,d16f2bd4f203384f34f421e8358bb48e37a817ab3d4b7d2129032843bc72b6df
D:/chest_xray/train/PNEUMONIA/person1237_bacteria_3193.jpeg,test,PNEUMONIA,1.569444444,2.633474791,91ff7ba0c6151a1eda7a5b0339ab1985389a10891499949b94dbd4db96db3ccb
D:/chest_xray/train/PNEUMONIA/person1063_bacteria_2997.jpeg,train,PNEUMONIA,1.262295082,2.845136089,d40b6fa4abd41b0a092d1c845cd2c7c95f4593efcf07996d8bc1297cada58b43
D:/chest_xray/train/PNEUMONIA/person269_virus_554.jpeg,val,PNEUMONIA,1.25170068,3.260718586,c05021bfe6a81a51fa0968153dbe619f29ef30ef4b4e1b5e687f094b3a58d079
D:/chest_xray/train/PNEUMONIA/person593_virus_1142.jpeg,test,PNEUMONIA,1.610619469,3.139815728,d42b76f4d3de7f02e53e3d02b0214780282080d029037474e74b7cf9fef87f1f
D:/chest_xray/train/PNEUMONIA/person1295_bacteria_3258.jpeg,test,PNEUMONIA,1.802469136,2.654397868,d4207857c1ea0ba1c2070b9e4f0ecbbe4f18453eae9c5518abbcda1f457dbaa2
D:/chest_xray/train/PNEUMONIA/person413_bacteria_1834.jpeg,train,PNEUMONIA,1.237288136,2.914790721,941e6faaa7953ac2316f1c693c3447bc4d5045875c55556397164f68b7861e5e
D:/chest_xray/train/PNEUMONIA/person1615_bacteria_4249.jpeg,val,PNEUMONIA,1.141791045,3.295546349,9442bdb5c3bd1a42877d6b4a3c2aed583da1b0f46d83b486cfa2b18f8b52c50d
D:/chest_xray/train/PNEUMONIA/person1568_virus_2723.jpeg,train,PNEUMONIA,1.268115942,3.295284818,90047baa47b01e555a7b4a691d65487509f3386b0a5e1e1f1af70f561e97479e
D:/chest_xray/train/PNEUMONIA/person829_bacteria_2740.jpeg,test,PNEUMONIA,1.488636364,3.042057796,d5023afde2f65f42c63f4f824d2f179c4d16943c4c9290b580bd3d0790f5c3c7
D:/chest_xray/train/PNEUMONIA/person1605_bacteria_4226.jpeg,train,PNEUMONIA,1.279279279,3.328515911,9102b0bfc2e01e44825c2f43a27f0f1eb0fd4fc3b8fd4bd2ac0f5852ee07f1e8
D:/chest_xray/train/PNEUMONIA/person969_virus_1643.jpeg,train,PNEUMONIA,1.40625,2.927031351,d400bf57554a42adaab62fba28aaaaba2ceba2a1aa05a015aaaaec15e2beee3f
D:/chest_xray/train/PNEUMONIA/person1211_virus_2056.jpeg,train,PNEUMONIA,1.421248835,2.896922305,95fa6d85eb171c5ac568394534b44b9b19cfc7d70e3e82f00f4b10f44b2d1c3c
D:/chest_xray/train/PNEUMONIA/person262_virus_545.jpeg,train,PNEUMONIA,1.363057325,3.41192071,917e6a816e1e7c3851a158875d05070f19471f4b3b5e4bcf4ad66ad44f9758f0
D:/chest_xray/train/PNEUMONIA/person326_bacteria_1504.jpeg,val,PNEUMONIA,1.223076923,2.841384135,c80a3ea0c7d51a4e4d301bc46cf9c7343c96d376e6996b26c6f919f210fdc5b0
D:/chest_xray/train/PNEUMONIA/person1546_bacteria_4044.jpeg,train,PNEUMONIA,1.420560748,3.094046674,d04ae4aac6911a4ac12c0b05b03f4f9d386f10f26d4bd3c0ef4bb6c5ff49e52d
D:/chest_xray/train/PNEUMONIA/person40_bacteria_204.jpeg,train,PNEUMONIA,1.460869565,3.042755227,90af2bd4ea007a2f5a2d48e838b1687d2ab5386f69e71b4529550b5d1d555dd6
D:/chest_xray/train/PNEUMONIA/person1179_bacteria_3127.jpeg,train,PNEUMONIA,1.484942887,3.168160698,90572dfee7b53e95c65b2a59ba0a6bfe3fa86a82e5873883411e12962186d296
D:/chest_xray/train/PNEUMONIA/person1320_bacteria_3344.jpeg,train,PNEUMONIA,1.378787879,3.020325663,946a6eb007d40b0a45285fac58be4ebb6cdfedea0e14091e873c1d3e49ae8faa
D:/chest_xray/train/PNEUMONIA/person1910_bacteria_4814.jpeg,test,PNEUMONIA,1.830769231,2.894323737,945a50bbe7d11a42fb6b8f2d5b1687b85f1138fac7e89e1e4b5887a1605a07c8
D:/chest_xray/train/PNEUMONIA/person871_virus_1517.jpeg,val,PNEUMONIA,1.819047619,3.057758138,d0af35d2c34b3f0f82344b003804c300282590d0ef2d3cd6ffe1ed7dbedae7ad
D:/chest_xray/train/PNEUMONIA/person400_virus_794.jpeg,train,PNEUMONIA,1.513513514,2.955963165,d07f7ea5c6b51a06982ec9283d2ff5fd4f41380780c20b5a34bde7c96e793058
D:/chest_xray/train/PNEUMONIA/person1175_virus_1981.jpeg,test,PNEUMONIA,1.525510204,3.106261785,d10f2595c2d01b42c6264b4b962b673d3d2960fd6d383a9765c33da169ca699f
D:/chest_xray/train/PNEUMONIA/person1400_bacteria_3554.jpeg,test,PNEUMONIA,1.641666667,3.221193442,d4e42842876f1f3c5d204eb23a1b2cd92fda3e4b2cd92f54075c0ffa06aa46bb
D:/chest_xray/train/PNEUMONIA/person1316_bacteria_3326.jpeg,train,PNEUMONIA,1.71641791,2.945998017,88aa2aa2e7175b7f2c68c4e548d38c96c6b6c79c9fbcdef8cf5019e848354b08
D:/chest_xray/train/PNEUMONIA/person731_virus_1352.jpeg,train,PNEUMONIA,1.294846706,2.977820594,817f25d4c2851b47c076694a782d69783d2d61e56d2970f769c338b6c3c72d2d
D:/chest_xray/train/PNEUMONIA/person1527_bacteria_3988.jpeg,train,PNEUMONIA,1.535353535,3.122287954,942a2ed4a3d20b4b17340314197e10f143f258ff50f34ada7c9e77c3cb4b7a69
D:/chest_xray/train/PNEUMONIA/person25_bacteria_118.jpeg,val,PNEUMONIA,1.327102804,2.977107271,88ab2aa0e5101e43a86d0b653d76c0b74e92449fc5fa0e9e18fe07ef076f03fb
D:/chest_xray/train/PNEUMONIA/person1938_bacteria_4854.jpeg,val,PNEUMONIA,1.526315789,3.452011783,c04a2ffdb68a3a5bbb691b6d3b64b90363c32dc3648065cb60dab2c3a683f0d9
D:/chest_xray/train/PNEUMONIA/person648_bacteria_2540.jpeg,test,PNEUMONIA,1.365853659,2.726521984,c4302ef1e3401f2fc43d4d108c2bca850cc3d0fbab06b33dcb54fd7c53f44b4f
D:/chest_xray/train/PNEUMONIA/person1519_bacteria_3970.jpeg,train,PNEUMONIA,1.276422764,3.229552625,d42b3bd663d14f091f2f4c3e3ab23c60b0b2edd13cd558d349e90e2c1a2f4b0b
D:/chest_xray/train/PNEUMONIA/person1019_virus_1707.jpeg,train,PNEUMONIA,1.244318182,3.206230634,c02daddeb6d41f41535f0f6d4b2d0eb80eba45aa0cba40aa0faf5c79c2c91e9a
D:/chest_xray/train/PNEUMONIA/person105_virus_193.jpeg,test,PNEUMONIA,1.337788578,3.301306897,8155afaaea151f7ae9a37997c5a05a9790e85ac3f1ed4aa5b0ba4690b43894f1
D:/chest_xray/train/PNEUMONIA/person960_bacteria_2885.jpeg,train,PNEUMONIA,1.675675676,2.664575637,902a2abce3d21f4bc32d1b008d3e43961c23513c5da37ca56bf03cbd5af06fa7
D:/chest_xray/train/PNEUMONIA/person419_bacteria_1845.jpeg,train,PNEUMONIA,1.476635514,3.157606678,d0af3f4a4a020a2d5afa4fe83ac008c10b03184b11f7975d5d7e54cb5e79bcfd
D:/chest_xray/train/PNEUMONIA/person779_bacteria_2683.jpeg,train,PNEUMONIA,1.442622951,3.027648993,905e7bb9ef011e5a517a1ae51807c2960d9294ff4bd2b605c2d0fd257df04d69
D:/chest_xray/train/PNEUMONIA/person1158_virus_1941.jpeg,train,PNEUMONIA,1.362030905,3.042398801,905465eec6951e17c05b1949a12d4996b087c3d2940fd3d6ef2b90f5ef4a3cb5
D:/chest_xray/train/PNEUMONIA/person1591_bacteria_4177.jpeg,train,PNEUMONIA,1.746987952,2.963750167,d02bb4a0c3501f0fd83ccfb03962d6f8cf107c6af2c56f4b3494c71a6d8d3a53
D:/chest_xray/train/PNEUMONIA/person1274_bacteria_3235.jpeg,val,PNEUMONIA,1.083333333,2.994439109,904e7b7ce7b01e857016471b381bc16b4f64587ec7a5960738fa97863a1e58f1
D:/chest_xray/train/PNEUMONIA/person296_bacteria_1394.jpeg,train,PNEUMONIA,1.545454545,2.986285223,c4086ffe27d41f4aa52d3c34e2f84e81eab1a783aa5587cdaa1fa5a0aa1d2cf8
D:/chest_xray/train/PNEUMONIA/person1078_virus_1788.jpeg,train,PNEUMONIA,1.670454545,2.976848193,d02b70f5e7c01a4bc77d4f2cb4344f10783817c06d3fb4f26f0b347b1ac361a5
D:/chest_xray/train/PNEUMONIA/person595_virus_1147.jpeg,train,PNEUMONIA,1.422222222,3.159439812,90402abfe3ba4f51fe294e7e0e6bc01d4b481c0048d64d43787343dabf2f797e
D:/chest_xray/train/PNEUMONIA/person1852_bacteria_4724.jpeg,val,PNEUMONIA,1.39869281,3.407752946,81fabc95d750596e0472696b1cf14d721cf749e71f9e4ada478258d4471856d8
D:/chest_xray/train/PNEUMONIA/person933_bacteria_2858.jpeg,val,PNEUMONIA,1.411764706,2.883184321,90af3bd4e2501e03521b5a783db0f9e7b9c61ae3b0f29ac7e04bc3a91e3f40b8
D:/chest_xray/train/PNEUMONIA/person543_virus_1073.jpeg,train,PNEUMONIA,1.386206897,3.133472647,d4037eaca7d51f4a8d2f3da5381f841c3c3c0552868b50e1a3691e0fe3e0e7df
D:/chest_xray/train/PNEUMONIA/person863_virus_1508.jpeg,train,PNEUMONIA,1.358208955,3.043171148,d40a3ce5d3d54b40bf02e905cb4cbe3f6df0ede19ed0287284922c07396df2da
D:/chest_xray/train/PNEUMONIA/person1488_virus_2587.jpeg,train,PNEUMONIA,1.356643357,3.08477106,d8ca2cbdc6d11b42c7264f6cf73ec7796f18963c6c9034b4a6922491b0f16c79
D:/chest_xray/train/PNEUMONIA/person304_virus_625.jpeg,test,PNEUMONIA,1.364583333,2.938241464,80557ceae5a91e94bb5ecf283b4da47a4fc0380931e0cb92a16fb3c1ce5e34bc
D:/chest_xray/train/PNEUMONIA/person960_virus_1633.jpeg,train,PNEUMONIA,1.312977099,3.252315584,d04a6bfd47801a5b596d49a43cf22dfb2f0abc0f871e3e0fb4a53c0c3c07b7a0
D:/chest_xray/train/PNEUMONIA/person53_bacteria_252.jpeg,test,PNEUMONIA,1.38034188,3.161692366,901dc1ba42a19e05c61f3a1c81684b2db1ec6fa7b1b7e782ce1e13864e5ef6f8
D:/chest_xray/train/PNEUMONIA/person326_bacteria_1505.jpeg,train,PNEUMONIA,1.51754386,2.901275009,c4ad2f502b420b3514345c285d222dfa2cb65ebd6dabbfaa2e7e297503c541ed
D:/chest_xray/train/PNEUMONIA/person852_virus_1497.jpeg,train,PNEUMONIA,1.168,2.926153608,81542bffc6aa0ac1080be8761fe2797dfbf93bc2580f031a020fda56cf68de58
D:/chest_xray/train/PNEUMONIA/person301_bacteria_1427.jpeg,train,PNEUMONIA,1.406976744,2.840932391,c4a92fd7f5405f01472f48ba2ea9c0954ad14c81c2d741e3c1ab4bea7d2df97a
D:/chest_xray/train/PNEUMONIA/person1399_bacteria_3549.jpeg,train,PNEUMONIA,1.184357542,3.191366787,d000adf5c6aa1f40ea256b523c6b69786d2938ff6969382568f22da5796a39f8
D:/chest_xray/train/PNEUMONIA/person348_virus_720.jpeg,train,PNEUMONIA,1.177777778,3.215950478,d02a3af5fb5016435e7f14be3af21eab9aa21ea29ea1c6c44c893ca5e8a1e939
D:/chest_xray/train/PNEUMONIA/person1324_virus_2284.jpeg,test,PNEUMONIA,1.233870968,3.277290832,d0437daae3b91a41ef0c4d2c687f84fe2fad185f83eb4a07926f4b6138689638
D:/chest_xray/train/PNEUMONIA/person1901_bacteria_4795.jpeg,train,PNEUMONIA,1.577464789,2.855383306,81577faa0797165e06424a57115853814a1010e06bc521ff6bf5faf734ff70e7
D:/chest_xray/train/PNEUMONIA/person1310_bacteria_3300.jpeg,train,PNEUMONIA,1.673076923,3.06338656,d4080fd507071ebf4aa84fa74c15459f6dab42abc28f429dc7ffc78aa2a097c1
D:/chest_xray/train/PNEUMONIA/person81_virus_153.jpeg,val,PNEUMONIA,1.404580153,3.065959573,917e2985ea4f786fc9e5598339cb096b186b92651a73186196571e63f6705e1a
D:/chest_xray/train/PNEUMONIA/person1454_bacteria_3774.jpeg,train,PNEUMONIA,1.58490566,3.223360688,d00078bde3901f42a92f1bf588fe03d428db0a5b87c3b56bea43ff06f728cf20
D:/chest_xray/train/PNEUMONIA/person387_bacteria_1772.jpeg,train,PNEUMONIA,1.745762712,2.929578351,d1233fa8e2800a0bc22d4bf0b66b626d384b4a3fe96b3ad74bde25b64b258d2d
D:/chest_xray/train/PNEUMONIA/person281_bacteria_1326.jpeg,test,PNEUMONIA,1.519480519,2.782415421,d4026fb5e3d03e0bc0294b05dc2fcb9a3da67cb23c9269c3e3a539e33c253f09
D:/chest_xray/train/PNEUMONIA/person1343_bacteria_3411.jpeg,train,PNEUMONIA,1.630630631,2.944509905,802aabd0ee015c29155651fa508f97de0700105f11fe0defbffebdd115575cd0
D:/chest_xray/train/PNEUMONIA/person1488_virus_2592.jpeg,test,PNEUMONIA,1.372262774,3.009231952,94476ff907d5194a452a3ca564f86e8be0eb5e977c51c7896b82c3c25c3cc586
D:/chest_xray/train/PNEUMONIA/person1591_virus_2765.jpeg,test,PNEUMONIA,1.387096774,3.260179696,917e6b80c7a51e170a4a196d087441f5087925bd2a9f38ff2dbf0d1f086f471f
D:/chest_xray/train/PNEUMONIA/person1493_bacteria_3896.jpeg,test,PNEUMONIA,1.654205607,3.303468459,d0a52fdaf7405b0d1e2c403a14e01ca3283e0596975f357c97d63d6f3d6d133c
D:/chest_xray/train/PNEUMONIA/person62_bacteria_303.jpeg,train,PNEUMONIA,1.377906977,3.103666354,940a6dffc7d01f42c22b0a2d0cad4cd03cfb8ce10c32d1a7cfdb9d698e0b8d3e
D:/chest_xray/train/PNEUMONIA/person23_bacteria_103.jpeg,train,PNEUMONIA,1.469387755,2.843773233,902aaba0ef003d1ff43d5fc318ab4baa1ca5cbd33cf9cbfac7aa182f41601e24
D:/chest_xray/train/PNEUMONIA/person759_bacteria_2663.jpeg,test,PNEUMONIA,1.445652174,3.200400253,d02b2bd45a025a7f0ff00b831f8283488b008200d74bbefbbff0bff0b6f0f3cb
D:/chest_xray/train/PNEUMONIA/person1184_virus_2019.jpeg,train,PNEUMONIA,1.074949359,3.327807488,8c512dbb82fb0b51832e1b52174f6c7d34640ebc2da00eb56d4a43f74e1ec3cf
D:/chest_xray/train/PNEUMONIA/person1940_bacteria_4859.jpeg,train,PNEUMONIA,1.418803419,2.952055627,c0106fabb680da5a994a096d6d4675836dd36dcb6fc2614a71d316d2f4b0fad2
D:/chest_xray/train/PNEUMONIA/person1308_bacteria_3286.jpeg,train,PNEUMONIA,1.728971963,3.147004932,d42b0af5e5403d0b6c3f7db42cb7ec902cd338f361f0083f7de000fb7d301cf0
D:/chest_xray/train/PNEUMONIA/person25_bacteria_120.jpeg,train,PNEUMONIA,1.515789474,2.841296132,d0ab2ef4a3c2bb45c1351d14542fc7ea2c8a60f02cd138d147dd4fafc3e30ef8
D:/chest_xray/train/PNEUMONIA/person1418_bacteria_3638.jpeg,train,PNEUMONIA,1.355555556,3.098524203,d0af7f525201086f0af23dd53ca32d751dfd1daa1d601eb61eaa4fa52bc12ac4
D:/chest_xray/train/PNEUMONIA/person310_bacteria_1450.jpeg,train,PNEUMONIA,1.410714286,2.928095807,995f7fb8f6d11e5bd3381ad49c355ab5386290b718e39c38939618e396b81186
D:/chest_xray/train/PNEUMONIA/person776_virus_1405.jpeg,train,PNEUMONIA,1.11627907,3.031482833,905f395052851eab1a7e1bca39f33d983d95b0d79494b0e6e584a61ee4f8c785
D:/chest_xray/train/PNEUMONIA/person1020_virus_1710.jpeg,val,PNEUMONIA,1.747252747,2.884996876,d00aa5f5c3503b4bfc2c6b383c8bc2942d8a3087e1ca1a1fe8c7e1a53a5e6fbd
D:/chest_xray/train/PNEUMONIA/person841_bacteria_2760.jpeg,train,PNEUMONIA,1.662337662,2.906384073,81527ea85af75a4adc005a0797bd5f0695804a0a835e83f00bfa4bff6b5b5e1e
D:/chest_xray/train/PNEUMONIA/person418_bacteria_1843.jpeg,train,PNEUMONIA,1.47008547,3.130104125,944229eae3bc3e81ea056b0b3e6fc23c0f207cf46de51c25c5f6c4662497cf47
D:/chest_xray/train/PNEUMONIA/person445_virus_917.jpeg,train,PNEUMONIA,1.752136752,3.060216252,955f7ea86fc546d58642170e127c157241eac778447a50f1c47a563c4e7c756e
D:/chest_xray/train/PNEUMONIA/person382_bacteria_1738.jpeg,test,PNEUMONIA,1.586956522,2.798294234,ddff7ef5e7113a4a156d296433f04fd32d82d2806e0aba19e11a3417b8426d3c
D:/chest_xray/train/PNEUMONIA/person1318_bacteria_3335.jpeg,val,PNEUMONIA,1.255434783,2.940304725,842bafd587d51a0b0f240f160d7d0f1d0cb6079619de00fb0e1e69e166fd6d7c
D:/chest_xray/train/PNEUMONIA/person408_virus_815.jpeg,train,PNEUMONIA,1.518518519,3.422033654,95fe6a802f55204a870b2c894b4d0f7c6bef593c79a559bc29bca1a738b03c37
D:/chest_xray/train/PNEUMONIA/person278_bacteria_1309.jpeg,val,PNEUMONIA,1.598522167,3.158743056,942a72b5e3401f0ecd1f8f303800c2f02e43f2cee7efb387f3edd72d9a0e410c
D:/chest_xray/train/PNEUMONIA/person1164_virus_1955.jpeg,train,PNEUMONIA,1.37007874,3.070688817,90576faae7801e57c1691b05381745e13ce744a705a5387ec7f07dba3c786d0d
D:/chest_xray/train/PNEUMONIA/person402_bacteria_1810.jpeg,train,PNEUMONIA,1.625,2.979558411,d44a2af5ebc20f0fc73d5b485f2d59344d224c2a1b280f2a2a0a2f926df67df5
D:/chest_xray/train/PNEUMONIA/person1258_bacteria_3216.jpeg,test,PNEUMONIA,1.432950192,3.072148604,91fa6da1e695385ec97869e078a7c5a749878cb4cf381a70cf295a2dcb788705
D:/chest_xray/train/PNEUMONIA/person1496_bacteria_3907.jpeg,train,PNEUMONIA,1.514563107,3.108242001,905fefa8e6851adec270182dc8b44f21c4ad4f85352fc7839c3e83ae8f2b49e9
D:/chest_xray/train/PNEUMONIA/person1486_bacteria_3884.jpeg,train,PNEUMONIA,1.538283063,2.804896297,dc107cbee5bf12d02ed0935a32cb7c15b67e44b5334b4cd393c16f9b90b468c0
D:/chest_xray/train/PNEUMONIA/person420_bacteria_1849.jpeg,val,PNEUMONIA,1.538461538,2.904948643,91fe7fa0ef077f3fc7303d7a96383e1ab77a3e8ab0508782001e83c338e583c0
D:/chest_xray/train/PNEUMONIA/person483_bacteria_2046.jpeg,train,PNEUMONIA,1.382978723,2.851651368,817aba85de0a5c50500109af12b44fbf1ebd5abdcea55aa47e857a96794b8a56
D:/chest_xray/train/PNEUMONIA/person364_bacteria_1660.jpeg,train,PNEUMONIA,1.559139785,2.85804589,c4002bbfb6d51e52974f4b6d0d2d172d4f2d552f43b029f01e3d65d2436a66f0
D:/chest_xray/train/PNEUMONIA/person1649_bacteria_4378.jpeg,train,PNEUMONIA,1.162162162,3.125854094,d0b53f487a5b186d3ce2a7b53d17bf1ae740b40d342744707407b423b7a1f691
D:/chest_xray/train/PNEUMONIA/person1472_virus_2550.jpeg,train,PNEUMONIA,1.338842975,3.019579905,c8a22bfa8bc00d05c5d26bca26c0e34c39b6a19e09df187d406d51ff987fc1fb
D:/chest_xray/train/PNEUMONIA/person18_bacteria_57.jpeg,train,PNEUMONIA,1.455953533,3.442817662,905b6daae3853e17e75a3b793c61628538c334a568943c2f69da3de13cf86f00
D:/chest_xray/train/PNEUMONIA/person142_virus_288.jpeg,test,PNEUMONIA,1.44295302,3.305418996,c0bd3dd2c3420f2fbc3f69f83cb0e0da6d8338d6e1da3da6785865a43844e961
D:/chest_xray/train/PNEUMONIA/person59_bacteria_281.jpeg,train,PNEUMONIA,1.356164384,2.766478714,d4006feb43f517c0d30b4bc5170f4b8f3f4849bc65a059f265b755e169e143d1
D:/chest_xray/train/PNEUMONIA/person258_bacteria_1212.jpeg,train,PNEUMONIA,1.394495413,3.091153196,82ad2ac0af000f2d8f341f1629309fb22c7a2da524d61d4b2d6e9e7eaf6f83bc
D:/chest_xray/train/PNEUMONIA/person1651_bacteria_4381.jpeg,train,PNEUMONIA,1.441176471,2.994249746,d00b72b5c3d51b0bc52e3925a4bd4ed03c6986d0684f92f44f1d3d69c3d8be3c
D:/chest_xray/train/PNEUMONIA/person912_bacteria_2837.jpeg,train,PNEUMONIA,1.346938776,2.867741156,d14a2bfdea005e07525a46781d6148f56f614c2d29e90f3f297e2bd62a3c6a7a
D:/chest_xray/train/PNEUMONIA/person420_bacteria_1851.jpeg,train,PNEUMONIA,1.591549296,2.981190976,942a2af56b400d05c75f1c28e2bf2b3ad7145552555e4af4beaae2aa1e3a54fc
D:/chest_xray/train/PNEUMONIA/person1638_bacteria_4342.jpeg,train,PNEUMONIA,1.522058824,3.390480118,d4236bf507420f2f073c3cd6025e7cf87c7d48691c4b47c31de90f8b0f821fd2
D:/chest_xray/train/PNEUMONIA/person1537_virus_2674.jpeg,train,PNEUMONIA,1.109756098,3.304463097,9c402abf92bb1f50952d18d418311afc187292ff1f4b910d1fc91e1f97c70fcb
D:/chest_xray/train/PNEUMONIA/person1230_bacteria_3185.jpeg,train,PNEUMONIA,1.506849315,2.70322326,94aa2f95e2121c3bd0e95b423c2f52f63f2a38a0a090bc16f0d6b795d43ec3fe
D:/chest_xray/train/PNEUMONIA/person1317_bacteria_3332.jpeg,train,PNEUMONIA,1.252767528,2.835475101,955439fee1fe67e51f00dc17c43f1ffe1e84c2bcc6fe1e0b3a97c28042a0c812
D:/chest_xray/train/PNEUMONIA/person1376_virus_2367.jpeg,train,PNEUMONIA,1.775280899,3.31615032,c02f2fd4fa0a5e6fd0744b25569648fa96903c52e940bb422d0bdb4a4f867f6d
D:/chest_xray/train/PNEUMONIA/person922_bacteria_2847.jpeg,test,PNEUMONIA,1.393617021,2.946620034,d00a29bfe7f51fd2d24b4f593e2c6b3e3784687925e07c8370f28783283f82c2
D:/chest_xray/train/PNEUMONIA/person68_bacteria_336.jpeg,train,PNEUMONIA,1.426086957,3.316833514,9015317ee7aa1fc5c6170f5f962a46bc3d50c6bd4f40d078467496a3e1bf13e0
D:/chest_xray/train/PNEUMONIA/person23_bacteria_94.jpeg,train,PNEUMONIA,1.659340659,2.708890355,90f87e15c70a143c49a11e336dea872b2d35c1ca6da779e3c528bd69e58e8f28
D:/chest_xray/train/PNEUMONIA/person832_bacteria_2743.jpeg,train,PNEUMONIA,1.448717949,2.949493279,d4027abf23d42e42a76b3f46612a1f82783e972b6a1fafc92e1d255a27c526d0
D:/chest_xray/train/PNEUMONIA/person124_virus_240.jpeg,train,PNEUMONIA,1.169014085,3.282929528,d02e3dd462345f425e2b5a6f39ac68be2ca4b0e2abc3b647294ea71cb51cb694
D:/chest_xray/train/PNEUMONIA/person30_bacteria_154.jpeg,val,PNEUMONIA,1.25,2.722252963,905503eac7a01e01d43f52f03d424a07bd69798cb5ec1facc69496be5ad7c79a
D:/chest_xray/train/PNEUMONIA/person867_bacteria_2789.jpeg,val,PNEUMONIA,1.326923077,2.834155212,c4202b55d2d94f48df054e9a4c3ad47a58ea1eaad2e8568b52aac3ab6fabf28a
D:/chest_xray/train/PNEUMONIA/person1657_bacteria_4400.jpeg,train,PNEUMONIA,1.253333333,3.196994661,d10a2af5ea80420b557f597d59c158a35bee176a5b494a681aed4b6b57685a5a
D:/chest_xray/train/PNEUMONIA/person1253_virus_2129.jpeg,train,PNEUMONIA,1.683544304,2.924117939,d0ab74a0c7d11b4a872c4b25b93ed684796c31e06e966cfaa6876d49b69d0e1e
D:/chest_xray/train/PNEUMONIA/person298_bacteria_1412.jpeg,val,PNEUMONIA,1.619565217,2.923093573,d56bfff5ee801a0a402c78f37e3f4b80392652d74f453835ea523a27ca784b05
D:/chest_xray/train/PNEUMONIA/person491_bacteria_2075.jpeg,train,PNEUMONIA,1.369565217,3.073562038,d10a3bb5e2100e5b587d49e01c87795e35ac39c4a1858d5cf92b918ffd7a91ad
D:/chest_xray/train/PNEUMONIA/person70_bacteria_346.jpeg,train,PNEUMONIA,1.453804348,2.960735475,90463bafeb901e10d61b1a7a1868417d6f64359643d2b6836bdfa78e3a0769dc
D:/chest_xray/train/PNEUMONIA/person1600_virus_2777.jpeg,train,PNEUMONIA,1.557692308,3.098643174,d40a6abdc7b01e02cb2f2d2d2c3f04963c5bc0e94d86941cc7d8ff0fd394cfd0
D:/chest_xray/train/PNEUMONIA/person23_bacteria_92.jpeg,train,PNEUMONIA,1.516853933,2.876804978,947e7fa0ef153f5ea3e92e01386a0e283d3bc7be1c4f31e10e03387917801e7c
D:/chest_xray/train/PNEUMONIA/person445_bacteria_1928.jpeg,val,PNEUMONIA,1.725806452,2.652446463,90ea3ff0e7803b4fd13d4b483ca5c2d2bd2392d2cf29921749e194b53978c53d
D:/chest_xray/train/PNEUMONIA/person1451_virus_2479.jpeg,train,PNEUMONIA,1.571428571,2.8113688,d02b2df5a7d01b4bcb2d4b243c3fca703c2070b45fd27c1f5df24d234c7a4d41
D:/chest_xray/train/PNEUMONIA/person545_bacteria_2288.jpeg,val,PNEUMONIA,1.265486726,2.871361874,c0ab2fda6b405f2f5e3e49b93ce0c1cf2dc618d361a49f93496545d2196d4db0
D:/chest_xray/train/PNEUMONIA/person382_bacteria_1741.jpeg,train,PNEUMONIA,1.377358491,3.127829154,c8ab3bd4e3d1634b112c4d3c49b09be04de31ce779f2ba4bfa5fd8c9581c5810
D:/chest_xray/train/PNEUMONIA/person1465_virus_2532.jpeg,val,PNEUMONIA,1.252173913,2.777310214,c2ef2ff0a442094f912d4b203fa03ca52d45bdf4adfaadaf947f8569822d902b
D:/chest_xray/train/PNEUMONIA/person23_bacteria_106.jpeg,val,PNEUMONIA,1.524390244,2.913152372,900caaaaee951d55c77a3a08c21f4a59f129486bf0adcbd2bc27c2fa3c0af29f
D:/chest_xray/train/PNEUMONIA/person1012_bacteria_2943.jpeg,train,PNEUMONIA,1.458823529,2.71322437,95557beae3813e05fe1f5ad43c524a7a3e607a31df603e0b407a03c7426b39e1
D:/chest_xray/train/PNEUMONIA/person462_bacteria_1963.jpeg,train,PNEUMONIA,1.764705882,2.654068906,90ef6fd0ef575e0fc3091e09432d4a0f0161038770f067c7397ae3c3c75e33e1
D:/chest_xray/train/PNEUMONIA/person1488_virus_2593.jpeg,val,PNEUMONIA,1.25734767,3.178152822,905529abe7b03a40eb4b6b7f7daa4c913d8241a74b86590b4b4b784f539dcf60
D:/chest_xray/train/PNEUMONIA/person1307_virus_2251.jpeg,val,PNEUMONIA,1.480314961,3.254101195,917f7c80e6857a57ab7a3f2e2a7887692aad0167278f495aa7833cb46928a784
D:/chest_xray/train/PNEUMONIA/person1303_bacteria_3267.jpeg,train,PNEUMONIA,1.707379135,2.675158925,945538eae1e8e7c01ac33dd7e503632f18f2fc1fc62b47c23dd2f84360f9c0e0
D:/chest_xray/train/PNEUMONIA/person1326_bacteria_3372.jpeg,test,PNEUMONIA,1.32173913,2.935249456,d4282bd557505d005c2f48de1ceb1e934b4f1eff5b7cc3fc0f30405b41e11e69
D:/chest_xray/train/PNEUMONIA/person1361_virus_2342.jpeg,train,PNEUMONIA,1.566371681,3.036765723,c0af6ef0c7d04b4b8d2dc43e2c9f809f4a9f018fc383071ef12dd3c27db074b4
D:/chest_xray/train/PNEUMONIA/person762_virus_1390.jpeg,train,PNEUMONIA,1.329268293,2.852909316,d09a3fe0460146161c4a797d61a13da45cd6e15ff39e5a5cd678c7d01fc11e71
D:/chest_xray/train/PNEUMONIA/person1118_bacteria_3059.jpeg,train,PNEUMONIA,1.1,2.854301287,c0a5abffeb52cd401f064a2f492e2cb40d946dd787921fa3c1a193e64b2fbe06
D:/chest_xray/train/PNEUMONIA/person59_bacteria_280.jpeg,val,PNEUMONIA,1.580645161,2.808993696,cc0a2abd23e82ba8ab291b75d1155155bc152e5fbe92a2bea2f01f2d16f4174d
D:/chest_xray/train/PNEUMONIA/person1374_bacteria_3507.jpeg,train,PNEUMONIA,1.393700787,3.172940482,c02f2dd0c300196f8c3548f428eb81ff0b6d1a7d827c0f5dbe78c2dabc87b6d8
D:/chest_xray/train/PNEUMONIA/person585_bacteria_2411.jpeg,train,PNEUMONIA,1.324074074,2.884666066,919e3bb9c2801a46906a49693da5d8979d823bce856e0e96c8dacef95e4bdb43
D:/chest_xray/train/PNEUMONIA/person564_bacteria_2342.jpeg,train,PNEUMONIA,1.252525253,2.836021968,915a3f73c604905d14f0c3d32d8bbd58e1c8b7823d2b96b73acf96b5323b0ca8
D:/chest_xray/train/PNEUMONIA/person1558_bacteria_4066.jpeg,test,PNEUMONIA,1.189189189,3.29516093,905f7feaef804f95860f0a591d0b4e1d1c511add435814694e575d6b57b54d32
D:/chest_xray/train/PNEUMONIA/person449_bacteria_1939.jpeg,train,PNEUMONIA,1.617283951,2.857469041,c8ea2aeaa3293f3ecbb2198320b08490182b68f65dd27d5b678a9c5b7b4d4f8e
D:/chest_xray/train/PNEUMONIA/person1756_bacteria_4598.jpeg,train,PNEUMONIA,1.262411348,3.351628364,d0bf3bd2f65b5b6f1a286afb09403cd7d4501d011e18112c1da41a4fd4eddef2
D:/chest_xray/train/PNEUMONIA/person1162_bacteria_3107.jpeg,train,PNEUMONIA,1.588005215,3.133775918,c16a3aa4c6845b5a147949612da5d2966def91d34bc3d62d5a5a692f58626db3
D:/chest_xray/train/PNEUMONIA/person1352_bacteria_3443.jpeg,val,PNEUMONIA,1.495145631,3.057895631,d4082af7a7520f41052507bc1faa06bf0f9a3cbf4ed51d1d13d1c3da0d0f0fda
D:/chest_xray/train/PNEUMONIA/person1597_bacteria_4187.jpeg,train,PNEUMONIA,1.188172043,3.062349032,c00aabd7d6804f2a821508493cadb0d22d67ac97a9cfbd07b15ba5deb496b5e5
D:/chest_xray/train/PNEUMONIA/person553_bacteria_2317.jpeg,train,PNEUMONIA,1.352380952,3.161508019,814a2bbdf7a15e00de1fe86b1ef06969e7572d63b4532b623c14816e0bc31a57
D:/chest_xray/train/PNEUMONIA/person48_bacteria_232.jpeg,train,PNEUMONIA,1.597938144,2.849780899,daef2fa2a2033c7dd6706b2038b64dba3c9278cb67877e5dd30086381a68959e
D:/chest_xray/train/PNEUMONIA/person1290_virus_2216.jpeg,train,PNEUMONIA,1.318181818,3.336493348,d0422bbfe6b01e42d66b4b7d3c3540943daa54a743fe1d1f438745e9384f6169
D:/chest_xray/train/PNEUMONIA/person23_bacteria_98.jpeg,train,PNEUMONIA,1.565217391,2.907530652,d0af3fd0eb422e0faa2e6a283a2b4b2b0fb41a15e2960a8328f768f378f9659e
D:/chest_xray/train/PNEUMONIA/person1316_virus_2271.jpeg,train,PNEUMONIA,1.80952381,3.075939042,d40862bfb3c43b42e72c4b44c7343e947c71f3c17852b6836e1af069e3879a7a
D:/chest_xray/train/PNEUMONIA/person611_bacteria_2476.jpeg,train,PNEUMONIA,1.3,2.938884728,d02a2fd44f145d2e44b60d8248b44bbe8abec368bc34a3c4afe7f2d6c7a1925b
D:/chest_xray/train/PNEUMONIA/person321_bacteria_1485.jpeg,train,PNEUMONIA,1.55,3.007346695,d5fd7fc2e30b1e2d4c7009633cb749e22da610fa41491c1ef8c16b873a5ac9e5
D:/chest_xray/train/PNEUMONIA/person1429_bacteria_3691.jpeg,train,PNEUMONIA,1.267857143,3.223734278,c0557fe2a7bf1a950b480a281ad60dda4af90c7d5a6e1a551cfe5a371d340f2d
D:/chest_xray/train/PNEUMONIA/person537_bacteria_2266.jpeg,train,PNEUMONIA,1.376146789,2.876749793,988a6ea8e6b13a12c62f3b6ce5ac0e942cfbca953868d7844f16c78f0bd33879
D:/chest_xray/train/PNEUMONIA/person1327_bacteria_3373.jpeg,train,PNEUMONIA,1.340740741,3.119683687,956aea05c25418694f6f5dbe5bc64e3e03e91ec70f6986fd396b1741187881a9
D:/chest_xray/train/PNEUMONIA/person735_bacteria_2638.jpeg,val,PNEUMONIA,1.522030651,3.070033197,878142cea61f3978e13447b2685716cbe85d47eca41d4eb1a8535eb9ed211f8e
D:/chest_xray/train/PNEUMONIA/person403_bacteria_1814.jpeg,test,PNEUMONIA,1.782608696,2.911709684,c47a3e950757114f4d26bcba6cb242c924f9eb4ffc14f0834b40066f06977e7a
D:/chest_xray/train/PNEUMONIA/person281_bacteria_1329.jpeg,train,PNEUMONIA,1.626666667,2.86763137,c00a2eb4e3d23a4bba2dab6bb825eb7c2f00b8156db43d076d43c7c1b41fb4d2
D:/chest_xray/train/PNEUMONIA/person401_virus_795.jpeg,train,PNEUMONIA,1.236111111,3.014105553,91fa2ff0c3851e578e76694a3c2be07a3de979b6efaa1c96c08a4086128ec7a9
D:/chest_xray/train/PNEUMONIA/person1702_bacteria_4510.jpeg,test,PNEUMONIA,1.475609756,3.139039822,95502fadf7901e4bd07d40501443c05b1d6d1c0581213807687f06f77bdff7ff
D:/chest_xray/train/PNEUMONIA/person531_bacteria_2240.jpeg,val,PNEUMONIA,1.447058824,2.759667774,98aa6ea9e7d530d4c34a1b08386d87153a47c1eb73ade879c669383c587e252f
D:/chest_xray/train/PNEUMONIA/person359_bacteria_1642.jpeg,train,PNEUMONIA,1.210526316,3.250781411,940f60eae5b116b1c7965a1e925a9f0eb97e0f866c3c21e80e2f83e0cf0efe34
D:/chest_xray/train/PNEUMONIA/person124_virus_249.jpeg,train,PNEUMONIA,1.285714286,3.342890112,94407eaf43ff0fc82f6c3c852c0b6c8b689e6698e8496b48b941b94d2fc16de7
D:/chest_xray/train/PNEUMONIA/person1904_bacteria_4798.jpeg,train,PNEUMONIA,1.828571429,2.976941818,915fff85ee175c4a4021180f00a70b52309e8bdf4f395b1e6d4b7ad1ec1d9ad2
D:/chest_xray/train/PNEUMONIA/person1072_bacteria_3006.jpeg,train,PNEUMONIA,1.482352941,3.14552739,95ff6ea0ef85be95875a1a0f116d432d3b4ca7212ac7a14f4a15394fc7257844
D:/chest_xray/train/PNEUMONIA/person475_bacteria_2024.jpeg,train,PNEUMONIA,1.440860215,2.976453239,907e6fa16f161c1a4d697825e5a27c16e582ce0fc690cf0f5a5a878fcb59cbc0
D:/chest_xray/train/PNEUMONIA/person353_bacteria_1626.jpeg,test,PNEUMONIA,1.27027027,2.778313684,d1542baa5fd45e04423f5aa91d2b411f2d4eab8629ce3be5f3e256a656a055a9
D:/chest_xray/train/PNEUMONIA/person518_bacteria_2199.jpeg,train,PNEUMONIA,1.740740741,3.109943793,d40a6cbde7f53ed2824b0b04397e93f70b0f916d8349287ab0f50f0f217c8787
D:/chest_xray/train/PNEUMONIA/person518_virus_1036.jpeg,train,PNEUMONIA,1.32231405,3.039289921,915525ffc2f40a40e80628556c77edf57c56f0bf49433034412d3b4ff2f84bc5
D:/chest_xray/train/PNEUMONIA/person434_virus_883.jpeg,train,PNEUMONIA,1.130434783,3.34045029,91542beee7a85e85790f787d3d5260ac59d4398571f5156541f505eb1cab016b
D:/chest_xray/train/PNEUMONIA/person545_virus_1081.jpeg,train,PNEUMONIA,1.419847328,2.943473194,80153bfce740c7297f0dbe1dc674c6b41a94b89ec6a8ce381e1d528fc3a3a743
D:/chest_xray/train/PNEUMONIA/person588_virus_1134.jpeg,train,PNEUMONIA,1.319587629,3.023726047,c0bd3dc2e3cb4b051a56d37e4f241c3a85382f203c301c342e953e577e78f6db
D:/chest_xray/train/PNEUMONIA/person1026_bacteria_2957.jpeg,test,PNEUMONIA,1.355769231,2.723489125,c8f73d4043400aaf1a3eef3c7f227cb2eab83f823c5168f07d563d47c141c50f
D:/chest_xray/train/PNEUMONIA/person38_bacteria_196.jpeg,test,PNEUMONIA,1.507462687,3.066500122,91403ae943a11e01d43f4a5a3c20c2713f773c6741cf9e876bfcd6a71a4e6bd2
D:/chest_xray/train/PNEUMONIA/person317_bacteria_1471.jpeg,val,PNEUMONIA,1.460176991,3.051036036,d42a2ff563521f0b413c3cf02c9260cb3ca3bf4febd41c3c071e9346963d0f47
D:/chest_xray/train/PNEUMONIA/person448_bacteria_1934.jpeg,test,PNEUMONIA,1.397959184,2.790540072,94eb3f546a121a7f5e785fc09da7d7dedf5298895b405e185a7a1e80143c14d2
D:/chest_xray/train/PNEUMONIA/person1085_bacteria_3025.jpeg,train,PNEUMONIA,1.436170213,2.649687297,88aa3eaa6ff5b6952e15865a265b3b4ad348892c387c91b4673d387e3318cd2d
D:/chest_xray/train/PNEUMONIA/person887_bacteria_2811.jpeg,train,PNEUMONIA,1.649737303,3.254080879,91403fafc7959e135e5b597935a44863e5a539c7bc06d55095071c5fc34ad30b
D:/chest_xray/train/PNEUMONIA/person467_virus_961.jpeg,test,PNEUMONIA,1.205744125,3.198490404,d05e6f80ce811e7e196a49b91cb384e3c3e59c26c679e6d9bc8fc490c79a0697
D:/chest_xray/train/PNEUMONIA/person1092_virus_1811.jpeg,val,PNEUMONIA,1.408333333,2.966802432,815a2bf5c2a00a43d82d487a3cb3f97e7de61887c05a121e630bd3f03c7cfd3d
D:/chest_xray/train/PNEUMONIA/person487_bacteria_2059.jpeg,val,PNEUMONIA,1.380530973,2.982259323,85576bfae3a03e83565653dd1d4a42bc1f105c5b4b491d691a740b4b3e2d23f9
D:/chest_xray/train/PNEUMONIA/person583_bacteria_2409.jpeg,train,PNEUMONIA,1.431034483,3.203600727,94576ea943f91a00834e1b0d196d0d2c783c2c3a3cb6eb966f4b78f19f0b3dc3
D:/chest_xray/train/PNEUMONIA/person1225_bacteria_3180.jpeg,train,PNEUMONIA,1.578947368,3.234656793,d01be8a0e7d13e4fc76f5b0d35284ad17cf141c1444271e74fdb64a708c36dcb
D:/chest_xray/train/PNEUMONIA/person1180_virus_2015.jpeg,train,PNEUMONIA,1.20935412,3.465896995,955a31bae3f51ad0ee4e4a5f3c3838bd2ed9b0b062f12fa69a172ca597c2c01c
D:/chest_xray/train/PNEUMONIA/person359_bacteria_1646.jpeg,train,PNEUMONIA,1.46,2.942257922,91563be4660a673f3c3ce4b1c6f07c8378dec2d34c533878c56a2d4638cf61e4
D:/chest_xray/train/PNEUMONIA/person1858_bacteria_4730.jpeg,train,PNEUMONIA,1.77,2.967471979,d0af72f5d3d21b2fe5363d2bb4340f10b0a40f40302fc3d26d2db2d34f0bf0f4
D:/chest_xray/train/PNEUMONIA/person1080_virus_1791.jpeg,train,PNEUMONIA,1.543307087,3.101903949,d0bf7ed0e70a3f6be52d7d34282981042803410582032c69a3873edbf9edf7df
D:/chest_xray/train/PNEUMONIA/person281_bacteria_1323.jpeg,test,PNEUMONIA,1.392207792,2.982228479,901769eac3a01ec1d6551a56be4eca5aef4e4ad03c293c3dad2848d579e2f4b5
D:/chest_xray/train/PNEUMONIA/person1702_bacteria_4511.jpeg,train,PNEUMONIA,1.371134021,3.200252013,c0aa2bca8b2b0abd02d03a4df6d57d03f48bceaaa8364c50684086da6c7ff6ff
D:/chest_xray/train/PNEUMONIA/person1460_bacteria_3805.jpeg,train,PNEUMONIA,1.457943925,3.23673009,90156faac6811a5681691da508f60ff708ff07f60ad671f1eeb93c3cc781383d
D:/chest_xray/train/PNEUMONIA/person571_bacteria_2367.jpeg,train,PNEUMONIA,1.408695652,3.390047032,911f6de9e6953e57c76b0e04112e4f3939291361094a10f445e33c2f6bc37fad
D:/chest_xray/train/PNEUMONIA/person255_bacteria_1161.jpeg,test,PNEUMONIA,1.506329114,2.713182589,d0aa2af4055557571d6fdf241f14793412f06bb83a61aae18ae23e8b59ead6c8
D:/chest_xray/train/PNEUMONIA/person1439_virus_2453.jpeg,train,PNEUMONIA,1.680555556,2.924505547,d00a3dfdc7944f5abe5dcb713f61b2f6cf603eb53ad60f0792162a180605125a
D:/chest_xray/train/PNEUMONIA/person1712_bacteria_4529.jpeg,train,PNEUMONIA,1.248120301,3.308301674,91ab3b955a24585859e1d9ef0db59fb09e908e69fe61bc446d068d2c9524ba6b
D:/chest_xray/train/PNEUMONIA/person766_bacteria_2670.jpeg,train,PNEUMONIA,1.691176471,3.097036584,91ff6b85ee178678c2e1920fc269300ff0403a0760183cc3791c6f717dcf7e5e
D:/chest_xray/train/PNEUMONIA/person109_virus_203.jpeg,train,PNEUMONIA,1.63507109,3.141487838,d0adee85870a092f81358c9269dab6af6cf769ce861deac9a32d82064906ffb6
D:/chest_xray/train/PNEUMONIA/person12_bacteria_48.jpeg,train,PNEUMONIA,1.271794872,3.232358115,d00a2bbd6ad05e4a502f18681c204bf23cf7427f15e11e786fdf3c9d618d1f96
D:/chest_xray/train/PNEUMONIA/person944_bacteria_2869.jpeg,train,PNEUMONIA,1.305263158,2.782641687,90552baac7201615963f4aff3de8415445e23ee1e3ca972d7756f1fd3e80380a
D:/chest_xray/train/PNEUMONIA/person38_bacteria_194.jpeg,train,PNEUMONIA,1.68,2.782419503,c8b73dc243415a03da7fdcb49eb1e8aa1e4b5c7752c5178da0ac2b6a2a9e912d
D:/chest_xray/train/PNEUMONIA/person312_bacteria_1455.jpeg,test,PNEUMONIA,1.222929936,3.109434545,91fa7b576fd71e7e5a6849ab39aa698239afcaa42aa8be38ef193808d4144129
D:/chest_xray/train/PNEUMONIA/person64_bacteria_310.jpeg,test,PNEUMONIA,1.844827586,2.715254848,d1fdeec0c757db7adf287924fa02348053c09e6011f25c1202ff151e4aefa69b
D:/chest_xray/train/PNEUMONIA/person319_virus_646.jpeg,train,PNEUMONIA,1.308333333,3.034724272,d0bdbc02af02af4caf34ecb66ebb7cadd3da46497c923242c5592c3428506f17
D:/chest_xray/train/PNEUMONIA/person1523_bacteria_3979.jpeg,train,PNEUMONIA,1.591836735,2.979512506,d0afebd0a50b1d1f81741f0751bf17b659eac7a01ea261e086a02ee02fe90ff9
D:/chest_xray/train/PNEUMONIA/person1372_bacteria_3500.jpeg,val,PNEUMONIA,1.260869565,3.045793989,d5002eeb82d50350174615270c5304c84eb54fda169a4f93ffca6e57ff52f43b
D:/chest_xray/train/PNEUMONIA/person457_bacteria_1949.jpeg,train,PNEUMONIA,1.117182357,3.038859269,902a6950e7013e17d87a59691de54db20da348ef4ff6182e4b6c4b2f1b2dc3c7
D:/chest_xray/train/PNEUMONIA/person1345_bacteria_3426.jpeg,train,PNEUMONIA,1.373015873,2.98470839,940a2bf567921e4b596d41a478b264b26c9b3cffb0f50b6d197d43570f0e126a
D:/chest_xray/train/PNEUMONIA/person103_virus_190.jpeg,train,PNEUMONIA,1.456140351,2.957167492,d42b6fd40a00192f1fbe5df00aeb0ad10aaf9b345f349b345f740aaaff544a2a
D:/chest_xray/train/PNEUMONIA/person1034_bacteria_2968.jpeg,train,PNEUMONIA,1.528089888,2.732688522,88aa2ab5e7553f42c32b1b25a92a4f343c5a43e03c4ab0e2efc3b4fab4d32d4b
D:/chest_xray/train/PNEUMONIA/person376_bacteria_1715.jpeg,train,PNEUMONIA,1.34375,2.806937949,997b3ff7d7d65e7fcc3c18c0dc219ab59a6b92d85a58c6125612512936923c30
D:/chest_xray/train/PNEUMONIA/person124_virus_231.jpeg,train,PNEUMONIA,1.125827815,3.102917598,915e3de0c7a00f43f27f694a38bd697a292d00fe092d90ef4b4b143fc16b4d4b
D:/chest_xray/train/PNEUMONIA/person588_bacteria_2423.jpeg,train,PNEUMONIA,1.257142857,2.822213466,914a3bbde6a01e56707d437839a19343cda59bccc1959396b9c981bc8e5a98e7
D:/chest_xray/train/PNEUMONIA/person1408_virus_2411.jpeg,test,PNEUMONIA,1.242857143,2.910620245,90422affe3902e005e03c02f3b697a39e3fe3fea784bc3cf1b03504b435c7b0f
D:/chest_xray/train/PNEUMONIA/person652_bacteria_2544.jpeg,val,PNEUMONIA,1.544950055,3.285881623,91fa69a1e7171e1fca6a1b6db96d4eb4393a66930d9b21904f0b90b44b4bcc3c
D:/chest_xray/train/PNEUMONIA/person1541_virus_2681.jpeg,train,PNEUMONIA,1.296296296,3.091912646,d02be2a5c2d45b42c722581fed2d0eb561e406963a7221a7f6d20debf2d69c79
D:/chest_xray/train/PNEUMONIA/person799_virus_1431.jpeg,train,PNEUMONIA,0.923076923,2.792953113,90147aaee7fe9ea01a556b552d5e6dbe1ed4607805e144a504b43e9551f8697d
D:/chest_xray/train/PNEUMONIA/person931_virus_1592.jpeg,train,PNEUMONIA,1.423423423,3.164521718,915e7ba0c6805a175c685e717f6f7ffd4bc5180e42c20bc234bce78a6b4a35a4
D:/chest_xray/train/PNEUMONIA/person1051_bacteria_2985.jpeg,test,PNEUMONIA,1.494505495,2.686918819,915a3bb8ea00420e577e4a7d1e6f5a2c5a785c385c33383f7830783ceda7c987
D:/chest_xray/val/NORMAL/NORMAL2-IM-1431-0001.jpeg,train,NORMAL,1.225988701,3.110673177,91577da0e7b53a57e9686d2038906ca04cb10966cd307c30ed794f357d78cf2b
D:/chest_xray/val/NORMAL/NORMAL2-IM-1440-0001.jpeg,train,NORMAL,1.332244898,3.369983925,99403dbfa7f91e45c92e18ea4c3241a55c35c12f4f966b4ac3f0787cc369c2d3
D:/chest_xray/val/NORMAL/NORMAL2-IM-1442-0001.jpeg,train,NORMAL,1.201228879,3.258352869,d10aa5f4c6d01f4a8c3f41ff09e5c18761821c92c17a0fb81f7bc17f1ba5792d
D:/chest_xray/val/NORMAL/NORMAL2-IM-1427-0001.jpeg,val,NORMAL,1.254237288,3.079309307,815f2db5c6b078426924698038804961492018744b797f2d7a7def7f3f2d79fb
D:/chest_xray/val/NORMAL/NORMAL2-IM-1430-0001.jpeg,train,NORMAL,1.223076923,3.272255673,d4082bdfcb480f255e3548aa1c08d25657d596d7e3efb2aae07bc5f0114be14b
D:/chest_xray/val/NORMAL/NORMAL2-IM-1436-0001.jpeg,val,NORMAL,1.387931034,3.343332335,d02b2ff4ef523f0b0d3c0df42cd380bd4a4d9825cb148b2d9231c3c2873ddb6f
D:/chest_xray/val/NORMAL/NORMAL2-IM-1438-0001.jpeg,val,NORMAL,1.202898551,3.128011073,955ffca087915a5fc960852528f0418bf4b97bf1effeb6fc7be18b0810e000b4
D:/chest_xray/val/NORMAL/NORMAL2-IM-1437-0001.jpeg,train,NORMAL,1.123188406,3.115056459,d02b0f74c3344d0bbc2dc87c0bc29307c30f870f325fe3cbb6c33c4bc3afc692
D:/chest_xray/val/PNEUMONIA/person1947_bacteria_4876.jpeg,train,PNEUMONIA,1.734939759,2.968791166,d40020bfc3de1b48ff044b3e3c12c4fe6dc2f4f2c3cd1f0fc2d2e13f3c164172
D:/chest_xray/val/PNEUMONIA/person1946_bacteria_4875.jpeg,test,PNEUMONIA,1.505617978,2.907366208,d0ed6fd0874b4f3d45b4c69268c9e081e2c1684da6454e4a7d0ad58adf9a6db7
D:/chest_xray/val/PNEUMONIA/person1952_bacteria_4883.jpeg,val,PNEUMONIA,1.25210084,3.134865347,d00aaff5d6801b4f943f0ab2bfa9a2d57da89480e9153c28da2aed75bf50e528
D:/chest_xray/val/PNEUMONIA/person1954_bacteria_4886.jpeg,test,PNEUMONIA,1.475177305,3.046284488,c0fd3dd09613692bbc252c303cc33cc76dcf7cf61cf84d311c3018274963dbd6
D:/chest_xray/val/PNEUMONIA/person1951_bacteria_4882.jpeg,train,PNEUMONIA,1.548780488,3.105336143,d0af2f5641294ba50aba4bd9688a44456c086428eaa56f557c547eee6d877cbf
D:/chest_xray/val/PNEUMONIA/person1946_bacteria_4874.jpeg,val,PNEUMONIA,1.635135135,3.191886956,90ff2fd4e7124f0bce2c46201a2b42220aa308a3e386eb8ff3d3f7d7f0d4e5c1
D:/chest_xray/val/PNEUMONIA/person1949_bacteria_4880.jpeg,train,PNEUMONIA,1.5,2.994873697,91572ba4e3911a47c06d4a207cb7e7f37dc7b1dec302180f91e14a1e7b1ec785
D:/chest_xray/val/PNEUMONIA/person1950_bacteria_4881.jpeg,train,PNEUMONIA,1.453703704,3.031057729,d54029bfc29e0b40ea093af57e35eff43c60e02301233847e1ef7b43f87a50f5
D:/chest_xray/test/NORMAL/NORMAL2-IM-0336-0001.jpeg,train,NORMAL,1.713071201,3.221243494,d02b27f4e3523f4be43c69703c92e3d23d833c9fc78f9d8948588796099e4996
D:/chest_xray/test/NORMAL/IM-0101-0001.jpeg,train,NORMAL,1.611479029,3.221210374,905765eac7a05e17c65b1b4e83645b20f8e5c7a16856c4f42c87a58ec7e26b5e
D:/chest_xray/test/NORMAL/NORMAL2-IM-0337-0001.jpeg,train,NORMAL,1.309117865,3.164014582,d1af35d0c3500f4b987ec93a38b5d0d86dadb8cf4181cc1efb496d8512785bc6
D:/chest_xray/test/NORMAL/NORMAL2-IM-0198-0001.jpeg,val,NORMAL,1.161137441,3.405733995,9800edbef7fe1e51872c1a02c50e5fd57d791fe9286b07a50c2101e91e71d5e9
D:/chest_xray/test/NORMAL/IM-0013-0001.jpeg,train,NORMAL,1.134106729,3.407722591,891d7ea847f712444ffa5a1309684e353d6c6a29bcfc6199aeba61e035066d7c
D:/chest_xray/test/NORMAL/IM-0103-0001.jpeg,train,NORMAL,0.944844125,3.082875704,815d782086215a7f997a6d2179d9876b5e24eb5096125a71b34d969c6bd4b58f
D:/chest_xray/test/NORMAL/NORMAL2-IM-0139-0001.jpeg,test,NORMAL,1.464727273,2.928197971,d44a7c01c7103c5a8d686db53cd6ecf84ebc4d34cf354b356965c716799431e8
D:/chest_xray/test/NORMAL/NORMAL2-IM-0313-0001.jpeg,train,NORMAL,1.459459459,3.132097776,90536fe0e7113e43856a4b243d24c6b26cdbb4ed6fd63caf84f94c1a1c84c5f8
D:/chest_xray/test/NORMAL/NORMAL2-IM-0340-0001.jpeg,train,NORMAL,1.720372836,3.013227397,815ebfa5ce173a5ac9694b869594c21094009a604d6139a56df6d7bf6d98dbe9
D:/chest_xray/test/NORMAL/NORMAL2-IM-0378-0001.jpeg,train,NORMAL,1.513358779,3.085448829,915e25b5c6513a4fcd7c396090ab69843da7c3e7390ad0edef69384fc0615e61
D:/chest_xray/test/NORMAL/IM-0009-0001.jpeg,train,NORMAL,1.283437283,3.333944321,800aedb586b57b46cf3e6c7965f94cb469e08e964d1ac71c4a7c4928da3cc7a1
D:/chest_xray/test/NORMAL/NORMAL2-IM-0051-0001.jpeg,val,NORMAL,1.164179104,3.099595454,d0ad6c134e52196f4cb34ceb78c7c493bd929384ce198c75965b1c7194f2ce1b
D:/chest_xray/test/NORMAL/NORMAL2-IM-0322-0001.jpeg,train,NORMAL,1.544895449,3.053746835,900af1aac7a55e97965a4e49b969c7ad6d7930e04ac4eda9b9d7694380f0e2d2
D:/chest_xray/test/NORMAL/IM-0091-0001.jpeg,train,NORMAL,1.693050193,3.153137729,9157e5a8d687ba5fcf643a7ac263394ba0c5398538e93f5839dc3782381c30da
D:/chest_xray/test/NORMAL/IM-0070-0001.jpeg,train,NORMAL,1.461206897,3.101479977,915a7c05c6817a5a9d604db439f2ccb76c7ebd6ace692d6933254f64c342c2b4
D:/chest_xray/test/NORMAL/NORMAL2-IM-0274-0001.jpeg,test,NORMAL,1.355848435,3.149200113,914f74b0c611395fcd3c3db694f24e91383ec6246f3c93344f1a9256c70d6e78
D:/chest_xray/test/NORMAL/IM-0059-0001.jpeg,train,NORMAL,1.552353506,3.132357678,d41a7ea087d73a0fcd2c3db538f1c6d93cddc442968d0c58873c3c974b42e1b9
D:/chest_xray/test/NORMAL/IM-0067-0001.jpeg,train,NORMAL,1.397333333,3.047456227,91f8e805ae523868cda5799669924c5f69f08e354c79832dce1e63acc78f6a69
D:/chest_xray/test/NORMAL/NORMAL2-IM-0210-0001.jpeg,train,NORMAL,1.707317073,2.976978296,915fb5f5c6b01a43a024ca70bc6bcaf9ef693c956161381a1216e5a1b8f669f5
D:/chest_xray/test/NORMAL/NORMAL2-IM-0073-0001.jpeg,test,NORMAL,1.087108014,3.09573061,d50d2fd002b71e2a52fe4e1b3848ca707d21f875ef417865e3d5691f30de2586
D:/chest_xray/test/NORMAL/NORMAL2-IM-0290-0001.jpeg,train,NORMAL,1.556298774,3.213270017,d05567aa96815a58ad683cb2c4943c96cfd69c9fc9508796ed27c3a5e1e44ba6
D:/chest_xray/test/NORMAL/NORMAL2-IM-0135-0001.jpeg,test,NORMAL,1.246935201,3.046121775,91e82955c255786e78a05883798b51a25f1e39ec92d44f3f30f5d69e3dbd3086
D:/chest_xray/test/NORMAL/IM-0097-0001.jpeg,train,NORMAL,1.684324324,3.019790229,d4b9fc00d7427b2dc7356d3f3ce5c6876cc7c3c3c70c832d9341983831a69173
D:/chest_xray/test/NORMAL/NORMAL2-IM-0092-0001.jpeg,test,NORMAL,1.359771574,2.947846895,91782815e615386b782579e139eb69e8396a38e84b683878d2d23d6d987acf1f
D:/chest_xray/test/NORMAL/NORMAL2-IM-0366-0001.jpeg,val,NORMAL,1.737617135,3.098298733,905fe4a4c6d01b4bc72d393ea4b84e1034ffcbc3602dc38f6f2ff1b4c60c692c
D:/chest_xray/test/NORMAL/IM-0015-0001.jpeg,val,NORMAL,1.45638126,3.381794229,9d4d2ffd43515a4347aa0b5f473e4f1cc13c4304516260f0387f50d37afa7e83
D:/chest_xray/test/NORMAL/NORMAL2-IM-0330-0001.jpeg,train,NORMAL,1.641231593,3.239909403,d40276a1c7915b0b832d3964b5b66ed23ccbc6c1601dc1cbe341b2e0fb6d7ef0
D:/chest_xray/test/NORMAL/NORMAL2-IM-0294-0001.jpeg,train,NORMAL,1.539235412,3.197892925,945ffea08f171f4a852808e786d24acbb06b87ad1a1e97823a1ec78bcad23cfa
D:/chest_xray/test/NORMAL/NORMAL2-IM-0027-0001.jpeg,train,NORMAL,1.308885755,3.104880313,915a2c058e51185f0dfa5cab7dcbc6816dd3c272ce915838c6a54d6e89e5cf96
D:/chest_xray/test/NORMAL/NORMAL2-IM-0348-0001.jpeg,train,NORMAL,1.410728583,3.320327723,955f6ca0a7813a17cb5a1f296874ada03cf769c21c3d3cb46d0f1cf168d04d2f
D:/chest_xray/test/NORMAL/IM-0041-0001.jpeg,val,NORMAL,0.976339932,3.430136036,89113ebbc7fe1a65d6324f10124d4f1a1c3f49481e6c69e05fb87cb553c6c785
D:/chest_xray/test/NORMAL/NORMAL2-IM-0237-0001.jpeg,train,NORMAL,1.191780822,3.225781186,9140aabfdefa5f57d4351dd390bf5ed0948647541c3d42792c29507c0f2318f6
D:/chest_xray/test/NORMAL/NORMAL2-IM-0282-0001.jpeg,train,NORMAL,1.169736842,3.417729577,815fe991c6a11e4fc0740942307c49e238eb49e15d6159e14ff31edb7bf8571a
D:/chest_xray/test/NORMAL/NORMAL2-IM-0259-0001.jpeg,train,NORMAL,1.274647887,3.256972604,9042eba8c2da1a5b4b68585240f9694278674b52787f4b523c3f4bc7697b3cbd
D:/chest_xray/test/NORMAL/IM-0084-0001.jpeg,test,NORMAL,1.47767481,3.161287609,d00a76bdc2f41b40cd2ecd2d3c1fc43c6d90b842c6cb6d13b2eb6da3334be4b4
D:/chest_xray/test/NORMAL/NORMAL2-IM-0201-0001.jpeg,test,NORMAL,1.236263736,3.30316372,905aebb4ea8a1e5b4a7c5e5a58784b5b18754953383f5a523e3c1e960f2d1c74
D:/chest_xray/test/NORMAL/NORMAL2-IM-0120-0001.jpeg,val,NORMAL,1.186507937,3.212657415,91557a8146ea1a6f5faa0d7f1c696d253845e1906596b1d26d86b866e963de19
D:/chest_xray/test/NORMAL/NORMAL2-IM-0357-0001.jpeg,train,NORMAL,1.245817246,3.185172277,d12f3590c7943a4392676f06382c6e596d3d30e56d207cb479d36cb330d66d87
D:/chest_xray/test/NORMAL/NORMAL2-IM-0035-0001.jpeg,train,NORMAL,1.439542484,3.101142337,91e868158712386cc96459b639c68d97797a99e58e7519619e659e7b7a61c61c
D:/chest_xray/test/NORMAL/NORMAL2-IM-0098-0001.jpeg,train,NORMAL,1.212643678,3.197314689,c14b9e856f5819ad3cf0e5923a4fe03e3f2670da32e5e4d338b5b0786d2830ad
D:/chest_xray/test/NORMAL/NORMAL2-IM-0278-0001.jpeg,test,NORMAL,1.527403414,3.253993321,905b65a0c6913a43ed7f39cab4f26de138d7c4b6081a94f8cf3f19f0cc305b2c
D:/chest_xray/test/NORMAL/NORMAL2-IM-0287-0001.jpeg,train,NORMAL,1.126182965,3.254368605,915e7aa0d6a15e57587b0929188659e359d719ff82ee1a1499689fe118799cf8
D:/chest_xray/test/NORMAL/NORMAL2-IM-0345-0001.jpeg,test,NORMAL,1.27953411,3.412606929,d400f4f5c3df0b48c33e0f53b02f47d66c7e86f06c0024e16f4934dfc78765e4
D:/chest_xray/test/NORMAL/IM-0029-0001.jpeg,train,NORMAL,1.095371669,3.454922471,984128bf05b51ac181124f931a5207695f3e1d7c4f291d6cc72c4f75d97dcb75
D:/chest_xray/test/NORMAL/NORMAL2-IM-0052-0001.jpeg,train,NORMAL,1.099820144,3.032549866,9155680087ea1a5f07ea5fbe5bfa4fa558a87dea4e0179684f95785af380ea02
D:/chest_xray/test/NORMAL/IM-0081-0001.jpeg,train,NORMAL,1.642764016,2.96316889,d0aa6e80af5f5968cfb528dac2c99a4de360963978f08d3a6cb1c8783e1fc994
D:/chest_xray/test/NORMAL/IM-0110-0001.jpeg,val,NORMAL,1.770378875,3.138746415,917b7481a7953a5e87683b3d9960323138f4b66338d63c7296877a78b4e93a1c
D:/chest_xray/test/NORMAL/IM-0035-0001.jpeg,train,NORMAL,1.064834693,3.406023336,d08dfd40c2f0592f52724f5d18660a3a0ca91af00f6f28fe23db259d21dfa78f
D:/chest_xray/test/NORMAL/NORMAL2-IM-0374-0001.jpeg,test,NORMAL,1.3425,3.204778957,d48f64b5c3d01b43c52b6d11b00d66c46d64b4c64c13b0edcfd3ac379395cf0f
D:/chest_xray/test/NORMAL/NORMAL2-IM-0276-0001.jpeg,val,NORMAL,1.202398801,3.257780647,dd40a6bb83bd1ad483541faa1b470f6b3c3d06d43e9a48da16973c9287c11e9f
D:/chest_xray/test/NORMAL/NORMAL2-IM-0301-0001.jpeg,test,NORMAL,1.569576491,3.130643445,d42b7e90a7503b4ba5253da53850a6c93cdf24fb061d3d799f953cbc0d068716
D:/chest_xray/test/NORMAL/NORMAL2-IM-0283-0001.jpeg,train,NORMAL,1.587301587,3.122181129,9055f5e887a15a17e75a0f29b07887a17875b5e25e37b1d29695687cb50c4a59
D:/chest_xray/test/NORMAL/NORMAL2-IM-0222-0001.jpeg,train,NORMAL,1.424242424,3.105876279,915f2dfdc7fe1a57ec2d68b42882c40908821c2bc03a4b5ebc3159787b7cde3d
D:/chest_xray/test/NORMAL/NORMAL2-IM-0346-0001.jpeg,train,NORMAL,1.404580153,3.141623711,d05bc4a8c7901b16c97e6dbd80e9e6c1794fc2b34b1b90bc4f743cbcc9703493
D:/chest_xray/test/NORMAL/NORMAL2-IM-0289-0001.jpeg,val,NORMAL,1.185973701,3.26610655,944164ab87bd1a5083626f06b07e4ec9687934e06c16b4eb5e936cff94874f5b
D:/chest_xray/test/NORMAL/NORMAL2-IM-0111-0001.jpeg,train,NORMAL,1.333551769,3.071775704,c1013dd546aa5f6a5a7e4b7a1a694bf02d6138f50b472d373dd28f252d309749
D:/chest_xray/test/NORMAL/NORMAL2-IM-0112-0001.jpeg,val,NORMAL,1.229517092,3.309974568,914afc15c7903a43093e6d3f38fb44e96da630f24fd318f95af44d3818b44f29
D:/chest_xray/test/NORMAL/NORMAL2-IM-0309-0001.jpeg,train,NORMAL,1.19556172,3.284794898,d540a095c2b60b40ea376dfc3cad61d43de2d843c96b981fc95f1fa5d878ca58
D:/chest_xray/test/NORMAL/IM-0105-0001.jpeg,train,NORMAL,1.556581986,3.06856379,91fa7c058e12387a8d653db4ecd28c9938788f254e349b25cf2d6b7297a44a5e
D:/chest_xray/test/NORMAL/NORMAL2-IM-0041-0001.jpeg,train,NORMAL,1.641891892,2.939191972,91ec2946eb4e786c79a4398739cd9bc6186b9649de4b9c69c61a4e2dc3c15a5a
D:/chest_xray/test/NORMAL/NORMAL2-IM-0376-0001.jpeg,train,NORMAL,1.569832402,3.04518751,915eb7a0ee153a5ee0785a41b86fce853827b294cf16b2b8ced29e1af290ce0b
D:/chest_xray/test/NORMAL/NORMAL2-IM-0351-0001.jpeg,train,NORMAL,1.500484027,3.130549735,915f74a887955a5e896a0d27e8d687c378d7f5d6cebf795884290805c1389e35
D:/chest_xray/test/NORMAL/IM-0021-0001.jpeg,train,NORMAL,1.386159535,3.29797541,99412cbfc6f41b4046324bff1d0c463d5f70166c43f43dba44fd69c214b761f2
D:/chest_xray/test/NORMAL/NORMAL2-IM-0033-0001.jpeg,test,NORMAL,1.107517084,3.065063549,d15d2911c6851a4e787669d339a949f06da538f6cb634c259a70cf293e36d3e1
D:/chest_xray/test/NORMAL/NORMAL2-IM-0246-0001-0002.jpeg,train,NORMAL,1.417475728,3.024821778,dc4034bfc2951f40c60b0b6898294af43c70d2512d6ab497ede1387abe5f3f9b
D:/chest_xray/test/NORMAL/NORMAL2-IM-0207-0001.jpeg,test,NORMAL,1.347544022,3.42797258,98016dbac6b11a41cf2e5b2a187ac8683874c8664ff73c7e8a573ca138787e3f
D:/chest_xray/test/NORMAL/IM-0033-0001-0002.jpeg,train,NORMAL,1.102396514,3.381010877,c9413abfc6b0124592264fb6184b49791f69796d0fe14d2141fd07d1695f97d6
D:/chest_xray/test/NORMAL/NORMAL2-IM-0019-0001.jpeg,train,NORMAL,0.978917106,3.12765848,d0022dd5c3f41b42522f4fba1c2f4dbc3db438f50df13c3c92fa942fb0f09705
D:/chest_xray/test/NORMAL/NORMAL2-IM-0132-0001.jpeg,train,NORMAL,1.180245536,3.097446157,d400ec55c2f55b42d32a4b92196f4fa84d3c58f44fb25c3e47f24c3f18e94b4b
D:/chest_xray/test/NORMAL/NORMAL2-IM-0302-0001.jpeg,train,NORMAL,1.46826127,3.201761462,995421bae7aa1e85c24b5a1cb81e4eba3c49c2e18f5198b5cf83acbe9296ce8f
D:/chest_xray/test/NORMAL/NORMAL2-IM-0171-0001.jpeg,val,NORMAL,1.431372549,3.016469124,d42b7c94c7941b4b9b688f34381bb0683e5c387634a56f4b38f81e1f3d0b34e5
D:/chest_xray/test/NORMAL/NORMAL2-IM-0012-0001.jpeg,train,NORMAL,1.238888889,3.246539249,915a3bb5e6553a4f786e59a03cc179c913c238ca937a965c1c7a96b48797496a
D:/chest_xray/test/NORMAL/NORMAL2-IM-0028-0001.jpeg,train,NORMAL,1.211704835,3.191301019,995569a087fa1a4f16ee4e17187a4ef90d6b18f84f6118614fe14e2b5ad747a1
D:/chest_xray/test/NORMAL/NORMAL2-IM-0281-0001.jpeg,train,NORMAL,1.26003706,3.210089844,815ea9a0e6817a5fd67e6a54587a4e11796b51ab4b1a792c4b87694a7bc44b1e
D:/chest_xray/test/NORMAL/NORMAL2-IM-0327-0001.jpeg,train,NORMAL,1.67961165,3.200092939,915b27a0c3841a5fd8794a6190a4cbd6bd8f319cc70a343def6ace3d4178cf0b
D:/chest_xray/test/NORMAL/NORMAL2-IM-0030-0001.jpeg,test,NORMAL,0.927755252,3.001197983,9d462ef586bf1a40453e4e1a58ee4c3c4c3c64a66f2069a2e3d3e87bf2c3e278
D:/chest_xray/test/NORMAL/NORMAL2-IM-0007-0001.jpeg,train,NORMAL,1.135291033,3.162116828,91557c0087e01a7f0fea4abf18fa4ca95ae311ee4b8f309a478b1e5e59a0cf63
D:/chest_xray/test/NORMAL/IM-0003-0001.jpeg,train,NORMAL,1.398939695,3.308520986,815ba491c6813a479626cb129e6b6b783f2978ede5e37c3538e3c4c33896328f
D:/chest_xray/test/NORMAL/IM-0107-0001.jpeg,test,NORMAL,1.621333333,3.114866163,d02b7e80c71a184bcd304d916cd3c79d7d9ed12cc7303d2de3264b643c3cc74f
D:/chest_xray/test/NORMAL/NORMAL2-IM-0310-0001.jpeg,train,NORMAL,1.222882615,3.199345132,815425bec6e80e41bc03687f3db869b561bc3285e3cf939c3a0fc2f192e13c3f
D:/chest_xray/test/NORMAL/NORMAL2-IM-0058-0001.jpeg,train,NORMAL,1.236590742,3.111270672,d48534fac3582d21bc37e43b3cf4b07965f83c81d87f65943e1ec9384f921a16
D:/chest_xray/test/NORMAL/NORMAL2-IM-0307-0001.jpeg,train,NORMAL,1.265505226,3.283638423,d0432ab5ea483a4b582d79e11c2b48fe1c62d6b5cf9094a1c3fa5e16c697e1fa
D:/chest_xray/test/NORMAL/IM-0017-0001.jpeg,val,NORMAL,1.272610648,3.376841063,99116eaa06ff5a44473e43111a4f472e5d091c7d4f241c7447f11f5b1af64fc3
D:/chest_xray/test/NORMAL/NORMAL2-IM-0096-0001.jpeg,val,NORMAL,1.271854472,2.963836543,81e878175ee8197c2aa739aabd85a416f408d654c273d0eb4a2e4aee8aff8e71
D:/chest_xray/test/NORMAL/NORMAL2-IM-0362-0001.jpeg,train,NORMAL,1.728555917,3.247794951,d04b66b5c3401f0ae52d3d80c24367c3fccfc6c3084b94f1e5ef7edb868338f0
D:/chest_xray/test/NORMAL/NORMAL2-IM-0326-0001.jpeg,val,NORMAL,1.286559594,3.188005578,d00a7e80c74b1e0fc52c3df09cf24c1abc5bc79f0c3cc6b44f34913c4f16b787
D:/chest_xray/test/NORMAL/NORMAL2-IM-0332-0001.jpeg,test,NORMAL,1.469820555,3.275755562,d04224bfc3d01b42c32f1be59234e3dcbc74e2f4e100b4f4ed793e4b93d0e3c3
D:/chest_xray/test/NORMAL/IM-0006-0001.jpeg,train,NORMAL,1.254147813,3.369741735,98806d7785be1eaa82655fa43ad74b5a781960fc68ea30fd64a23894f1e4e43f
D:/chest_xray/test/NORMAL/NORMAL2-IM-0252-0001.jpeg,train,NORMAL,1.519230769,3.08020881,915025ffe3fd1f50aa094845b806401a04001825cbf03e97efebf7f2787fffd0
D:/chest_xray/test/NORMAL/NORMAL2-IM-0081-0001.jpeg,test,NORMAL,1.08961039,2.911984817,d40a2df5cbd05f235c374df21c8d44fc1de290b38f339e0d92fc870a9296c7c8
D:/chest_xray/test/NORMAL/NORMAL2-IM-0145-0001.jpeg,train,NORMAL,1.146843854,3.103189511,91417910c6a21a6f46be5e7b18694f3918791ae55c2f5cb34f1e1be913d6073c
D:/chest_xray/test/NORMAL/NORMAL2-IM-0297-0001.jpeg,val,NORMAL,1.416791604,3.309975594,914be49087941b4bc7363a07f1486f8438e1b6c36db631e76c9f79ca969728f0
D:/chest_xray/test/NORMAL/IM-0043-0001.jpeg,train,NORMAL,1.130413386,3.408965835,d9403abfc6bf1f44d2264b101a6f4f7e1d6a407d4f2818bc4ff11c2d52f44785
D:/chest_xray/test/NORMAL/NORMAL2-IM-0199-0001.jpeg,val,NORMAL,1.356164384,3.122055059,d4407fabe7953f50ad2e29b63cf7649d2cc1140b4a961c0d2c3c4b46b4ba5c5f
D:/chest_xray/test/NORMAL/IM-0061-0001.jpeg,test,NORMAL,1.330804249,3.104785248,914f35b5c6901b47cc6ecd3c393c90f16d30309763926d8fb3966d8fb12d69c0
D:/chest_xray/test/NORMAL/IM-0111-0001.jpeg,train,NORMAL,1.465848043,3.078687784,d40a7eb5a7d51b40872b0f27393f0ebc3c5a34e62e823cf22c954f09c2f88e4f
D:/chest_xray/test/NORMAL/NORMAL2-IM-0321-0001.jpeg,train,NORMAL,1.434844193,3.185148986,d0ea7c01c7103a5a9d6d6db4389ec4f16cdb3ceec6186d1ebcbdcf193802c4b0
D:/chest_xray/test/NORMAL/NORMAL2-IM-0059-0001.jpeg,train,NORMAL,1.105418719,3.238869547,9955788046aa1a6f4aea3b1a38f96d61b96deb05b1b4e198f41ef194c723386b
D:/chest_xray/test/NORMAL/NORMAL2-IM-0206-0001.jpeg,test,NORMAL,1.443609023,3.180483038,d02f7dd4e3d03f4baf3c6d0b38a74d102ca110f00b291c344b0b7db738f46f3d
D:/chest_xray/test/NORMAL/NORMAL2-IM-0311-0001.jpeg,train,NORMAL,1.22606383,3.180562383,904ee19086b53a478f24385eb0fa3c5578f71cb778f697862c782f5a961629e1
D:/chest_xray/test/NORMAL/NORMAL2-IM-0319-0001.jpeg,train,NORMAL,1.4041841,3.226101862,915eeba0c6933a47cf2d39b4e5f16d9179c6c9c3787a9b87492d19681a071878
D:/chest_xray/test/NORMAL/NORMAL2-IM-0217-0001.jpeg,train,NORMAL,1.353846154,3.150313268,d40b7ff5e7503f4aad2c1cf0382a44b028221c2b0ab41d2d8b3c5f17fca5ef7a
D:/chest_xray/test/NORMAL/IM-0102-0001.jpeg,train,NORMAL,1.705677868,3.146069023,d00b74a187803b4b872e2b34b97e863039273de74f1234b4bf2f696051e83dbf
D:/chest_xray/test/NORMAL/IM-0071-0001.jpeg,test,NORMAL,1.322207959,3.218835519,815ee1a887a03a17c6657a1496fe4e19795d46a37969f7a5692531a26f1e6196
D:/chest_xray/test/NORMAL/NORMAL2-IM-0374-0001-0002.jpeg,train,NORMAL,1.543788187,3.109221269,914264bfc6b11a4bc76d390ca4286e19f9fdc6c3284bc6cb7e5f93c0843d5b68
D:/chest_xray/test/NORMAL/IM-0001-0001.jpeg,test,NORMAL,1.410022779,3.326337545,995e6e8147a61a7f4f327a7a47696c34f9e0ee36f0fae714b050a18c925a2187
D:/chest_xray/test/NORMAL/NORMAL2-IM-0232-0001.jpeg,train,NORMAL,1.526315789,3.113405412,d0af7e94e7123f4bad2d2d76b8b641d728c7a0f7ab69bc14e8b42d05ba40c260
D:/chest_xray/test/NORMAL/NORMAL2-IM-0286-0001.jpeg,train,NORMAL,1.393739703,3.263661535,9151a1bec6911e47c62f6b7a342b61b93da361ef6986388769f8381e197ca781
D:/chest_xray/test/NORMAL/IM-0031-0001.jpeg,test,NORMAL,1.194240196,3.34777979,995e7aa087a11a4703624a191af90d2958f11be15ef711d7069712de378fde9e
D:/chest_xray/test/NORMAL/NORMAL2-IM-0305-0001.jpeg,train,NORMAL,1.36726039,3.18064047,d04025bfc6b13a40e30b2996b4bf6fd13cc260e32c2230bb6d4b3c3fe7f06c3d
D:/chest_xray/test/NORMAL/NORMAL2-IM-0246-0001.jpeg,train,NORMAL,1.513274336,3.215285977,d142ffb5fbd13f4da23f194a282a49003823c3c52de31470cf873c65ebf03c3d
D:/chest_xray/test/NORMAL/NORMAL2-IM-0273-0001.jpeg,test,NORMAL,1.320030698,3.138234965,815a2bb5e2807a435c3f69783de0493d71be190e615e5b647a5ac33d1bcb7852
D:/chest_xray/test/NORMAL/NORMAL2-IM-0360-0001.jpeg,train,NORMAL,1.218262806,3.050072811,881525eaf7a81a05d67f5b5c941a4f783d194af90d0958f7cfc758b7c9c04a16
D:/chest_xray/test/NORMAL/IM-0050-0001.jpeg,train,NORMAL,1.462274176,3.470993673,811b2f90c6903b4b7c2565b4398b30896398392eb67c6f703de724ea639e3d8f
D:/chest_xray/test/NORMAL/NORMAL2-IM-0129-0001.jpeg,train,NORMAL,1.38424534,3.122942127,95a161fe8657796139a64c967996cd864cda69e59e76c8639924966669e721b0
D:/chest_xray/test/NORMAL/NORMAL2-IM-0272-0001.jpeg,train,NORMAL,1.461286805,3.064510568,904febf5c71e1c5b50794de519ff4bd6398bb8fc4f59383c48614c2110f0068f
D:/chest_xray/test/NORMAL/NORMAL2-IM-0374-0001-0001.jpeg,train,NORMAL,1.326145553,3.238957797,d447f4f097f57a5387323a87a3f83c8468f6348238972dab3e1b03c2943d3c3a
D:/chest_xray/test/NORMAL/NORMAL2-IM-0213-0001.jpeg,train,NORMAL,1.22,3.283242646,91557ea806f71b44077a5fff19684fb179ff5fe14a2655a04e837988d2804a1a
D:/chest_xray/test/NORMAL/IM-0046-0001.jpeg,train,NORMAL,1.16,3.402505669,89456efa07bb1a0183321a03034a4f2f497e4f2d5b7c4d25df1d6968db65785e
D:/chest_xray/test/NORMAL/NORMAL2-IM-0105-0001.jpeg,train,NORMAL,1.085872576,2.981093095,8155a1b5c6a01a41d0274b543c0b6bd16d2f71fc696b792f69ca6d2c39ce6b2d
D:/chest_xray/test/NORMAL/NORMAL2-IM-0380-0001.jpeg,train,NORMAL,1.302887844,3.232137122,8157a9a8c6a81e85d66f4e1d3c12c61a6f5b792d4b413d2769ff4b87589463c4
D:/chest_xray/test/NORMAL/IM-0011-0001-0001.jpeg,train,NORMAL,1.118997912,3.368204728,99422abd06e01f450f3f1f4b5d295f717de94f847d1af7927d06f0064e429078
D:/chest_xray/test/NORMAL/NORMAL2-IM-0241-0001.jpeg,train,NORMAL,1.418181818,2.791240525,d00a29f5c7901e4bbe0d6ba43c96e4926dc33ce7c5e49d4bb0f469683c0f4bf0
D:/chest_xray/test/NORMAL/NORMAL2-IM-0131-0001.jpeg,train,NORMAL,1.28437725,2.916784168,915e29d5c6051a57d86d49e11ca349e11da39866cb681e69da711e4b9e75cf78
D:/chest_xray/test/NORMAL/NORMAL2-IM-0086-0001.jpeg,val,NORMAL,1.112410072,3.171426679,9155788007bf1a5f5a6a69a17891e5d3ed85e9568596c61bb3d887a9165d90ea
D:/chest_xray/test/NORMAL/IM-0005-0001.jpeg,train,NORMAL,1.105606968,3.392753421,995f6ea106f7520647024a1f1b4c4e1f59794f016d60cfa44e78f5f5a39c29ab
D:/chest_xray/test/NORMAL/NORMAL2-IM-0267-0001.jpeg,train,NORMAL,1.535433071,3.176138631,915eee81e7b03a56af615b3528a1441138640526283a39624e3e7deb79e75f7e
D:/chest_xray/test/NORMAL/NORMAL2-IM-0110-0001.jpeg,test,NORMAL,1.231400438,3.165371012,d1fd2d50e653396f68346db038c1d0d16cc398decb4b9e1992d6ce0b943ec392
D:/chest_xray/test/NORMAL/NORMAL2-IM-0288-0001.jpeg,train,NORMAL,1.660098522,3.191233811,d40a7ea083d47b4b9d2d4db428d284d36e5961e386046f7cbb6e970669349f96
D:/chest_xray/test/NORMAL/NORMAL2-IM-0381-0001.jpeg,train,NORMAL,1.17888563,3.23219953,9057e9aac7a81e95cb604e0592564e19685935a9685535ea7e9739e27b874b76
D:/chest_xray/test/NORMAL/IM-0036-0001.jpeg,test,NORMAL,1.226448215,3.382462565,995dffa047aa164796aa5e121a7d4b103ef869c11a8d69685f816f387b847e85
D:/chest_xray/test/NORMAL/NORMAL2-IM-0280-0001.jpeg,train,NORMAL,1.363211951,3.195569988,d44174abc7b51b418f6a0f34987a4fb0787294f24c13b4daced13c3f93496359
D:/chest_xray/test/NORMAL/IM-0016-0001.jpeg,train,NORMAL,1.214389888,3.380125954,913a6c5146c5136e12324e3b1b684f19782d7b246f1c31e56f8ffad869c6b4d4
D:/chest_xray/test/NORMAL/NORMAL2-IM-0285-0001.jpeg,train,NORMAL,1.735399285,3.328179906,911974aac3d51b44c72e3b2d846b6b8d385687ef28d6b00f838f314bb49f78d2
D:/chest_xray/test/NORMAL/NORMAL2-IM-0013-0001.jpeg,test,NORMAL,1.2378502,3.008328986,d42dfd5087d43b0fad303e16287c1cb03c323ceb1e1f7c792da70e3c09614db6
D:/chest_xray/test/NORMAL/IM-0030-0001.jpeg,train,NORMAL,1.253424658,3.400656045,d9082abf4b52186f493c18e948b51896c9df4f1c585edb4d583ec20796c7c0ff
D:/chest_xray/test/NORMAL/NORMAL2-IM-0317-0001.jpeg,val,NORMAL,1.368155013,3.247304723,d04a34b5c2d01f4ac32f3f2cf0bf6fd038d2c0d76c8390fb0c8790edc9f81c1f
D:/chest_xray/test/NORMAL/NORMAL2-IM-0146-0001.jpeg,train,NORMAL,1.328727273,2.990292067,91fa7845e611784b7c6069a038a179b73d8b38c60fc33e7a1af04f3a16f54b78
D:/chest_xray/test/NORMAL/NORMAL2-IM-0023-0001.jpeg,train,NORMAL,1.597993827,3.043202828,90ea6691c610186ecd242cb46cdbc6d969d8858f4c9839a99e3f7bd235b66cb6
D:/chest_xray/test/NORMAL/NORMAL2-IM-0219-0001.jpeg,train,NORMAL,1.835294118,2.976656959,d40a7abdc7945f428d79cf609946d1f0fe0338fac6971f0b90f896533c0d3870
D:/chest_xray/test/NORMAL/IM-0025-0001.jpeg,val,NORMAL,1.106590724,3.40720592,815b7a8107e01a571a6a4f7a7849fde96d17f9c5c384691ef29ae790307830fc
D:/chest_xray/test/NORMAL/IM-0037-0001.jpeg,train,NORMAL,1.157579787,3.404630872,9d502fba82a60f4487370f591d2b0b3c3c4855ed6d8c38a36b977f8743c74d92
D:/chest_xray/test/NORMAL/IM-0099-0001.jpeg,train,NORMAL,1.404223228,3.135153734,91ef6c05e612384bcd246cb439bacc936ccecce98e156960cfb5cc7ac1e39632
D:/chest_xray/test/NORMAL/IM-0083-0001.jpeg,val,NORMAL,1.340540541,3.044364963,9141a1b7c6401a4be87d09d0348fc8fe3d889e9ec97896b4c96fc6b5197664f6
D:/chest_xray/test/NORMAL/NORMAL2-IM-0335-0001.jpeg,test,NORMAL,1.583434836,3.204760555,9455f7ea86d53b4e872e3934813a4eb0297684b0685294b56ef539edc2c5786d
D:/chest_xray/test/NORMAL/NORMAL2-IM-0271-0001.jpeg,train,NORMAL,1.548514851,3.394300039,d441ecbfa3d51a40a34e4b2d783606b07850f4f26e82f0d2b681787fe587de0f
D:/chest_xray/test/NORMAL/IM-0007-0001.jpeg,train,NORMAL,1.129262926,3.380337191,dd407abd42bb5b4443ba4b4b1a6d4d1c186d09a7283fa0d12e1eb0e02b97b7fd
D:/chest_xray/test/NORMAL/NORMAL2-IM-0331-0001.jpeg,train,NORMAL,1.573308271,3.268362149,90562baeca805e43de3f59f41d024bd31fcb5a5a125c16a5ef7a1cb5949294b5
D:/chest_xray/test/NORMAL/IM-0039-0001.jpeg,val,NORMAL,1.200780814,3.363450992,910facd1c6f51b43463e4f161a6d4fb41c3b51a57f0438ac438f548b7cc2fe8a
D:/chest_xray/test/NORMAL/IM-0027-0001.jpeg,val,NORMAL,1.243021346,3.369555852,9c446ebf43905b43422e0e95082d4fa4787e43c14ac7facbeec378c3eed0ee15
D:/chest_xray/test/NORMAL/NORMAL2-IM-0117-0001.jpeg,train,NORMAL,1.291612058,3.018259782,915e7c0187113a570d7e0f3e1dfc4db52db60da40f2c39e84bb50d2d4b4b836d
D:/chest_xray/test/NORMAL/NORMAL2-IM-0292-0001.jpeg,test,NORMAL,1.147540984,3.35311503,915e2db106bf125357241e161a3a4f1f5e385a704a785874cb1cea69f2cff0ad
D:/chest_xray/test/NORMAL/IM-0077-0001.jpeg,train,NORMAL,1.3964687,2.92186391,915fe5a086951a5e8b6a7954b9ab4c45b9ed5596aafa1085ebfa5421abaf4460
D:/chest_xray/test/NORMAL/IM-0089-0001.jpeg,test,NORMAL,1.168593449,3.139409377,916ae81586e03a4ee9622c3b79e96ca579f139e56cb569e00c93687239a5ce3e
D:/chest_xray/test/NORMAL/NORMAL2-IM-0196-0001.jpeg,train,NORMAL,1.096938776,3.239464571,d140a9fde2af0b41eb256f727c2b697d2d2978f569693875496a4c0538e86968
D:/chest_xray/test/NORMAL/IM-0033-0001.jpeg,train,NORMAL,1.08083442,3.388009506,89457ceac6bb120191764b92924b4f9b160f4b0a1f4e5d7c4f3d9e7c4b0d9374
D:/chest_xray/test/NORMAL/IM-0019-0001.jpeg,train,NORMAL,1.338687151,3.303588113,991beee486f11b67c7321b0f056c4e1c1c7c5ea42dba05b14d1f15e25f1a2d69
D:/chest_xray/test/NORMAL/NORMAL2-IM-0275-0001.jpeg,train,NORMAL,1.620018536,3.20968658,915764a0c6913a45e72e6bb03c686db03c7e64b629873cff4fc338ac18786d2d
D:/chest_xray/test/NORMAL/IM-0011-0001.jpeg,train,NORMAL,1.043697479,3.426119267,9d422fbd06301a444d3e7c5adcf47c92d0e2cb4b50ef4ed74c3d86900eb39796
D:/chest_xray/test/NORMAL/IM-0109-0001.jpeg,test,NORMAL,1.623423423,3.079265529,c0e86a85af522babcba9e4b064f2e65a326a605e483e387b9c8fda24fb26c5b2
D:/chest_xray/test/NORMAL/IM-0049-0001.jpeg,test,NORMAL,1.662264151,3.299289762,d0edb510c713386b9e74692638f6ccf22ca318e64d3d183a59c76d341b4bcb2d
D:/chest_xray/test/NORMAL/NORMAL2-IM-0279-0001.jpeg,train,NORMAL,1.323076923,3.20423686,d44a7fa087d50b0b8d2d09b408c286db6b4fb3edc314317af1f76c3f28298697
D:/chest_xray/test/NORMAL/NORMAL2-IM-0277-0001.jpeg,train,NORMAL,1.273783588,3.212005334,9801e57f87aa5ac187655b0593564e02b35a1789687cb3686e15b7f0e3e5687e
D:/chest_xray/test/NORMAL/NORMAL2-IM-0045-0001.jpeg,test,NORMAL,1.659961686,2.979820508,c1bd2fc2c74f0d2d8c7149c33987c3caef0f9a65c3611e273871e5893c92cc69
D:/chest_xray/test/NORMAL/IM-0093-0001.jpeg,val,NORMAL,1.394695788,2.972557974,d44574aac7bd5b4187124f2a391e07a8687d34a66c9625abc6cb6c5ab69f4f05
D:/chest_xray/test/NORMAL/NORMAL2-IM-0029-0001.jpeg,train,NORMAL,1.097949886,3.074638272,915ae9a1ce45586ed86a78b958e14e8519a69e92ce7a9670ce38d7b1c6196e39
D:/chest_xray/test/NORMAL/IM-0023-0001.jpeg,train,NORMAL,1.460982659,3.377309768,895d2ea106071a5e5f385b585de96905f9e4eb8430be609e20da21f42fda3ddd
D:/chest_xray/test/NORMAL/NORMAL2-IM-0130-0001.jpeg,test,NORMAL,1.113345521,3.33925484,915564028631785ecd683cb24cf0ccb748bccf1cde3dcb059e3658d6c71e1cbd
D:/chest_xray/test/NORMAL/NORMAL2-IM-0361-0001.jpeg,train,NORMAL,1.329842932,3.265547412,980429aec7be1e90d61b5e151e2ac39c3f0879e14fc07d704af55f8341ff43d2
D:/chest_xray/test/NORMAL/NORMAL2-IM-0233-0001.jpeg,train,NORMAL,1.547619048,3.155767185,915ee6a086d77a4f8625395c87a93805a18a1487214a961328fed7a579e3dffd
D:/chest_xray/test/NORMAL/NORMAL2-IM-0300-0001.jpeg,train,NORMAL,1.196825397,3.213688106,9815efaac6bb5a45c7251a02105e4f6938ed4cee2c2744b66c173c9f4f1a5e17
D:/chest_xray/test/NORMAL/NORMAL2-IM-0316-0001.jpeg,train,NORMAL,1.582702703,3.120630907,d52f7ec0a7d32b4f072d1a1508fa071b1e4d0fc397841af70f4fe2f160ca452d
D:/chest_xray/test/NORMAL/NORMAL2-IM-0060-0001.jpeg,train,NORMAL,1.227152668,2.976069957,d1ad2df0c642196ff8346dd13ca5cb609d279279cf29b27cc318261db2d8658e
D:/chest_xray/test/NORMAL/NORMAL2-IM-0364-0001.jpeg,train,NORMAL,1.598262758,3.165130091,d0aff6a1c7121b0ac5240d3431fe8e83786a95eb6e5695e99a1f0d4a92b4ce3e
D:/chest_xray/test/NORMAL/NORMAL2-IM-0350-0001.jpeg,train,NORMAL,1.348797251,3.189926774,d00034afc3f51f50bf0acb2f3d2c38b56b583c0938f46d631652387ab49f3f49
D:/chest_xray/test/NORMAL/NORMAL2-IM-0347-0001.jpeg,train,NORMAL,1.601246106,3.299097888,914a2bbde2903a5bde2f4a5c1c25c1b47faf58a7414b590058ff41ef18c7494f
D:/chest_xray/test/NORMAL/NORMAL2-IM-0352-0001.jpeg,train,NORMAL,1.238095238,3.213392456,90422ab4d2985a4b5c294b70196158f5697a38ff5bfe1f3e1ebc87851d29187e
D:/chest_xray/test/NORMAL/IM-0011-0001-0002.jpeg,train,NORMAL,1.138303342,3.328023065,dc0ba9d442e515224bdb1f695bba1c391afa2f8a12da0f8eba16efc53e21ca60
D:/chest_xray/test/NORMAL/NORMAL2-IM-0229-0001.jpeg,train,NORMAL,1.273972603,3.176122256,d003abd5c2af3f4be93d794a3c29696a3823584f292138782b2e1d253878dff3
D:/chest_xray/test/NORMAL/NORMAL2-IM-0359-0001.jpeg,train,NORMAL,1.261966928,3.31421334,98502debe3bf1e95875a03d21a43c77b1a143c3d4ebf3f1614b11e321d253cb4
D:/chest_xray/test/NORMAL/NORMAL2-IM-0141-0001.jpeg,train,NORMAL,1.127057275,3.253942749,d4002477c3322d01ccb76dd41be0c3c00b25933ccb3e392df26d6dc994fdcf7c
D:/chest_xray/test/NORMAL/IM-0063-0001.jpeg,train,NORMAL,1.155025554,3.101513557,815f2bbdc2c01a4fd82e79da39eb1be1398492c59ec492cfc6c21c4cc6df4e62
D:/chest_xray/test/NORMAL/IM-0028-0001.jpeg,train,NORMAL,1.187382298,3.366929763,95a9ec5687c01b7a47234d1a19ed4c3448b441ac4bbe33ee46cb46cb16cf4edb
D:/chest_xray/test/NORMAL/NORMAL2-IM-0325-0001.jpeg,train,NORMAL,1.384879725,3.12737455,d40f76a0d3505b0aa53f3cad2c7c46b06cdf87c94e059d6ec6bd7c7a84b04e12
D:/chest_xray/test/NORMAL/NORMAL2-IM-0102-0001.jpeg,val,NORMAL,1.099442379,3.135818389,c15db810c6a11e6e12fe4f1b1a6e4bea1eb629e90be5386d39e41e97287b1097
D:/chest_xray/test/NORMAL/NORMAL2-IM-0173-0001-0002.jpeg,test,NORMAL,1.369747899,3.061494713,d0422dbdc6941e419e2d4b7d3dca609d69d13c83e8d7c382385ac8ff96873969
D:/chest_xray/test/NORMAL/NORMAL2-IM-0372-0001.jpeg,test,NORMAL,1.48013468,3.128782765,915b2595c6903a4ed6246b223c2b67f12d8730d66dc2399e61dae58d79ca6979
D:/chest_xray/test/NORMAL/NORMAL2-IM-0368-0001.jpeg,train,NORMAL,1.502673797,3.172526658,d44b74a097d51b4a872c393696383a55b0661e86387a9ebd39df97e1385cb069
D:/chest_xray/test/NORMAL/IM-0079-0001.jpeg,train,NORMAL,1.442276423,3.073013178,d40aecbda7d51a43832a0f07397e07bd397c30f42eb7286a26961c2726d9cf1a
D:/chest_xray/test/NORMAL/NORMAL2-IM-0249-0001.jpeg,train,NORMAL,1.713942308,3.125867315,815f3ba1c6a15e17dc1ecc5ad8d058c04c6dd3c758c799e649ca495e1f69253e
D:/chest_xray/test/NORMAL/IM-0045-0001.jpeg,train,NORMAL,1.152812762,3.430028314,91157baa06e2120516ee4e97136c4e975e7b1ae54e69386d4fe3ee633aa0ee20
D:/chest_xray/test/NORMAL/IM-0065-0001.jpeg,val,NORMAL,1.529872674,3.087131888,d0af3590c3503d4bc43d2d3438b46d903897c2d9698bb8d9cfcb38f6cb86498f
D:/chest_xray/test/NORMAL/NORMAL2-IM-0312-0001.jpeg,train,NORMAL,1.318595579,3.348379949,881f7fc086aa3a17097c2d7a48b245eb6d9642b4c7ba69eac3d145ad49e5c16d
D:/chest_xray/test/NORMAL/NORMAL2-IM-0339-0001.jpeg,train,NORMAL,1.352815396,3.178184507,d403fcafa7f51b408b320fa7385f174c3c6438e03e82285796a16cd39acf9e96
D:/chest_xray/test/NORMAL/NORMAL2-IM-0373-0001.jpeg,train,NORMAL,1.485188968,3.180858735,d42b2b566b403f0b5e3c4bee1ca254f315c110e741e111cf596f43e3b0ed79e8
D:/chest_xray/test/NORMAL/NORMAL2-IM-0354-0001.jpeg,val,NORMAL,1.371268657,3.112416976,915ff4a8a7a17a15eb563d6e69f8a58338e1618784862893af5a1cf8290fe729
D:/chest_xray/test/NORMAL/NORMAL2-IM-0341-0001.jpeg,val,NORMAL,1.26611069,3.350557407,d95521aec7be1ed0ca090ad4bd006bb93df1b0e54db43923c8f2185e94af4f78
D:/chest_xray/test/NORMAL/NORMAL2-IM-0079-0001.jpeg,train,NORMAL,1.211260331,3.125141939,d0bf35d8c3522f271c36693a3c8430de65c03cc739cf6d94185a9960cfb29a7b
D:/chest_xray/test/NORMAL/NORMAL2-IM-0107-0001.jpeg,train,NORMAL,1.020515826,3.005195514,c14b3e944ea01a6a49bf2959386969781de4e877a1e5bcd2e5acb4c6b9a5e5a0
D:/chest_xray/test/NORMAL/NORMAL2-IM-0353-0001.jpeg,train,NORMAL,1.242677824,3.237321892,90456faaa7b11a17c36a1b0d19140e9038ff45ea5c9614f25e1b7fdab6b40e3e
D:/chest_xray/test/NORMAL/NORMAL2-IM-0238-0001.jpeg,train,NORMAL,1.353383459,3.200349016,904e75a0c6913e52a0692b45b8ff4bd5283f00f72a1b30feabc33c3abad26f83
D:/chest_xray/test/NORMAL/NORMAL2-IM-0349-0001.jpeg,test,NORMAL,1.833836858,3.125004843,9157a7aee6903e5fce791a419e074387b587c2969f8be89ac3983692c2c265a3
D:/chest_xray/test/NORMAL/NORMAL2-IM-0369-0001.jpeg,train,NORMAL,1.582781457,3.179619748,915f74a0c7951a5ec6691a49a964cfb1385594c36c5e96dbc695184abf8dcb58
D:/chest_xray/test/NORMAL/IM-0086-0001.jpeg,train,NORMAL,1.37303217,3.192892884,8155257ec6a81ec1d6254a153e16c2792d5930eb69d83d0f61f5e5a239bf6936
D:/chest_xray/test/NORMAL/NORMAL2-IM-0323-0001.jpeg,train,NORMAL,1.309037901,3.31372126,904e2db5c7103e4bcd2d69961cb24cf13d6fc87c09689c3dcf781e34c361ce78
D:/chest_xray/test/NORMAL/NORMAL2-IM-0328-0001.jpeg,train,NORMAL,1.383660807,3.256284135,941174ea83d51b06872a1927c87c0eb0687c87da3c3ff35abe1d7960b25e3e1e
D:/chest_xray/test/NORMAL/NORMAL2-IM-0072-0001.jpeg,train,NORMAL,1.22962963,3.031912912,91577980d6805a135eaa5ad0186a5afc5ae318e35aeb3c2f34b52d6a3cbcb578
D:/chest_xray/test/NORMAL/NORMAL2-IM-0304-0001.jpeg,train,NORMAL,1.553752535,3.147532553,d40af0bd83d55b4ad7327917b1eb0e8469e28683494fa783ce4df968960f6970
D:/chest_xray/test/NORMAL/NORMAL2-IM-0123-0001.jpeg,train,NORMAL,1.678718159,2.912176915,942d2f500f3f1d2e4fb46892cae9c3044964c32671e6e9e1d6493c1fc74d36db
D:/chest_xray/test/NORMAL/NORMAL2-IM-0343-0001.jpeg,val,NORMAL,1.522260274,3.14628647,916a2ff4c6153a5fd87d49e03987e916690b198ec34e4b481a7cc26dfa4f38c3
D:/chest_xray/test/NORMAL/IM-0075-0001.jpeg,train,NORMAL,1.672284644,3.118468386,d56bafa506970a5b876d196c9b644f25396416531c5e1c2d0e0f1ee392e17ab6
D:/chest_xray/test/NORMAL/NORMAL2-IM-0329-0001.jpeg,train,NORMAL,1.134664619,3.436258255,995568a007fe1a455f6a4f2f781b7c297d397862eaa46856f1c0a297a0dab2c7
D:/chest_xray/test/NORMAL/IM-0087-0001.jpeg,train,NORMAL,1.392778187,3.152239146,915f6db0e6813a478f7e2f1838696fb139e434b16d8638fa6c8139e83c9a6b09
D:/chest_xray/test/NORMAL/NORMAL2-IM-0370-0001.jpeg,train,NORMAL,1.251436782,3.353423201,d54a74f5c3ff1b42c73e29d7b47f66d43cc2c6c00f03b6850f09070bc3962d07
D:/chest_xray/test/NORMAL/IM-0085-0001.jpeg,train,NORMAL,1.536489152,3.154492829,9054a5eac6b09a57ce2e1e5ec6396e199cb54fd29c97c5b0bc1e48d2c786b0b4
D:/chest_xray/test/NORMAL/IM-0095-0001.jpeg,val,NORMAL,1.423340961,3.100911488,d0aa6480c6521b2bcd246d34bcf0cec33ccfd0d24d1bb0bccf943c3df3c16f32
D:/chest_xray/test/NORMAL/IM-0033-0001-0001.jpeg,train,NORMAL,1.111111111,3.417544188,cd003af543bb174013274fba1a2f4d4d1e3e6d681eb54d204df0cf296bf0cb87
D:/chest_xray/test/NORMAL/NORMAL2-IM-0221-0001.jpeg,train,NORMAL,1.427350427,3.266291511,d4afee50a7c83f09af343d9629fb069f287b86cd2e9e4d04ae192c1e8f876c00
D:/chest_xray/test/NORMAL/NORMAL2-IM-0251-0001.jpeg,train,NORMAL,1.493150685,3.31970735,d8402995c2b81a42c2375e2bf42d47fc3c29c7f02da3a4f06d5b3e9396922f9f
D:/chest_xray/test/NORMAL/NORMAL2-IM-0066-0001.jpeg,train,NORMAL,1.047755492,3.136916462,c4053f504b720d2b4abf2cba3cf4e4d0bcf1f0f9b54bf044f3c07ca7c2cb6c01
D:/chest_xray/test/NORMAL/IM-0069-0001.jpeg,val,NORMAL,1.610114192,3.156238342,914f2fb5c6021b4f8c6c69f839b7e19e398a988ec38c9a0de878f9a4784bc3e1
D:/chest_xray/test/NORMAL/NORMAL2-IM-0303-0001.jpeg,train,NORMAL,1.58649789,3.096352564,d00ab0fdc3d80f40c20f6f2c963f6f7c3c3200f024019a5be5f1be4feedac783
D:/chest_xray/test/NORMAL/NORMAL2-IM-0338-0001.jpeg,train,NORMAL,1.629213483,3.22007068,90ca35b5c3d03e5ac67f4e483c25c7342d2538a76da37c1eedbe6f2c090e614c
D:/chest_xray/test/NORMAL/NORMAL2-IM-0195-0001.jpeg,test,NORMAL,1.409448819,3.244195024,8157e880c6821a5fc6655e66a0ee473528ff87c7283e41b7cf0b78fc838f6968
D:/chest_xray/test/NORMAL/NORMAL2-IM-0333-0001.jpeg,train,NORMAL,1.285961872,3.230444924,814aa1bdc2a81a47cb2f7958f1296949792fd3ca790fd3f85a1c986fc349187c
D:/chest_xray/test/NORMAL/NORMAL2-IM-0150-0001.jpeg,val,NORMAL,1.107977992,3.010575559,940fec11a7d41b57036b17af1d2e17291e143df21e935e9a1cb2169e1e1a3ec3
D:/chest_xray/test/NORMAL/IM-0010-0001.jpeg,train,NORMAL,1.267253045,3.361286445,995f6aa003775b4b4faa491d18786d24b8f2ed41b65de18aa08f31fde52d243c
D:/chest_xray/test/PNEUMONIA/person1676_virus_2892.jpeg,train,PNEUMONIA,1.471014493,3.267364061,d443ecb5e3c8aa4bc7bc1a7fc7ac0a8df1780295f960831cfa8280edffd0c10b
D:/chest_xray/test/PNEUMONIA/person1650_virus_2852.jpeg,test,PNEUMONIA,1.428571429,3.131793093,c400eafca3d26f2ae7ad5e92682a17896c58e5c15a576cf0d28f4abcda239a8b
D:/chest_xray/test/PNEUMONIA/person22_virus_55.jpeg,train,PNEUMONIA,1.539325843,2.987723509,d54001abc2ff0bd0bf046b543d4bea1d2d7c3c85e1f8b9521e97d78197cbc248
D:/chest_xray/test/PNEUMONIA/person85_bacteria_417.jpeg,val,PNEUMONIA,1.845070423,2.778868732,90ee2ec4ef0a3e1e86690a4d682d8ea52972aaa08aaaaafaaaf5aed1aada8e9b
D:/chest_xray/test/PNEUMONIA/person79_virus_148.jpeg,val,PNEUMONIA,1.243902439,3.382354746,904529a8c6aa3a41f9295952396b69703847495f387e5a5e8fad186d8b789ebf
D:/chest_xray/test/PNEUMONIA/person29_virus_64.jpeg,train,PNEUMONIA,1.706666667,2.858514198,917afda087951a5e87694e29396dc7a57b7bf7a14f0e3a8023812c3e30944f1e
D:/chest_xray/test/PNEUMONIA/person123_bacteria_587.jpeg,train,PNEUMONIA,1.524752475,2.91429208,d0bd2fd06f1e782d44f05c0344f16f9a78b0c7ca3c3e82c1ef09fe584f2d5e08
D:/chest_xray/test/PNEUMONIA/person75_virus_136.jpeg,train,PNEUMONIA,1.666666667,3.07321779,d402b2ff81780da085960c48c5851402640b57446c2ed3fefa6b69fffb4f69fd
D:/chest_xray/test/PNEUMONIA/person153_bacteria_725.jpeg,test,PNEUMONIA,1.811881188,3.089341397,91ea6e95861b1b69452439dac56178f245e25e3868aa8e9738f8861e399e8edf
D:/chest_xray/test/PNEUMONIA/person173_bacteria_831.jpeg,train,PNEUMONIA,1.365269461,3.066287387,90176daae7943e42cd2e2dbd0cf74bf09d06c3be9f4a1a3c0f34342c4b4730a7
D:/chest_xray/test/PNEUMONIA/person16_virus_47.jpeg,test,PNEUMONIA,1.186796699,3.498225869,98512dfb46f51a51432e4b961c4f4f2d7c3cf4bc6f203d2241d33b4292f64bc3
D:/chest_xray/test/PNEUMONIA/person138_bacteria_659.jpeg,train,PNEUMONIA,1.529411765,3.089508566,80abafd4ff405e2b282529543d436beb19e598558b0a9f074b6d9b0c9f1f838d
D:/chest_xray/test/PNEUMONIA/person112_bacteria_538.jpeg,test,PNEUMONIA,1.4875,2.806160113,d0af2fd003d0154b072c43be0e3a0cbacbba6a934d97c38303ab2ff2c7f2c7a3
D:/chest_xray/test/PNEUMONIA/person83_bacteria_409.jpeg,train,PNEUMONIA,1.359550562,2.779693782,88af2af5ef114c0f483c0ed0b8c7cbd68f0dd34ecf49da0d8b69863711e839e4
D:/chest_xray/test/PNEUMONIA/person23_virus_56.jpeg,train,PNEUMONIA,1.743119266,3.124418798,d02b67b4e3503f4aa12c2d57a82f25dd28ef82d328edbc1fe3c138cefa60e580
D:/chest_xray/test/PNEUMONIA/person80_bacteria_392.jpeg,train,PNEUMONIA,1.384615385,3.068137818,89ff2fd6e352194b9868a968bce1d3a19f8499d49be89ee85dc097408eac87e0
D:/chest_xray/test/PNEUMONIA/person140_bacteria_667.jpeg,train,PNEUMONIA,1.252525253,2.850497116,c14b2fb5c6045a4ec078498194a749b6992dca7bfee5da527cc3924b7d4b1cc9
D:/chest_xray/test/PNEUMONIA/person3_virus_17.jpeg,val,PNEUMONIA,1.2,2.887048307,d02b6bb443801a4b113c0d903cfbe3feeb0ef0ff4b58b83cc3e48d2530e5eb0e
D:/chest_xray/test/PNEUMONIA/person97_bacteria_468.jpeg,train,PNEUMONIA,1.3671875,2.966983007,91e83b104217547a55f15fdf7bae5be87f843bd03b843a9e7ea957a43a002284
D:/chest_xray/test/PNEUMONIA/person1_virus_11.jpeg,train,PNEUMONIA,1.557142857,2.78625488,94022bffebd03e02f26f0f5c3d2d4b743d2868d0258128a32bea2a3f29eba7a7
D:/chest_xray/test/PNEUMONIA/person83_bacteria_410.jpeg,train,PNEUMONIA,1.407407407,2.840352238,c05a3ea86a053e06483e1a783d5838e90ef07ebeb5fc6f96298d28a66b0bb5b6
D:/chest_xray/test/PNEUMONIA/person127_bacteria_604.jpeg,test,PNEUMONIA,1.600985222,2.990887808,91fe37a8c685385ef87a4be13dadc2948f1a92fdce419621685496a56c94a79a
D:/chest_xray/test/PNEUMONIA/person1650_virus_2854.jpeg,train,PNEUMONIA,1.647058824,3.135446919,857a7a80af407b0bc72c5d2569525d0b7c966de355a35cb9692b969b68e2a1ac
D:/chest_xray/test/PNEUMONIA/person21_virus_52.jpeg,train,PNEUMONIA,1.50617284,3.119551347,d4006deae7a11e51eb5a7be93c9260922dd3248bc2d61c3a8e1f0d6b3c3a41ff
D:/chest_xray/test/PNEUMONIA/person82_bacteria_402.jpeg,train,PNEUMONIA,1.731343284,2.716313928,d5ff7fd6ef0b3e604b6008a660f24f8b3ca64bc2492a58437c216d617d49bcb0
D:/chest_xray/test/PNEUMONIA/person1685_virus_2903.jpeg,train,PNEUMONIA,1.414285714,2.773164668,940a2bf5af58be29fd764ff01e914b4a1f844542970e7807e9607a1ee80deb87
D:/chest_xray/test/PNEUMONIA/person26_virus_60.jpeg,train,PNEUMONIA,1.6,2.986397247,815523ffc2b02a43e02b7874f8676bf03ca3e3c73f087a3ccb0a1a9ee1e85e1a
D:/chest_xray/test/PNEUMONIA/person1663_virus_2876.jpeg,train,PNEUMONIA,1.787878788,3.081935595,c40062fc03f05b29c3bf1f92eb283fc07c50f5e07c491ec896c2efdf0c7c99c9
D:/chest_xray/test/PNEUMONIA/person77_virus_139.jpeg,train,PNEUMONIA,1.581632653,3.033523339,c02f60d4c3d21b49d72dcf0a9f2dd33c4f3d9c3e6f009b2d92783d253c166878
D:/chest_xray/test/PNEUMONIA/person1619_virus_2806.jpeg,test,PNEUMONIA,1.598039216,3.242849794,d100e5bbc6d51b44e7263b5ae52d6ae42c42c3e23c42e4bd6f4bf0e8c3d03c6b
D:/chest_xray/test/PNEUMONIA/person136_bacteria_654.jpeg,train,PNEUMONIA,1.502777778,2.829456878,800aa9b5e384ef03f63fc3685d616cf7c33dda17782fd1aa505a712c835a292d
D:/chest_xray/test/PNEUMONIA/person157_bacteria_740.jpeg,train,PNEUMONIA,1.384615385,3.111661505,d40b7ea8e7d13ed3834a0b4f812f873d397f83390834e1a479f0e970869d1b56
D:/chest_xray/test/PNEUMONIA/person19_virus_50.jpeg,train,PNEUMONIA,1.447524752,3.17725214,901f64a8c6d13a02c76a3f2da17e1ebd68369e827857f5e16a523cca348f6978
D:/chest_xray/test/PNEUMONIA/person80_bacteria_391.jpeg,test,PNEUMONIA,1.387096774,3.059509124,915079a867801e57467f0a7839694f707d00f5806d4b15b74bde05be4bd6cf0f
D:/chest_xray/test/PNEUMONIA/person96_bacteria_464.jpeg,val,PNEUMONIA,1.17,2.972731246,94006abdf5fc5e80d2021a5f002f43f5183d0ffc1e95b0fff7c1f0fa5e809c1a
D:/chest_xray/test/PNEUMONIA/person139_bacteria_662.jpeg,train,PNEUMONIA,1.288659794,2.93015919,947f7aa56bd13e17c31f1c0af42be3d03a490b41286b50e15c537ceb6961bc2d
D:/chest_xray/test/PNEUMONIA/person1672_virus_2888.jpeg,test,PNEUMONIA,1.348148148,3.187142248,9054adaee6903a51ea2d3b90f4a169d138ef41f73d23487e0f9714ad69783c2d
D:/chest_xray/test/PNEUMONIA/person111_bacteria_535.jpeg,train,PNEUMONIA,1.656716418,2.703105317,947e7aa8eb801e0fc2581e0d69712f85481614b14b434de96a5f9fbe6a1f8da7
D:/chest_xray/test/PNEUMONIA/person128_bacteria_607.jpeg,train,PNEUMONIA,1.576086957,2.844160858,dfff7fd6a50a3e7d09601b3e6923b1836d8a2109669f5c38f688de8aa2a88a18
D:/chest_xray/test/PNEUMONIA/person87_bacteria_433.jpeg,train,PNEUMONIA,1.316831683,2.917472549,d5402bafe2a61e445c0b405f1c79583061e31fa539bfb3af3bc3d9e107ad0f0a
D:/chest_xray/test/PNEUMONIA/person157_bacteria_739.jpeg,train,PNEUMONIA,1.555555556,2.887010582,8af82a0be78d1c1f5d30091eb832a9552d51bcf7294aac5ead0daf5caf50ad70
D:/chest_xray/test/PNEUMONIA/person121_bacteria_580.jpeg,train,PNEUMONIA,1.708987161,3.15162587,905565fac7b51e17825a0a4dbd6b4bb53d43c085ef06b48ccad6848f4a9fc1cb
D:/chest_xray/test/PNEUMONIA/person158_bacteria_745.jpeg,train,PNEUMONIA,1.539978094,3.16235525,d0fc6c13ef1a3c3ced302d96acd26ddb9c798b148d3689326d1cf9c0c30d9a1c
D:/chest_xray/test/PNEUMONIA/person99_bacteria_473.jpeg,val,PNEUMONIA,1.244094488,3.089153738,dd0228bfe3f51f40592d1ff55c3758fc1d2850741fe1106bc2cbb429d27f2541
D:/chest_xray/test/PNEUMONIA/person3_virus_15.jpeg,train,PNEUMONIA,1.347107438,2.90595567,9c426cadc7f11a52c36c1e2561b61e397874952c7c363da43c3d2f4397a53cf0
D:/chest_xray/test/PNEUMONIA/person91_bacteria_446.jpeg,train,PNEUMONIA,1.301204819,2.828257114,900a2bfdebd41e02c21f0b5a9e18ca5d8f0c6a542d7d6f5525fd2e16ac3d28f8
D:/chest_xray/test/PNEUMONIA/person114_bacteria_544.jpeg,train,PNEUMONIA,1.702380952,2.853510669,d02f3fd0c70a5f6b94204ba83ea863d23f837cd66fc07c28fad26f01282e6b69
D:/chest_xray/test/PNEUMONIA/person111_bacteria_534.jpeg,test,PNEUMONIA,1.370786517,2.797656266,8aaf7ffa7baa1e0fbc54bde0fe81ee019600be0516b45e8b4718a570e00fa295
D:/chest_xray/test/PNEUMONIA/person66_virus_125.jpeg,train,PNEUMONIA,1.467213115,3.294372688,d40064afe2b51b50e32e1f26a02f47fd2c67c1f2a8d2b42f2f80786fe3c4cf0b
D:/chest_xray/test/PNEUMONIA/person152_bacteria_723.jpeg,train,PNEUMONIA,1.510638298,2.817226556,802b3bf67282580f2a38c0682ae31ca32aee0aae3ebeabacafa0beaaaa9c779e
D:/chest_xray/test/PNEUMONIA/person78_virus_140.jpeg,train,PNEUMONIA,1.391608392,3.226678508,d00a2dd5efd03f40ad2c2bf43cbd28f52cb72cbf2cb63c3d2b0d2d182c346f01
D:/chest_xray/test/PNEUMONIA/person122_bacteria_581.jpeg,train,PNEUMONIA,1.378285714,3.15108935,95eaa785ea17ba7e92782b69b0a549b2b4b679b4843c92958f298e7129a34f85
D:/chest_xray/test/PNEUMONIA/person118_bacteria_560.jpeg,train,PNEUMONIA,1.813333333,2.85024024,c8ef3feb8b0808348a30cd259a558b550f4593468b6ca747934db54dd74bd5e9
D:/chest_xray/test/PNEUMONIA/person158_bacteria_743.jpeg,train,PNEUMONIA,1.265306122,2.965669715,98ff6ba847901e5f0a790be139bd6b943d2f61c23dcf3a5a2b813618d5013e0d
D:/chest_xray/test/PNEUMONIA/person94_bacteria_457.jpeg,train,PNEUMONIA,1.476744186,2.899149141,cabf2850756a0f2f6a956fb6fab46a913e113ad02c0b2e5a2dac6eac6c852695
D:/chest_xray/test/PNEUMONIA/person147_bacteria_706.jpeg,test,PNEUMONIA,1.386138614,2.89878369,90eb2df5e7913e521a6bcb2a1b2d3a2d6af03eaa28bd29e029e3b897b8a0ac2c
D:/chest_xray/test/PNEUMONIA/person1661_virus_2872.jpeg,train,PNEUMONIA,1.612903226,3.444333936,c0ec6c95f756d74b5a2c4c2068b230d77dc36ccb24d6608f02db36da3cf03c7c
D:/chest_xray/test/PNEUMONIA/person1614_virus_2800.jpeg,train,PNEUMONIA,1.299145299,3.478491424,dc11342ae6af1ed0ff004b0f3b5ec0bf4b5d3c25e0f5cf4296b4c99195217ad0
D:/chest_xray/test/PNEUMONIA/person113_bacteria_543.jpeg,train,PNEUMONIA,1.370187562,3.15782196,d4036eb8a7d53f42872d3925a7a42c94a1d26e8360e9868b6af8b68fcf60b3ec
D:/chest_xray/test/PNEUMONIA/person150_bacteria_715.jpeg,test,PNEUMONIA,1.657534247,2.778227045,914a2bf5ca825e1fd85c1c20582f1da5386992ca1e0790ff4f5b34ff43d2165f
D:/chest_xray/test/PNEUMONIA/person122_bacteria_586.jpeg,train,PNEUMONIA,1.741935484,2.781552965,d00a3cb5e3d01f4b962d4b2d3f24cb304f299a1669e8d0b792d2e5a5b4de0d6d
D:/chest_xray/test/PNEUMONIA/person1656_virus_2862.jpeg,train,PNEUMONIA,1.208333333,3.302331413,801521aae7a81e01b6574a0db43f42fb3c2b02fd4d0f14b7dde17c7adfd0c60d
D:/chest_xray/test/PNEUMONIA/person102_bacteria_487.jpeg,train,PNEUMONIA,1.324786325,2.895733904,916a3f948e561a6a45341c1294d55e5718bad6965e1cf7843f5d2e3887863cfc
D:/chest_xray/test/PNEUMONIA/person93_bacteria_454.jpeg,train,PNEUMONIA,1.783783784,2.732526232,88aa2af5e7545f4bc32d5f05692487266d1fd93ccf337df2b0e0cb03e05e8052
D:/chest_xray/test/PNEUMONIA/person141_bacteria_677.jpeg,train,PNEUMONIA,1.341772152,2.70838299,d5007fa8ef551c16807e0a80196bc6b69f869494475585af497b05af497fcd67
D:/chest_xray/test/PNEUMONIA/person134_bacteria_644.jpeg,train,PNEUMONIA,1.494949495,2.872283395,d5562bffe7a01e409e4b42383d30653965383d60bc1fa1c23dd6a81eb1d736c5
D:/chest_xray/test/PNEUMONIA/person90_bacteria_443.jpeg,train,PNEUMONIA,1.361445783,3.210430398,d40068af22fd03420b6a5925b9273e32692b7d2b4fe41efeaba20ff02daa1abe
D:/chest_xray/test/PNEUMONIA/person20_virus_51.jpeg,test,PNEUMONIA,1.092715232,3.156455971,91552dbfe6a81a44fa2f6b7d3caa49f53da158e14f801c2f49e9170b487c45e1
D:/chest_xray/test/PNEUMONIA/person1637_virus_2834.jpeg,test,PNEUMONIA,1.607142857,3.007114232,81ea37f4e7941a5ab879ca611e61f8e54b40bc94fad26f8592d629e85a96f058
D:/chest_xray/test/PNEUMONIA/person133_bacteria_634.jpeg,train,PNEUMONIA,1.344827586,2.840749373,d0b52ffa6b081e1f487f3df07d9761df3e94f8c1ded1cb41c2110439141b141e
D:/chest_xray/test/PNEUMONIA/person155_bacteria_729.jpeg,train,PNEUMONIA,1.254098361,3.00103242,945428afe3ff1f94d602421e1f7ad61d5efd1f0d57ad1568163c15a5952114b8
D:/chest_xray/test/PNEUMONIA/person1645_virus_2845.jpeg,test,PNEUMONIA,1.682352941,2.940770176,d17aee858fd43b5b872529160de88683296187c74fb521dbc6d36de1d5d04781
D:/chest_xray/test/PNEUMONIA/person1632_virus_2827.jpeg,train,PNEUMONIA,1.592,3.256386215,905eeea0a3150a57056f1d25293e07ff29ff05c30e8f41ca878b38faab83ce1d
D:/chest_xray/test/PNEUMONIA/person28_virus_63.jpeg,train,PNEUMONIA,1.425925926,3.233514104,d00246bfc2d51b42a52a695d2d6fc1fc29d7b4db6bc13c0be2da6f01bc0fc341
D:/chest_xray/test/PNEUMONIA/person120_bacteria_572.jpeg,train,PNEUMONIA,1.488372093,2.95691525,d42f6af8ab52016a83251b0655fa07bb40f247c96e7e45ac62be65e8c69f43e8
D:/chest_xray/test/PNEUMONIA/person128_bacteria_605.jpeg,val,PNEUMONIA,1.666666667,2.703839768,942b68f4ebc03e0bd2ff4b0ed13c5b021e3c5f5b1d6d03d0001f3cb06b656f3c
D:/chest_xray/test/PNEUMONIA/person159_bacteria_746.jpeg,train,PNEUMONIA,1.592592593,2.757251921,914e2face6921e5ad6494b5d1d354a150e140ead4fbf2aa30ab42ead1ea57db4
D:/chest_xray/test/PNEUMONIA/person46_virus_96.jpeg,train,PNEUMONIA,1.366972477,3.285640045,d02b3e94e7109b4bad2d0ff42cdb0ff428fb85fe8b493c389a506c1aba10cf16
D:/chest_xray/test/PNEUMONIA/person117_bacteria_557.jpeg,train,PNEUMONIA,1.469553451,2.891669825,91fa56a5c6171a5a91694905b1a64fd2bc5bc1d2cd29b0f09b6b10e5b96afc2b
D:/chest_xray/test/PNEUMONIA/person131_bacteria_629.jpeg,train,PNEUMONIA,1.827160494,3.14921968,94282af6e3c31f0fc31f1e7cd62e43550e344b7d2a50aa5f2db50e1b61f21e83
D:/chest_xray/test/PNEUMONIA/person114_bacteria_546.jpeg,train,PNEUMONIA,1.551724138,2.787511819,d0423bf5e6821e0eba784a613c2958b641c21487589f57da161e1c5ec7d7bf7c
D:/chest_xray/test/PNEUMONIA/person91_bacteria_448.jpeg,val,PNEUMONIA,1.380660955,3.020935856,90ff63a8e7951a56c65a1a19b1684f2db86d49a59e64ed84ca978ce24f8f8658
D:/chest_xray/test/PNEUMONIA/person173_bacteria_830.jpeg,val,PNEUMONIA,1.525252525,2.98981754,91fa6da5e6951a5ec6690e1a90794e5138af69e23c2d79e84f6a1e9639e21c34
D:/chest_xray/test/PNEUMONIA/person1635_virus_2831.jpeg,train,PNEUMONIA,1.257142857,3.121147875,90463a68eac09e111a5b5a7f1dff84b742fb146b56ff47787638c71077801c34
D:/chest_xray/test/PNEUMONIA/person1610_virus_2793.jpeg,train,PNEUMONIA,1.272727273,3.24501484,c0bf2a8ae7014d25187442f26faf2cbd24d56d073c3ef9faef25fc1c924900b1
D:/chest_xray/test/PNEUMONIA/person45_virus_95.jpeg,train,PNEUMONIA,1.50877193,3.05990803,816a37f4c6801e4bbc67c87a38fb083f41a9388779ef4390f92d6b5ad38575a0
D:/chest_xray/test/PNEUMONIA/person125_bacteria_594.jpeg,train,PNEUMONIA,1.522727273,2.913310532,d00a2fb5e3d43a4ad47d78783c20605a7db5786179fa1e96e1a64f546924c69e
D:/chest_xray/test/PNEUMONIA/person125_bacteria_595.jpeg,test,PNEUMONIA,1.795698925,2.99571119,d8fdee92af0b392587101d40d7506d6a30e20b8a38ed86d33c7d1ed94d7d1ad8
D:/chest_xray/test/PNEUMONIA/person95_bacteria_463.jpeg,val,PNEUMONIA,1.420454545,2.762991754,88ab2ad09f5f4d2e8fbe1ed3e9f39ec3cf3e93204a2005a616eb03eb96a380e0
D:/chest_xray/test/PNEUMONIA/person141_bacteria_678.jpeg,train,PNEUMONIA,1.597014925,2.831764477,d4002fa1ea805c03d43fc05e9c7f4a7ec1ea4a22c82bda02fc0ff83ffb0fe03f
D:/chest_xray/test/PNEUMONIA/person109_bacteria_512.jpeg,train,PNEUMONIA,1.554455446,3.168095889,cafcab5085051fbe87900adf8fe815002dfb97496d6987296de945a5f2446eb4
D:/chest_xray/test/PNEUMONIA/person111_bacteria_533.jpeg,train,PNEUMONIA,1.653333333,3.149120729,d0a72dfee340bf07e23c0f287c3c62586f0961576d1c6c92e8b13a28e3cd63ce
D:/chest_xray/test/PNEUMONIA/person149_bacteria_713.jpeg,val,PNEUMONIA,1.214285714,3.005365743,81553bea57805e15d63848f83ce2e15c3dcb1ed761ee1ca54d2c078f1cb6a1ad
D:/chest_xray/test/PNEUMONIA/person28_virus_62.jpeg,train,PNEUMONIA,1.394495413,3.325970939,915e7ba0c2955a57ca7f54b978ffc5fe14bf10ff83ae181de05896183814e101
D:/chest_xray/test/PNEUMONIA/person175_bacteria_833.jpeg,train,PNEUMONIA,1.245454545,2.970423063,94576da8e3851a06cb7a3e78b16b4be13c42c3938f12b0fecb403c694bf4af0d
D:/chest_xray/test/PNEUMONIA/person1644_virus_2844.jpeg,train,PNEUMONIA,1.335877863,3.112988045,d00b6fd4ef001f0fed341db06c1a0cab3ca7493f1c2d480fcf971c34db7a9e03
D:/chest_xray/test/PNEUMONIA/person143_bacteria_687.jpeg,train,PNEUMONIA,1.268817204,2.882326882,99df6faae7b51a574b4a5c28e5e95e9969e055a27d8295c30e55a4c33280ee18
D:/chest_xray/test/PNEUMONIA/person101_bacteria_483.jpeg,train,PNEUMONIA,1.477777778,2.930231393,90173febe7b1128215454a5935a956550aaa150569f13dea5f573ba995e0cb75
D:/chest_xray/test/PNEUMONIA/person32_virus_71.jpeg,test,PNEUMONIA,1.352941176,3.136235468,914aa5f5e2c03a4be82d68fa38af41ff19a6808701ef187dcb5a9e857968dbe0
D:/chest_xray/test/PNEUMONIA/person100_bacteria_477.jpeg,train,PNEUMONIA,1.505882353,2.931805207,90ef3fd0e7022c0dd2745f297d38d3a92db26ebd5bec4c83e88998b0ea99c184
D:/chest_xray/test/PNEUMONIA/person90_bacteria_442.jpeg,train,PNEUMONIA,1.387387387,2.767670655,90ee3f90be5a1a681a611de715b67fd23d8592d4b6a6fca0fd20bc04b0c03de9
D:/chest_xray/test/PNEUMONIA/person96_bacteria_465.jpeg,train,PNEUMONIA,1.308411215,3.04028119,94aa6be0ebc23a0a1b6a1b6c79f8ef5638d1af479adda14f8a1708790a5d0a55
D:/chest_xray/test/PNEUMONIA/person172_bacteria_828.jpeg,test,PNEUMONIA,1.472727273,3.057320212,d14a25fdc2d00f48fd3f687d18f0c597ebd6952bc30e830dff69685a10a54e03
D:/chest_xray/test/PNEUMONIA/person158_bacteria_744.jpeg,train,PNEUMONIA,1.475609756,2.926723665,d40a6afd61f01ea042ad0ba4292283f40914da30ebaaffabf8faa15f287fa2d7
D:/chest_xray/test/PNEUMONIA/person85_bacteria_423.jpeg,train,PNEUMONIA,1.73015873,2.783345073,c40024bab6b5be55c3971b02961a6848960a4b649e0f49fdaeca0efdaece9a7f
D:/chest_xray/test/PNEUMONIA/person113_bacteria_542.jpeg,train,PNEUMONIA,1.416666667,2.988788769,91423bfde3801f07de1d4a541ef04a1cd7f11a514c784a5238e53cf94f384f7e
D:/chest_xray/test/PNEUMONIA/person138_bacteria_657.jpeg,train,PNEUMONIA,1.459459459,3.101739141,88af2bd4c2405f6b5c3e6d783c906d8a3ca2f8c339e5da52d5d69747e9611c50
D:/chest_xray/test/PNEUMONIA/person146_bacteria_703.jpeg,train,PNEUMONIA,1.584415584,2.812149913,90452daae3b016855a5f52585f44f46a6ef53e5074bc4f85ac2778f51e82943f
D:/chest_xray/test/PNEUMONIA/person152_bacteria_722.jpeg,train,PNEUMONIA,1.728395062,2.643491059,851f7ae0fbc37f0fd61c43543e18d07c7de13c3bf4b536281c3591a514a81867
D:/chest_xray/test/PNEUMONIA/person83_bacteria_407.jpeg,val,PNEUMONIA,1.279821628,3.113178769,904e21ffc7e11fc1941e4a5ab929493c4d2498b6cb879c8713d2ce1fd62cefc2
D:/chest_xray/test/PNEUMONIA/person119_bacteria_567.jpeg,val,PNEUMONIA,1.408614668,3.040505904,904abff5ca449a4fc82d3ea094b4c2d7b68fd3472f0992256d691e87e16b3692
D:/chest_xray/test/PNEUMONIA/person152_bacteria_721.jpeg,val,PNEUMONIA,1.495145631,2.645356315,d0bf2f402f431d3d4d305f705cb948e3388b68bb6ef13c346c306d167d344db4
D:/chest_xray/test/PNEUMONIA/person53_virus_107.jpeg,val,PNEUMONIA,1.640449438,2.930783795,915e29fce2901e56d86a5968bd2c49f03c23d8f0cf2cdb4fcb40b87cc3e14e0f
D:/chest_xray/test/PNEUMONIA/person171_bacteria_826.jpeg,val,PNEUMONIA,1.619047619,2.782071045,d0af6af0e3d0178bc2783b08bd2c69343cb2e4f03cb070c76d0b3cf4e7da1e85
D:/chest_xray/test/PNEUMONIA/person86_bacteria_428.jpeg,val,PNEUMONIA,1.507246377,2.795008348,d0343af6e3ca1f0d967c6d70141778d2458716de65fb82cf863e82d28f0f04f4
D:/chest_xray/test/PNEUMONIA/person65_virus_123.jpeg,train,PNEUMONIA,1.71875,2.918900374,d0aa05f5c3d01f4b9d2dc97ebc70c859ede83c12e1fb87803c1fe5a3b2431a58
D:/chest_xray/test/PNEUMONIA/person1_virus_7.jpeg,val,PNEUMONIA,1.838235294,2.925841232,d0afea80a302002b81350b1fb9f5dfb67d3800a1083d04f5745f7ef87feb6cb8
D:/chest_xray/test/PNEUMONIA/person130_bacteria_625.jpeg,test,PNEUMONIA,1.585365854,2.653721961,907b2b81ce021e7a4a681a2a0aa80a92b8aecb5aff39faf03e3fb8e12eb23ebc
D:/chest_xray/test/PNEUMONIA/person10_virus_35.jpeg,train,PNEUMONIA,1.309859155,3.174682124,c0537fbef7a05f5d471d4b033c2369ed3d673da5414a3c0601c705cb1a5363c3
D:/chest_xray/test/PNEUMONIA/person61_virus_118.jpeg,train,PNEUMONIA,1.563218391,3.045869907,905beaa0eb915e5ac77c5b54cd3c5a921c3a4684181ec7967d8774f64b87383c
D:/chest_xray/test/PNEUMONIA/person139_bacteria_665.jpeg,val,PNEUMONIA,1.260869565,3.151402049,94022abfebf43fd0e2171e5f740e43de3d0a4b5c3d2910b5652109252d3f3fa5
D:/chest_xray/test/PNEUMONIA/person103_bacteria_490.jpeg,train,PNEUMONIA,1.384615385,3.032676039,91da612bc62d3854825a785a79eb5a0f69a1b78569e0b7844e3e98e338bcbb4b
D:/chest_xray/test/PNEUMONIA/person108_bacteria_511.jpeg,train,PNEUMONIA,1.141269841,3.201058749,90543affea801e015a5f1a7e1d6b01f43ca9927786cb961fa6f8863b243fa5a1
D:/chest_xray/test/PNEUMONIA/person88_bacteria_437.jpeg,train,PNEUMONIA,1.349056604,2.997848858,d52a7ff5fe00580a583f587e7de518a6c0e09af0da5bc0ba1e70492bd2d29c71
D:/chest_xray/test/PNEUMONIA/person1634_virus_2830.jpeg,test,PNEUMONIA,1.3046875,3.319178518,91562baae6803e11fe6b5a681e6244fb4953386f49fe184758fa4a5a3cb57bc0
D:/chest_xray/test/PNEUMONIA/person86_bacteria_429.jpeg,train,PNEUMONIA,1.420289855,2.679820645,812f3fbfff025e3f1efc6bebbeaf6a9665adb484e5828002000a00238a7b0ef9
D:/chest_xray/test/PNEUMONIA/person72_virus_133.jpeg,train,PNEUMONIA,1.578512397,3.206960552,91eaae95e6911a49863c194e941c4f0938654f771d2f5bfa4f2f3087692b1eb4
D:/chest_xray/test/PNEUMONIA/person136_bacteria_648.jpeg,train,PNEUMONIA,1.483333333,3.07429547,945effe06fd1190bc3290a01886bceb4ba3cc2f0757f17d7465f36695e0f0608
D:/chest_xray/test/PNEUMONIA/person120_bacteria_573.jpeg,val,PNEUMONIA,1.564575646,3.059755101,94fe7aa0e7173e5ea7681a1db96096257a76b5836858b58d67bc29c2208e6cd2
D:/chest_xray/test/PNEUMONIA/person48_virus_100.jpeg,train,PNEUMONIA,1.270676692,3.171705119,905029ffe2a03a417e4b682f38e368ab69e9186a487f0af81e7a1e541f2dbe79
D:/chest_xray/test/PNEUMONIA/person1618_virus_2805.jpeg,test,PNEUMONIA,1.675,3.029077929,9157ffa087b70a1287491b0d2968c7a17878bda1cb7c79e2d4f05c7045afc2f4
D:/chest_xray/test/PNEUMONIA/person134_bacteria_641.jpeg,test,PNEUMONIA,1.467889908,3.064268035,915f6aa0ef971a5ec36d1f150e7947a138e741f2439711e06cb038b6e5a15c3d
D:/chest_xray/test/PNEUMONIA/person94_bacteria_458.jpeg,test,PNEUMONIA,1.7,2.765199041,812a2ab7eb801e0ad21d5f48d4385561d434de29eda19a7c2da5965f6d751757
D:/chest_xray/test/PNEUMONIA/person101_bacteria_484.jpeg,val,PNEUMONIA,1.266666667,3.361046154,91563dedd78016179e5f2a7a35f52a522d213955aaaa17d52bc384b4ad52aac3
D:/chest_xray/test/PNEUMONIA/person100_bacteria_478.jpeg,train,PNEUMONIA,1.807692308,2.940324942,9afdab42480d3b7419403daef1ca7f15b950bd42bc42b2e214a3d2e83cfa8d6d
D:/chest_xray/test/PNEUMONIA/person130_bacteria_626.jpeg,train,PNEUMONIA,1.420454545,3.081895537,d00a3ff5e3851f423e0fc25c7b493e2de35c7f2a3c3154f30e149412656d96d2
D:/chest_xray/test/PNEUMONIA/person1678_virus_2895.jpeg,test,PNEUMONIA,1.676190476,3.013417224,d0ab36b4c6901a5af02e091fb42f40fe3d0f8097cd4a1c17ef489f0dfb5ac761
D:/chest_xray/test/PNEUMONIA/person52_virus_106.jpeg,train,PNEUMONIA,1.523255814,2.909376644,d44234bfc3f50f42f60d4b74bd28c2bc2f42b0afcf703c85f87a3c8138c3e1a9
D:/chest_xray/test/PNEUMONIA/person137_bacteria_655.jpeg,train,PNEUMONIA,1.640449438,2.938906635,907e6aa0e7843e16c67a0e593b5dd35c7f2c39e14da9087a0b8f061b396a698f
D:/chest_xray/test/PNEUMONIA/person142_bacteria_684.jpeg,train,PNEUMONIA,1.539325843,2.73062699,d6bf6feaef290c2ec0b40fa155efc5ed100491ee1d26992e8738a94daa4d82c9
D:/chest_xray/test/PNEUMONIA/person139_bacteria_664.jpeg,test,PNEUMONIA,1.469879518,2.774277562,945769ea6b803e25c3971c47d5c70e1e96864e1a165e5f5f34394b0ee6b05b52
D:/chest_xray/test/PNEUMONIA/person104_bacteria_491.jpeg,train,PNEUMONIA,1.459183673,2.700848962,90ad2a80a20b2a1d947549751d3f51526b2a3afe3af03bdedfd5dfd05a841a68
D:/chest_xray/test/PNEUMONIA/person94_bacteria_456.jpeg,train,PNEUMONIA,1.431818182,2.980257008,c8aa2ef2a7428f2fc1164902e17867256c6ae4e5466bb2f1e69dae5d2693465d
D:/chest_xray/test/PNEUMONIA/person141_bacteria_676.jpeg,test,PNEUMONIA,1.61971831,2.894119249,957bef81c2171c7e8af80bd218ea4bd49e01dad48f80981589ff971d985ed5c1
D:/chest_xray/test/PNEUMONIA/person71_virus_131.jpeg,train,PNEUMONIA,1.387387387,3.24884167,94536caae3813a51a94e292b28f703e338d720f3c69a78d4f5a97e13fad034b5
D:/chest_xray/test/PNEUMONIA/person1_virus_12.jpeg,train,PNEUMONIA,1.730769231,2.782445085,c2bf2ff2ef813f15d0164d10783a68e2296d087f0b6f497f097b093f09790179
D:/chest_xray/test/PNEUMONIA/person1_virus_6.jpeg,train,PNEUMONIA,1.475,2.708165598,95fe7fa5ff5f1d7a15f01c8b94809f00b528cf46bd3c7f50fc58439a029e00a0
D:/chest_xray/test/PNEUMONIA/person1665_virus_2878.jpeg,val,PNEUMONIA,1.3984375,3.215073624,915421bfe3f41e40d2490e4ff42f427f3d2940730f72403f4d6b7a07e1fbd780
D:/chest_xray/test/PNEUMONIA/person155_bacteria_730.jpeg,train,PNEUMONIA,1.04964539,2.954418249,94043abe6bae1e05481e09e91de148a50bc08e1ecafa9ed2fade49dbd695d0f5
D:/chest_xray/test/PNEUMONIA/person161_bacteria_757.jpeg,train,PNEUMONIA,1.229885057,3.044331907,91403bbfe6a41686345ec2543e41b32750a715861127b1adb7a5b7aff3a5b3c2
D:/chest_xray/test/PNEUMONIA/person41_virus_88.jpeg,val,PNEUMONIA,1.349593496,3.255371458,81552bbac7e87a41e82f58eb496f49bd1947c16b4bdf480fc3e81856d7294bc0
D:/chest_xray/test/PNEUMONIA/person152_bacteria_720.jpeg,train,PNEUMONIA,1.568421053,2.887516723,c4ad3fd05a4b5c3d5e707de23c9379d76d8ffa7ed9201403982094d09c511cf4
D:/chest_xray/test/PNEUMONIA/person143_bacteria_688.jpeg,test,PNEUMONIA,1.252873563,3.103215926,94002aabe2bf1ff5d74243c21b62c2174fcb4e0b4fdf1d0f42d703e18a2d4f2e
D:/chest_xray/test/PNEUMONIA/person49_virus_101.jpeg,train,PNEUMONIA,1.294573643,3.189569688,900a29d4c2401e49e83f58f338bf4bf2186f927f8a7d1e7eaaf13c70ba169784
D:/chest_xray/test/PNEUMONIA/person1680_virus_2897.jpeg,train,PNEUMONIA,1.67768595,3.087428108,91fa7c859612387aad202c332ce10c973c7204974c1a1dadcf1e7df0ffa46f5c
D:/chest_xray/test/PNEUMONIA/person132_bacteria_632.jpeg,test,PNEUMONIA,1.590909091,2.770400265,d44a6dbde6d50a43820b4b689d2c43482d2df3756f691860c37c972cd9f648fe
D:/chest_xray/test/PNEUMONIA/person117_bacteria_556.jpeg,train,PNEUMONIA,1.395061728,2.657274184,d1ab3fd5e602584b107c4bf01de3185fedbe9ef03cb495849440342dd678d729
D:/chest_xray/test/PNEUMONIA/person60_virus_117.jpeg,test,PNEUMONIA,1.218181818,3.344045693,d0542faac7a01e5a1a5d4b691c2510bf4ff7388f60f70e02921e7b4afe09df58
D:/chest_xray/test/PNEUMONIA/person109_bacteria_522.jpeg,train,PNEUMONIA,1.510869565,3.158816479,81caa78386159a54de731847de78596f5ab8686ecaa8712fc98c7793cca47531
D:/chest_xray/test/PNEUMONIA/person1673_virus_2889.jpeg,test,PNEUMONIA,1.39047619,3.155020008,d00024bfc2f51b40e50e285ba0af08df3cf7c1d33d0bc0d7ff49b87cefc03c25
D:/chest_xray/test/PNEUMONIA/person62_virus_119.jpeg,val,PNEUMONIA,1.770642202,3.242771507,94427fa1e6913e5aa36c1bb4b8fa60ff382f64bfbc0b30d3ac303c3a2cb03c1a
D:/chest_xray/test/PNEUMONIA/person144_bacteria_690.jpeg,train,PNEUMONIA,1.567901235,2.818929891,940b6ab9e3d01e13bd4a0b083b2da9a50ba6bc2e4bfe0f0f3c7c51f45c4f1c78
D:/chest_xray/test/PNEUMONIA/person47_virus_99.jpeg,val,PNEUMONIA,1.555555556,3.34403358,95d2ecafae151a50876a192d0117042b4bcd079e5cf6479adca94acafe999ee1
D:/chest_xray/test/PNEUMONIA/person101_bacteria_486.jpeg,train,PNEUMONIA,1.670588235,2.964617218,905f6ea8e2912a83954b4355bb6f172c0a1416685f50befc1cfc3fea8aa8596b
D:/chest_xray/test/PNEUMONIA/person100_bacteria_481.jpeg,train,PNEUMONIA,1.525641026,2.785889465,91fa7ea0ef04280e803c10291849830f0f4f477f5f4c7c63ff5a7da0fcba436b
D:/chest_xray/test/PNEUMONIA/person1620_virus_2807.jpeg,train,PNEUMONIA,1.510869565,3.707351337,d06a35a0c7915e1bd42c6f61796cc6ad7943b1ef4f9e3c0bb1e04e0e91acc3d0
D:/chest_xray/test/PNEUMONIA/person119_bacteria_566.jpeg,test,PNEUMONIA,1.387755102,2.9379413,d0bfbed0eb021a0f5d7d51751c07d8931a414c97d0a5d683bc2dae35af03bc34
D:/chest_xray/test/PNEUMONIA/person3_virus_16.jpeg,train,PNEUMONIA,1.481132075,3.049893672,d4517faaa2b11a53836c1f24386e0fac496c83e86af538e88b07c3f4d3e32a7e
D:/chest_xray/test/PNEUMONIA/person89_bacteria_440.jpeg,val,PNEUMONIA,1.28,3.089580637,c1022bbee6a05e41de6a5a5c1d2b4aa57de95cad4f6b16d64ba52da1386b4b21
D:/chest_xray/test/PNEUMONIA/person130_bacteria_628.jpeg,train,PNEUMONIA,1.668757842,2.888641399,91dcbfa1e62f5c14d0d0c25334eb42cf45a7308c61ce029f687a439d6e7a59fc
D:/chest_xray/test/PNEUMONIA/person8_virus_27.jpeg,val,PNEUMONIA,1.448275862,2.721208254,917d7ea08617195e85201eb5f0e8168978dcd78b582d8f4a943d69f8b61f72d2
D:/chest_xray/test/PNEUMONIA/person1625_virus_2817.jpeg,val,PNEUMONIA,1.579545455,2.945375042,915aa5e086853a5fe07c6a5ab4284b50bd2fefd0ed1cd6bccf0ad2f092529639
D:/chest_xray/test/PNEUMONIA/person100_bacteria_475.jpeg,test,PNEUMONIA,1.45144357,3.0545479,914aaafce3902e42de1f6e18b34a64b46f43b0a62cc2b1c7f79ee50e92945e9a
D:/chest_xray/test/PNEUMONIA/person159_bacteria_747.jpeg,train,PNEUMONIA,1.625,2.941429827,d0af3fd5e7813f4b9e2d4b6c1fa45a7a47a87eb068d0e7d275407540d550141a
D:/chest_xray/test/PNEUMONIA/person108_bacteria_506.jpeg,train,PNEUMONIA,1.147286822,3.298773567,91553bffe3801605563746551cf64ad25d2958755de15ad478e01f847a9eb0e5
D:/chest_xray/test/PNEUMONIA/person122_bacteria_583.jpeg,train,PNEUMONIA,1.481012658,2.755733193,c0a33dd543421f0b9a3c4b683ca564d625e83c9e69ab6382792f6b8d6bcb29e5
D:/chest_xray/test/PNEUMONIA/person8_virus_28.jpeg,train,PNEUMONIA,1.441860465,2.79910329,d00832d5d2521d0ad03e2cf8b0a148f718c5d2cf0faafb8ecdae9e86e4f33cf1
D:/chest_xray/test/PNEUMONIA/person138_bacteria_658.jpeg,val,PNEUMONIA,1.271186441,2.933054718,88aa2fd5c75a0f2a45856cd3c4c9c2edc9e2d1a549c1f1ed59d27933c1f87858
D:/chest_xray/test/PNEUMONIA/person11_virus_38.jpeg,train,PNEUMONIA,1.558333333,3.171665126,94ee6b118f17186e41b41c96cdf25cab58e2cf0eb94c83258a3c9724df5d1967
D:/chest_xray/test/PNEUMONIA/person80_bacteria_390.jpeg,train,PNEUMONIA,1.725,3.221153292,90fa29a5e7945e5ac73e1b5a10ca5e4aba7e0b6a562d1b612e5a9ad80f8f461c
D:/chest_xray/test/PNEUMONIA/person146_bacteria_700.jpeg,train,PNEUMONIA,1.505154639,3.140135195,d0af6bcac2092a3743fe3ac112d51dc21cc793473d62d03268b3f0f1eafd5878
D:/chest_xray/test/PNEUMONIA/person91_bacteria_449.jpeg,test,PNEUMONIA,1.359459459,2.974611227,941169fee7b53e91c2534f4ab74b478fbf485aad3940f1acff5498784030940b
D:/chest_xray/test/PNEUMONIA/person85_bacteria_419.jpeg,test,PNEUMONIA,1.416666667,2.958182268,d08a2ffde790de02d82f49741d34d4754bf0ba238a26aaca2aa9a2e83fcb350f
D:/chest_xray/test/PNEUMONIA/person100_bacteria_479.jpeg,val,PNEUMONIA,1.637681159,2.825043119,904a6abde7950f43873e1e0970681f006b0c3be03e2939e16afae1f8ab8729ff
D:/chest_xray/test/PNEUMONIA/person35_virus_80.jpeg,test,PNEUMONIA,1.527559055,3.160149886,917a2585c6123a4ae865690638be49db38af49fe893f18fce92e78a56960de3c
D:/chest_xray/test/PNEUMONIA/person133_bacteria_633.jpeg,train,PNEUMONIA,1.544303797,2.75471541,90ff2ff56fc33f0bc6bedb483c64d261e72092d067a19a1c68e1924969f2d242
D:/chest_xray/test/PNEUMONIA/person1667_virus_2881.jpeg,val,PNEUMONIA,1.43373494,3.021066907,d409f4b5e3d00b49d32d4f24b92f4f906d2c3ce06f0af4b19e486c78b0d3e5ad
D:/chest_xray/test/PNEUMONIA/person1_virus_13.jpeg,train,PNEUMONIA,1.737003058,3.079974579,90ab62b9e7c23e0ae72ccf1e753ccf94691ab4c16d4bb6d1690f8c4bc901871e
D:/chest_xray/test/PNEUMONIA/person42_virus_89.jpeg,train,PNEUMONIA,1.649350649,2.998578335,957a65a0c7843a5ac6696a70b4f26f913c66e0926f1eb4b86b583cbcc381639f
D:/chest_xray/test/PNEUMONIA/person14_virus_44.jpeg,train,PNEUMONIA,1.324324324,3.093584986,dccf66b48352095b873c3c88046a3d9e6c52f6907cd3579b558159e0f698f9e2
D:/chest_xray/test/PNEUMONIA/person133_bacteria_637.jpeg,train,PNEUMONIA,1.55,2.74362247,82f8aad2ad1f9d5cd5603d2a85a80d0b3cf54d8f9ca74fc31c7903d6871e01ed
D:/chest_xray/test/PNEUMONIA/person59_virus_116.jpeg,train,PNEUMONIA,1.74025974,2.873887963,d02b7aa5c7d07e0af5299f10793ec7a0681639e2f4874e5ae70342fc3c08e78f
D:/chest_xray/test/PNEUMONIA/person1616_virus_2802.jpeg,train,PNEUMONIA,1.4,3.103477083,907a66a0d6955a5ecb2a3938a5ab08a721ef069769ca869e7c704729de58fbe1
D:/chest_xray/test/PNEUMONIA/person174_bacteria_832.jpeg,train,PNEUMONIA,1.220930233,3.403633808,d05539ee57a45694161a4a5b1c7a6869a96b687178e13ae56a5796a52c7ab54b
D:/chest_xray/test/PNEUMONIA/person80_bacteria_393.jpeg,train,PNEUMONIA,1.552132701,3.127059669,d00b6fb4afd01a4b8f2d0b24092c07b4697f94f2284bb4b76f4bbed32c143cbc
D:/chest_xray/test/PNEUMONIA/person119_bacteria_565.jpeg,train,PNEUMONIA,1.763157895,2.778749534,91ab3f91e2071a5ed078696034374ffb3da5bc34a5a13c17307085b53c3db5a5
D:/chest_xray/test/PNEUMONIA/person1671_virus_2887.jpeg,train,PNEUMONIA,1.702702703,3.113468943,d0bf6ad0c3527a4be929293728bf869728ffc5c7aa5e6d05e2c07c18f784cb00
D:/chest_xray/test/PNEUMONIA/person113_bacteria_541.jpeg,train,PNEUMONIA,1.310679612,2.726074439,904a6be56f901f1f465c1840712549b43c2761f43ca778b6efa87ade47a3563c
D:/chest_xray/test/PNEUMONIA/person134_bacteria_640.jpeg,train,PNEUMONIA,1.46728972,3.041376676,d00a2bf5d3c01b6bdf3d4ad81cf051d619e21843e1cbaa487a5ef36d5a5cc21e
D:/chest_xray/test/PNEUMONIA/person36_virus_81.jpeg,train,PNEUMONIA,1.533980583,2.991271316,91ea73a0c6811a4bc06d0a77382f803d2d1f10ff67ca3dbcf7c16dc0fad0c71c
D:/chest_xray/test/PNEUMONIA/person118_bacteria_559.jpeg,test,PNEUMONIA,1.4,2.713476101,d12b3fb45e0a587d18f001819796bb7896909b4fbce4fdc4f584f8ca68e42ad2
D:/chest_xray/test/PNEUMONIA/person135_bacteria_647.jpeg,test,PNEUMONIA,1.68,2.807017673,d400ebdf8bea5b2143ae0f83c2931e48949208e9b8f98be5b83f83f0291fabfa
D:/chest_xray/test/PNEUMONIA/person93_bacteria_453.jpeg,train,PNEUMONIA,1.451219512,2.921804846,90402aaac7b05e16da5f5e795ec0c7f01ca46c3397f33817b07e17921a1783fe
D:/chest_xray/test/PNEUMONIA/person83_bacteria_414.jpeg,train,PNEUMONIA,1.408647141,3.121302769,90453b2ee7ab1f41d6070e3f306a4bfd352149a5bde13807a3d0528d796edd0b
D:/chest_xray/test/PNEUMONIA/person1623_virus_2813.jpeg,test,PNEUMONIA,1.166666667,3.138255543,8155a1aac7a01a45f67e6a01384bc6b50d6fb0ff4957297fc3d62d0bb0f84b16
D:/chest_xray/test/PNEUMONIA/person63_virus_121.jpeg,train,PNEUMONIA,1.457364341,3.08276722,915a6481c6903a5acf293a6683eb0a1b30ce028f38fa86977c7a35cbf7d2b4f9
D:/chest_xray/test/PNEUMONIA/person1657_virus_2864.jpeg,train,PNEUMONIA,1.260869565,3.088722436,c4002dd7f2f54b40af026a023f2966856dcb3cb469f239a34bc3694b72ff6d07
D:/chest_xray/test/PNEUMONIA/person108_bacteria_507.jpeg,train,PNEUMONIA,1.139534884,3.161940017,94006aafe2f5afc0a3aa6b0bb929cfa52d3d35f16c5625f007d324f806d34ad3
D:/chest_xray/test/PNEUMONIA/person141_bacteria_681.jpeg,train,PNEUMONIA,1.474358974,2.722984004,d02a37f5eb40940bd0791808302141a394ae68aab48f693f96bf5d7fb0fd597d
D:/chest_xray/test/PNEUMONIA/person88_bacteria_439.jpeg,train,PNEUMONIA,1.525731584,3.116687833,91fa2fa5c6153a5ae96969b52886c9943dbed3cc4e0998694fe49d2f20c34b4b
D:/chest_xray/test/PNEUMONIA/person50_virus_102.jpeg,test,PNEUMONIA,1.684210526,3.14478755,915b3db1c7a55a4a9c6cc9783d6294d0cf5abc0e38d2e70a961d30f8e3c8971e
D:/chest_xray/test/PNEUMONIA/person108_bacteria_504.jpeg,train,PNEUMONIA,1.284615385,3.271896332,94fe6a85af420f0a0f3e5d3f5fbe5cba7cb26efae8824ea0ea008e860b0ac5a1
D:/chest_xray/test/PNEUMONIA/person24_virus_58.jpeg,train,PNEUMONIA,1.707070707,3.162473901,91556faac7973e5acb683ba1aca14ab13cc3e2a5bd24ee34ae9138bce2143869
D:/chest_xray/test/PNEUMONIA/person100_bacteria_480.jpeg,train,PNEUMONIA,1.641791045,3.041544025,902a2aa06b007e06c67c5ef838f143a17801e928af8f3d29ebba3eab8faf8ee9
D:/chest_xray/test/PNEUMONIA/person133_bacteria_638.jpeg,train,PNEUMONIA,1.532467532,2.68491238,88ea6aa0a70a032f81355916c5b02851c1e9c605e4c7f6c6efedff4d7c78d678
D:/chest_xray/test/PNEUMONIA/person122_bacteria_585.jpeg,test,PNEUMONIA,1.487179487,2.729274352,d0bf6fa02b021f2a83240966e5a66c92e0dacf899c3c87f6196e52f69f2f50f8
D:/chest_xray/test/PNEUMONIA/person141_bacteria_670.jpeg,test,PNEUMONIA,1.76119403,2.689112743,942b2bf5e3803e0fec7c6fa0387bc3702d03a87c8f07387ec1da1e03b0f8cb4b
D:/chest_xray/test/PNEUMONIA/person1679_virus_2896.jpeg,train,PNEUMONIA,1.485714286,3.05084158,915f7fa8e7053a56a96a09a328d708d7385f10f7cc961ca9fc505f20fdb04d70
D:/chest_xray/test/PNEUMONIA/person134_bacteria_642.jpeg,train,PNEUMONIA,1.509433962,2.907499066,d5fe3ff5c6801c4fb42d01b03de3b0df31ca38d6335373413c3509213da13d3a
D:/chest_xray/test/PNEUMONIA/person124_bacteria_590.jpeg,train,PNEUMONIA,1.425287356,2.66787195,90aa2af7ef001e0d643dd3707d2992b46f4a3c8360da0d8b30d3e1ddb64f69c7
D:/chest_xray/test/PNEUMONIA/person111_bacteria_537.jpeg,train,PNEUMONIA,1.696696697,2.985984692,d403fea9ebd51f47052f5a44194a53e45b4715a242d075a767d66f2a30396b5a
D:/chest_xray/test/PNEUMONIA/person99_bacteria_474.jpeg,train,PNEUMONIA,1.518716578,3.237999169,915f3da8ef853e174a7a1a29082541f01df544f90b165c674da55d1e57255f1e
D:/chest_xray/test/PNEUMONIA/person44_virus_94.jpeg,train,PNEUMONIA,1.380952381,3.006392886,915e2da0c7801a57bc5fea35386a80bf492330bf61f7050f309c4b97bd8579f8
D:/chest_xray/test/PNEUMONIA/person140_bacteria_668.jpeg,train,PNEUMONIA,1.631067961,3.076789887,d0ef2dd0e2021a4f96784b681c30e2d36d37b0d6e5849e96f9fe8786104fe9d2
D:/chest_xray/test/PNEUMONIA/person1660_virus_2869.jpeg,test,PNEUMONIA,1.802816901,2.900762573,d0bd26f4e34a0f2bd83d4b107c3452f06d2334d367c33497794875875c5a6d8d
D:/chest_xray/test/PNEUMONIA/person1647_virus_2848.jpeg,train,PNEUMONIA,1.520833333,2.877851255,d40a76bdc3d01b4ac5363d96bc2fc7d03c68d4f04fc0bc2dc74397c0d03c6f07
D:/chest_xray/test/PNEUMONIA/person1682_virus_2899.jpeg,train,PNEUMONIA,1.229885057,3.046741128,d42a0abdf7545b405d2554b25e9850fa06d31aeb52f507b71e3c46bc0f3c3c3c
D:/chest_xray/test/PNEUMONIA/person78_bacteria_387.jpeg,train,PNEUMONIA,1.589424572,2.868033466,d0fe62d0a70b3d2fc7343852b0c33fc378e393878879b3c59a5c30659a6d3869
D:/chest_xray/test/PNEUMONIA/person124_bacteria_589.jpeg,val,PNEUMONIA,1.605263158,2.757694385,95ab2bb1ee025caec2f03e4378e54d443d0571747d217873f53c5d1c695a4b4a
D:/chest_xray/test/PNEUMONIA/person1622_virus_2810.jpeg,train,PNEUMONIA,1.827160494,2.729169592,d03b7aa8e7d45e82da5ed7081a2dd97097243c346960ceb63c16b382cf873cbc
D:/chest_xray/test/PNEUMONIA/person109_bacteria_517.jpeg,test,PNEUMONIA,1.361702128,2.806623728,99fa6da0e6951a1f827c1e3092700e6998786f533e7d4d7b1e4f59e130e16968
D:/chest_xray/test/PNEUMONIA/person128_bacteria_608.jpeg,train,PNEUMONIA,1.242562929,3.049983238,91467baa46801e47105f4af8396a69e72dc4dcbf4bd49e1e4a748c481c7e9eb9
D:/chest_xray/test/PNEUMONIA/person83_bacteria_412.jpeg,val,PNEUMONIA,1.542857143,2.736366239,d4003aafebf54f42470b4b8db40a4eb80a0a0aaa6b503cbf6fc1d1eb7cf05f53
D:/chest_xray/test/PNEUMONIA/person18_virus_49.jpeg,train,PNEUMONIA,1.831804281,3.110332479,91faaba5ee173a5ac4614a4b74bf4db7752cf1846104b2b4698fedd8431800fe
D:/chest_xray/test/PNEUMONIA/person91_bacteria_445.jpeg,train,PNEUMONIA,1.275862069,3.010192885,945f6ae8efd09f52c71a5b2f81ad4bb49cfa4ca280e2c585cc75c5c3c2c1e4f0
D:/chest_xray/test/PNEUMONIA/person142_bacteria_683.jpeg,train,PNEUMONIA,1.569444444,2.745256942,914e29a1e7b03fd7f497c6521e4a92dc5b4a7968134e4b4a22d21a5f5cfa82d3
D:/chest_xray/test/PNEUMONIA/person100_bacteria_482.jpeg,train,PNEUMONIA,1.494252874,2.743182073,d0ea6e05ad0e0b688285f805c303788d7849b08fa21f02df00f787fd57fb17ff
D:/chest_xray/test/PNEUMONIA/person142_bacteria_682.jpeg,train,PNEUMONIA,1.402061856,3.011026503,c8942f7be7cd0f054d144cbe5df8d4e041a0c3c1f995dba429a4983ca394ff5c
D:/chest_xray/test/PNEUMONIA/person175_bacteria_834.jpeg,train,PNEUMONIA,1.233333333,3.113838842,942a6dd1ef400f4b552f5c3838a141c14cf274f3459f9cbbdad89f2fb8342d60
D:/chest_xray/test/PNEUMONIA/person81_bacteria_398.jpeg,train,PNEUMONIA,1.413333333,2.631741291,90aa2bf5f742162b557cd7001c15547f47f70e3faaffaaaaaaae29a20aa81c11
D:/chest_xray/test/PNEUMONIA/person25_virus_59.jpeg,val,PNEUMONIA,1.558441558,2.718753108,d17a76a0e2151a5ae5296f05b4aec3d13d0af0b6ef0bb0f8e96ab6a5695ac029
D:/chest_xray/test/PNEUMONIA/person101_bacteria_485.jpeg,val,PNEUMONIA,1.372340426,3.065133112,94453ebbe3b11ad2174a4a1f396c3d2c4a34357c7c3c6d3d752f2a832587852b
D:/chest_xray/test/PNEUMONIA/person38_virus_83.jpeg,train,PNEUMONIA,1.232394366,3.167555413,d40a3ebde2f59b50af2a8b162c2b24bd2ecc3c2e82de2d2b1abf4f0b2c0f02d6
D:/chest_xray/test/PNEUMONIA/person1649_virus_2850.jpeg,train,PNEUMONIA,1.47826087,2.805631423,d0bd2ff0c3c21f2bec3fc03e381f00fe0c9218d7c1c30d8798c7c9c1fd247db4
D:/chest_xray/test/PNEUMONIA/person1631_virus_2826.jpeg,train,PNEUMONIA,1.428571429,2.874771125,d42bf0e0e7d08f1fed3c3d14f92a2694386b6581c65b39e5b2c3e92d8782c278
D:/chest_xray/test/PNEUMONIA/person53_virus_108.jpeg,val,PNEUMONIA,1.582417582,3.126269928,d04064bfc6b45e40c70c1f42b40f4f883c6ac7a56d69d03ecf03f1cbf0fc37d2
D:/chest_xray/test/PNEUMONIA/person139_bacteria_661.jpeg,val,PNEUMONIA,1.214953271,2.843669983,94af7e956bd00e17cb7f1e087968d60069780d710c74bcf4cd94ccb049b7dcf0
D:/chest_xray/test/PNEUMONIA/person1668_virus_2882.jpeg,train,PNEUMONIA,1.604395604,2.892645586,91ea7485c6167a4991254f26b9629787696bb1c36e9eed69964b6c4ab4c1c678
D:/chest_xray/test/PNEUMONIA/person109_bacteria_523.jpeg,val,PNEUMONIA,1.4875,2.82078609,d01bb8a082951f5e05fe0fd4965acb491e2868e83dab5a5e832f1e97e1e07f85
D:/chest_xray/test/PNEUMONIA/person21_virus_53.jpeg,train,PNEUMONIA,1.373626374,3.11901609,d4407dabe7951a50bf6e692e3cf2242b68ad3c24e4af4bc21c3a44bd2d6f1c25
D:/chest_xray/test/PNEUMONIA/person110_bacteria_531.jpeg,test,PNEUMONIA,1.686046512,2.968054065,caff2bd091014b2f8825491c2828585550c319cb9a5bbafd1e5f9e5eed961d76
D:/chest_xray/test/PNEUMONIA/person139_bacteria_663.jpeg,train,PNEUMONIA,1,3.138405653,95553bff6baa5e857e0b50d53dd0d04441d61d437943cbc7b1e748e0c384c28f
D:/chest_xray/test/PNEUMONIA/person158_bacteria_742.jpeg,train,PNEUMONIA,1.376470588,2.95832935,d4156caae3d53e17c34a5b2d512d57a75f3e057a05a20d3a05f02b0f2f783a87
D:/chest_xray/test/PNEUMONIA/person161_bacteria_759.jpeg,train,PNEUMONIA,1.783333333,2.959604559,95406baaef943e065a1e5ed85a415a4d4b785e0f09730aa1383d0daddd3f4dbc
D:/chest_xray/test/PNEUMONIA/person127_bacteria_603.jpeg,val,PNEUMONIA,1.592592593,2.863589379,d42a2fffefd23e43082d4b3c1d2444d245c2149541da97b7d1f7c561ce94693c
D:/chest_xray/test/PNEUMONIA/person147_bacteria_705.jpeg,val,PNEUMONIA,1.431818182,2.904869831,d40a6aabe7f53f54d75b0f4d9d2f43b43d1609b529f8294302f0092f06be43e1
D:/chest_xray/test/PNEUMONIA/person133_bacteria_635.jpeg,train,PNEUMONIA,1.329545455,2.900243811,91aa6b81c216187a5a687a0378be6b9279afa987bb9dc3de43df09ea0a9a0a3a
D:/chest_xray/test/PNEUMONIA/person51_virus_105.jpeg,train,PNEUMONIA,1.666666667,2.995424001,915025bfc3d43e51e23d1a34e6b56fb03c0163e1bc1a4e87adac69dee90c3cf0
D:/chest_xray/test/PNEUMONIA/person17_virus_48.jpeg,train,PNEUMONIA,1.429906542,3.011849187,d40af6bdc3d01b63c5b50f13b12e4f90386e36c0783a34e1c24b34fc7ac7656d
D:/chest_xray/test/PNEUMONIA/person44_virus_93.jpeg,train,PNEUMONIA,1.295652174,3.272136007,915021aac2be0ac0be004a5f1c6bc23f2dfb3c01697f1487e94bc3f47e0efd2f
D:/chest_xray/test/PNEUMONIA/person1629_virus_2823.jpeg,train,PNEUMONIA,1.74025974,2.876790798,c0fde2d4a343bb0de525be12fd28970869e2b6a3ee5ae9a7969269e3a49c0e40
D:/chest_xray/test/PNEUMONIA/person1642_virus_2842.jpeg,train,PNEUMONIA,1.312,3.010615785,d05f7aa0c6d51a5acb4a9f27783e81ab1e3528e3b48748d6654b068b7ed0658f
D:/chest_xray/test/PNEUMONIA/person54_virus_109.jpeg,val,PNEUMONIA,1.450980392,2.978473216,d002f5a9c6911b43e72d3951b5b769d0bcc3c3d23c83c278af1292ed6df03c2d
D:/chest_xray/test/PNEUMONIA/person88_bacteria_438.jpeg,train,PNEUMONIA,1.505263158,2.914118934,91443ba9e68016171c5a52793de81cad75fe15e4348eb19eb68db51ee31c958e
D:/chest_xray/test/PNEUMONIA/person1640_virus_2839.jpeg,val,PNEUMONIA,1.625,3.052569423,905565aac7a51e15e1493b04b57a4fc1bc2fc3c4bc0fe14a7f87b0f8e4873c1a
D:/chest_xray/test/PNEUMONIA/person121_bacteria_575.jpeg,train,PNEUMONIA,1.696202532,2.849608346,d02a2afdebd25b0b9f2f4b7c0f2258b54fda0e0500f581c39296a5d647878f0f
D:/chest_xray/test/PNEUMONIA/person1628_virus_2821.jpeg,train,PNEUMONIA,1.684210526,2.99025376,d400f4bfc3d01b4bc52c6f00b4a94fd03c2ef0d26d0bd2f8cf0b38b5a9ca7c3d
D:/chest_xray/test/PNEUMONIA/person139_bacteria_666.jpeg,test,PNEUMONIA,1.224489796,3.176327969,905a79a5e3003e15eb7a3c4b692b6d94796796b4680696f26f5e3c780e306d2d
D:/chest_xray/test/PNEUMONIA/person80_bacteria_389.jpeg,train,PNEUMONIA,1.388349515,2.750755359,d1ad3f96e2025e4fd4784d683ce54a634e041886499c9b9adbc8df1cdf0c8b8f
D:/chest_xray/test/PNEUMONIA/person74_virus_135.jpeg,train,PNEUMONIA,1.5,2.87100301,d40b65b5c3d01b4aeb2c6f00bd6b6fc03c64f1e0edca9a1fc7c2b4a7a1d04b0b
D:/chest_xray/test/PNEUMONIA/person78_bacteria_381.jpeg,train,PNEUMONIA,1.537313433,2.748229473,94426abaaf911e4ac32819a060a44e9078bd6ac76d7575d567577d78870fc5f4
D:/chest_xray/test/PNEUMONIA/person155_bacteria_731.jpeg,train,PNEUMONIA,1.656565657,2.948712884,940baafde3e21f07c21f0f0fdf1d5f655e0f52f01e2d1c3c03c1c2bda1c01e85
D:/chest_xray/test/PNEUMONIA/person1674_virus_2890.jpeg,train,PNEUMONIA,1.384180791,3.089154986,d40002fbaf557d24eeb03fcfbaee1f5b8a3c87140e3c00f52a8b00fe838f4a2f
D:/chest_xray/test/PNEUMONIA/person130_bacteria_627.jpeg,train,PNEUMONIA,1.5,2.693112229,d42b6fd027c20f0b453d5f166cbbc6956e49c4e9c78ec92ea9b08995e1f0c1c3
D:/chest_xray/test/PNEUMONIA/person109_bacteria_513.jpeg,test,PNEUMONIA,1.402298851,2.816200549,91522faee2851e0fd43f5e509440484b9e53684b25e3682fa5eb2a6bb8bf34af
D:/chest_xray/test/PNEUMONIA/person71_virus_132.jpeg,train,PNEUMONIA,1.513274336,3.118892012,d02b36f5e2d00b4ab52f2d3e3c29809f2d0230db61cb050df2dbc5e0fc3cf96d
D:/chest_xray/test/PNEUMONIA/person136_bacteria_650.jpeg,train,PNEUMONIA,1.772727273,2.809196507,d0ab2bf5e3821e0fca780f48502f417e0e0b087a063e16175555571f5d7a57f7
D:/chest_xray/test/PNEUMONIA/person96_bacteria_466.jpeg,val,PNEUMONIA,1.242990654,2.847682287,940a6aa5aff01e03012b1b29783dcda06ab6aceacea7aafaae8b8a1caa3de725
D:/chest_xray/test/PNEUMONIA/person34_virus_76.jpeg,train,PNEUMONIA,1.177142857,3.207121094,91fae881c2055a4f10e84b7b39ff4b9739eb1bc61f6a18f42b4b18691b438769
D:/chest_xray/test/PNEUMONIA/person57_virus_113.jpeg,train,PNEUMONIA,1.392523364,3.160775479,d40866adc7d00f4aad2a2cbaa4fb0e9f2c3f878f4d0fc5844f8c6d4acf86c9e0
D:/chest_xray/test/PNEUMONIA/person109_bacteria_527.jpeg,train,PNEUMONIA,1.805970149,2.661704904,94ff6aa1aa151f5e4f551d1fa5a82b06bd681b44b52443683c2f4bcb141f43d7
D:/chest_xray/test/PNEUMONIA/person150_bacteria_717.jpeg,val,PNEUMONIA,1.544117647,3.117971487,914b27e5c3901a5bc87d69f4bc3649969f82f85fc348143c4b5e86a5686f74e1
D:/chest_xray/test/PNEUMONIA/person119_bacteria_568.jpeg,test,PNEUMONIA,1.391799544,3.009920798,915a3fe0c6951a5f987e4a783ca0cad22db19296edb6b696e9be8694483cc1e1
D:/chest_xray/test/PNEUMONIA/person153_bacteria_726.jpeg,test,PNEUMONIA,1.570776256,3.093599458,917a6ea1ae173a7a0d2808b70cf309a508b6cf39183dcb69cf35f960c70bdbd2
D:/chest_xray/test/PNEUMONIA/person83_bacteria_411.jpeg,train,PNEUMONIA,1.221153846,2.933735667,d8ed3ff4ff907f0358354860182390c74f4bd00f516bc629d23ad82bb63ab23b
D:/chest_xray/test/PNEUMONIA/person1675_virus_2891.jpeg,train,PNEUMONIA,1.830769231,2.83868221,d0f43d0bc30d3924d9305e01bc2dd64b7d8c92cccf0db9b4d30dc7bc6c18c79e
D:/chest_xray/test/PNEUMONIA/person1_virus_9.jpeg,train,PNEUMONIA,1.550724638,2.914784996,d4022abde1d45f489f2fc33e1f0470064b305d00543c57df57dd56dc47cd46f4
D:/chest_xray/test/PNEUMONIA/person104_bacteria_492.jpeg,test,PNEUMONIA,1.675675676,2.686901147,915e3fa1e3051a0e807c4a50342fcaf04f5b9e3d79781ec35a701deb1da5c573
D:/chest_xray/test/PNEUMONIA/person1653_virus_2858.jpeg,train,PNEUMONIA,1.702702703,2.772266589,957ab5e0e785be16e6788a41a87bc6a1786af0b4cf07b1f87ac0383e34d01e0f
D:/chest_xray/test/PNEUMONIA/person76_virus_138.jpeg,train,PNEUMONIA,1.64516129,2.897802304,d02ff6f4e3423f0bf12e8fb03943c6d86c4330e9c6d22d2d97e1cb7894b41a4a
D:/chest_xray/test/PNEUMONIA/person1653_virus_2859.jpeg,test,PNEUMONIA,1.442105263,2.872211922,c1ffd4a5e7971a5ae968c7203962e1e8ced2696cc2d3cb4ab0b9c24e4b0b92b4
D:/chest_xray/test/PNEUMONIA/person1626_virus_2818.jpeg,train,PNEUMONIA,1.388429752,3.182328607,d5407dabc7b51a55e76d0b40b01f0b183c7f00f53c5614ad6f5a3c0fd7c13c4a
D:/chest_xray/test/PNEUMONIA/person40_virus_87.jpeg,train,PNEUMONIA,1.354166667,2.978048965,84bfa2e1eb52bb0bb8b46a91acb95a950dae92d7c3ad053c137405a5967d05d3
D:/chest_xray/test/PNEUMONIA/person30_virus_69.jpeg,train,PNEUMONIA,1.296052632,3.257380316,d02b3ff4e2804e0b562d417c196158a749e73da728ef29ea1e96692f49ee1ac6
D:/chest_xray/test/PNEUMONIA/person112_bacteria_539.jpeg,train,PNEUMONIA,1.314606742,3.100781737,d02a3bfd729016021e1f1a7f1fe51da2b9c2b9861c86d48784cebee8ac79a378
D:/chest_xray/test/PNEUMONIA/person157_bacteria_735.jpeg,train,PNEUMONIA,1.384615385,3.205129188,98ab7df5ea821e575228ab745c23aaf2bd4a518fab885d4a554d8aaa55793a28
D:/chest_xray/test/PNEUMONIA/person126_bacteria_600.jpeg,train,PNEUMONIA,1.4,2.755290704,954a6bfdf3801e03c01f03fc1c30401d08bf027543f01ed4ebd43f8dfafe67d1
D:/chest_xray/test/PNEUMONIA/person127_bacteria_602.jpeg,test,PNEUMONIA,1.631578947,2.769853931,d002aebfe7d41ed2904b435d1d2fd2b54f02124f4bb41e2f68fa4bc17c1749e8
D:/chest_xray/test/PNEUMONIA/person150_bacteria_716.jpeg,val,PNEUMONIA,1.631578947,2.692017265,ddfe7fe0e2001a1eca5c1b45186d49445d6559f79561d8f685e18a26a8e9aaa7
D:/chest_xray/test/PNEUMONIA/person81_bacteria_395.jpeg,test,PNEUMONIA,1.561643836,2.696678305,94eb2fd4f7041a6bd3e81fc6387e97d57f54b480d606c08a9687541f97a01696
D:/chest_xray/test/PNEUMONIA/person126_bacteria_599.jpeg,train,PNEUMONIA,1.445945946,2.775720296,942a2bfd7ad01e03c21f1f5e7e061b523e10d3431f40969e179f8ea5e1af14ad
D:/chest_xray/test/PNEUMONIA/person136_bacteria_649.jpeg,train,PNEUMONIA,1.296296296,2.783235631,91550beaf7a15685deff5af85f605c6354351c303c29392f39021a07b0f2bce3
D:/chest_xray/test/PNEUMONIA/person113_bacteria_540.jpeg,val,PNEUMONIA,1.494845361,3.184047041,942b6af4a7d20701875d196581241f16b97a1f2e78725f235e3e5aa760b469bd
D:/chest_xray/test/PNEUMONIA/person109_bacteria_519.jpeg,train,PNEUMONIA,1.391752577,2.86065436,c98bb7b5e2171a5ec07e1e70ca602602986824c19a6f6f41ba65edd4bfc76de0
D:/chest_xray/test/PNEUMONIA/person124_bacteria_591.jpeg,train,PNEUMONIA,1.540229885,2.790968612,90af3fd4ea1f3c7fd8f05f4b1cb4c3d896145878c7001f07eb688e9429af03c2
D:/chest_xray/test/PNEUMONIA/person124_bacteria_592.jpeg,val,PNEUMONIA,1.543018336,3.035102247,915747eae6813e15f67a7a51b96b4ba93d0571aa6b85252eca16e79292b40d1a
D:/chest_xray/test/PNEUMONIA/person39_virus_85.jpeg,train,PNEUMONIA,1.609195402,3.134599204,d00b65b5c3d93b49c70c3b42d3e06b40b0f06bc1386bc3c3b4f539fa6d2f92f0
D:/chest_xray/test/PNEUMONIA/person1643_virus_2843.jpeg,val,PNEUMONIA,1.111801242,3.226359507,80552aaaf6a05e81dc7f5af45eaa4abf1bea5087430f1a8552fc17ac5a5e53b0
D:/chest_xray/test/PNEUMONIA/person78_bacteria_385.jpeg,train,PNEUMONIA,1.647887324,2.811754373,9ee9eb03af09fd7d812018aa5ff75a964a974a15cab5ca954a1002048ff4bfec
D:/chest_xray/test/PNEUMONIA/person38_virus_84.jpeg,val,PNEUMONIA,1.524590164,3.321466733,907f6ca0a785fa56af2a3f36a97b27ad28f4c7a728960587868b38d2a785ab40
D:/chest_xray/test/PNEUMONIA/person1662_virus_2875.jpeg,train,PNEUMONIA,1.726190476,3.054680572,d4affe80e7c23a4f836f1d2493960f2a90f04b073c79b5874b1c94a55bd66968
D:/chest_xray/test/PNEUMONIA/person103_bacteria_488.jpeg,test,PNEUMONIA,1.37804878,2.796233233,946b6db5e7843e16c70e3b4f306d1b4f38598701287d20e10a6f29f54bcf493d
D:/chest_xray/test/PNEUMONIA/person120_bacteria_570.jpeg,train,PNEUMONIA,1.510869565,2.779514099,90ee6ad0e74a1f4fd1341f12783a97b45e1a69e00b8668f22fc76e5d65c118c7
D:/chest_xray/test/PNEUMONIA/person67_virus_126.jpeg,train,PNEUMONIA,1.472727273,3.347373695,d0102daae7b13e90ae5b4b3d3b66827a4b5034ad4b7c2d47dbf4a3503e2c387c
D:/chest_xray/test/PNEUMONIA/person15_virus_46.jpeg,test,PNEUMONIA,1.147598253,3.308959892,9055653ac7a01a01c25d3856e95a6cf829eb87837947e7967f96a5da08f5387a
D:/chest_xray/test/PNEUMONIA/person143_bacteria_689.jpeg,train,PNEUMONIA,1.286486486,3.108163481,915e25aac6a01ec5c25f2b5bbc7b69f33da969c12d859a06e5849e1c696cc65a
D:/chest_xray/test/PNEUMONIA/person154_bacteria_728.jpeg,val,PNEUMONIA,1.279146141,3.292071182,d14021b5c3fe0f40ce256d2f3c9d691c31bc3942e1af93cf69c8d2bd95ac181f
D:/chest_xray/test/PNEUMONIA/person1669_virus_2884.jpeg,val,PNEUMONIA,1.75,3.053887341,915f75a8e6953a45af723b1cba78c7a97a6fb5f0682d294a87214a74a12a86b4
D:/chest_xray/test/PNEUMONIA/person31_virus_70.jpeg,train,PNEUMONIA,1.647058824,2.93805895,c00a74a9b6953a5b97684b643d2d87904f4bb86ddb40697eb1e1b6173d6870e5
D:/chest_xray/test/PNEUMONIA/person87_bacteria_434.jpeg,train,PNEUMONIA,1.357894737,3.000060778,90552beae3a41e85fa4f5e7b7c2b43d53d0b719e1d02187ecb401a4f78783ad0
D:/chest_xray/test/PNEUMONIA/person147_bacteria_707.jpeg,test,PNEUMONIA,1.271028037,3.038743649,dc432fe5e7901f42c72b4f2d7c24f2b06ec0f4a465d26ce2c2f14f0b903d42db
D:/chest_xray/test/PNEUMONIA/person82_bacteria_405.jpeg,val,PNEUMONIA,1.676056338,2.678090888,dffb6e02817f5fe05fa27caac4804f8aa8b7aa97a805ab550d3613ae57225522
D:/chest_xray/test/PNEUMONIA/person1669_virus_2885.jpeg,train,PNEUMONIA,1.714285714,3.046207574,d047f4aae7d53b40a73e3b0f8b7d0bad3872a5b4290f83e2c2b5296287a53a70
D:/chest_xray/test/PNEUMONIA/person161_bacteria_762.jpeg,test,PNEUMONIA,1.453183521,2.956909249,918a1f85da159ade90f8d1c0152d593c45b011c068db84e96b47b9edbdecfa9e
D:/chest_xray/test/PNEUMONIA/person37_virus_82.jpeg,test,PNEUMONIA,1.436170213,3.119013955,d1562fa0ee913a5b4a7e5ff21c244be51dad43f7078738b5e121da07486073c3
D:/chest_xray/test/PNEUMONIA/person147_bacteria_711.jpeg,train,PNEUMONIA,1.553921569,3.089386904,940165fbe7913a45c34a3b2cf13e4fbc394c47a13845e3f20e94107f67e13a1f
D:/chest_xray/test/PNEUMONIA/person91_bacteria_447.jpeg,train,PNEUMONIA,1.426829268,2.945991421,9cfa6ee1e7173f5ed7fd7f3db36ddf0418401100296021a1690464e1468375fd
D:/chest_xray/test/PNEUMONIA/person85_bacteria_421.jpeg,val,PNEUMONIA,1.506329114,2.757822631,905f6fe0e781de02c05a83501954d52144a1580f8d07895759fb5fab5ebea9ff
D:/chest_xray/test/PNEUMONIA/person103_bacteria_489.jpeg,train,PNEUMONIA,1.344086022,2.863256195,98aa6aa0a7903f5b956d3d2d29a52eb569f1b6b768f8a28b8e1e28293a1e1a78
D:/chest_xray/test/PNEUMONIA/person135_bacteria_646.jpeg,train,PNEUMONIA,1.714285714,2.678055914,d4fa6f810a0b1b2a0f79797fc5a15a8058b5c5c31cd7171d1e3c0eaf2c3c8d33
D:/chest_xray/test/PNEUMONIA/person1612_virus_2798.jpeg,train,PNEUMONIA,1.805555556,2.749374465,d42ff4c0e7407f6fd3b50f0fb9bd8b016c3c3bc30f28b0f09b294c34a1cbc2c1
D:/chest_xray/test/PNEUMONIA/person173_bacteria_829.jpeg,train,PNEUMONIA,1.201612903,3.003507091,c0ab3dd442905b0a1c2d697f38f198f369e6b3c23a59b31c279ead2ce9689f48
D:/chest_xray/test/PNEUMONIA/person136_bacteria_652.jpeg,train,PNEUMONIA,1.513157895,2.822988151,902a3bf5eb00be0ffe7ada785f49d87169709e016c78dc413c15f9e5b2c30838
D:/chest_xray/test/PNEUMONIA/person130_bacteria_623.jpeg,test,PNEUMONIA,1.485260771,3.166301919,857abbf5e3810e038c6fce59386de2e14e3478b03b836e6061986f2f6c8e31e5
D:/chest_xray/test/PNEUMONIA/person126_bacteria_598.jpeg,train,PNEUMONIA,1.407407407,2.756045766,94ab6bf56bd03e0bc3cf1f48403c5b827c1b4b433d4b4b421f0711f04f0f787d
D:/chest_xray/test/PNEUMONIA/person85_bacteria_424.jpeg,train,PNEUMONIA,1.632911392,2.793604263,c0aa2efeb74acd01cd054c964e21f6926c839c8bc0db6889de8dfa8bf893f493
D:/chest_xray/test/PNEUMONIA/person109_bacteria_528.jpeg,test,PNEUMONIA,1.796195652,2.973832289,91e97a87e79e365881694b583d2dc2576d2fb0e1698634b46d86c70f78d2684b
D:/chest_xray/test/PNEUMONIA/person82_bacteria_404.jpeg,val,PNEUMONIA,1.810344828,3.039683729,d00a2af2ebc01f07c93e1f21e22f4fa14ea74ab8aaa72a7da39583f7b1f08343
D:/chest_xray/test/PNEUMONIA/person114_bacteria_545.jpeg,train,PNEUMONIA,1.443478261,2.971639607,8aa92a16a8551951192a8aaa6e1d9c55c65ace6ab774975227483ff83fd0ef93
D:/chest_xray/test/PNEUMONIA/person78_bacteria_386.jpeg,test,PNEUMONIA,1.788461538,2.710066067,916a3ba5e2021a3ad2f11ad3dafffaf71ca7d47dd5e514d695e0143410784702
D:/chest_xray/test/PNEUMONIA/person172_bacteria_827.jpeg,val,PNEUMONIA,1.446808511,3.1010045,94402bbd6ad23e4a4d2d7cb45c3245330c75b42dc7d7af11e4694f08cfc9c72d
D:/chest_xray/test/PNEUMONIA/person1_virus_8.jpeg,train,PNEUMONIA,1.764705882,2.8549643,90aa7fd5e3071c5fd07c4b69103541c2348070c07e90fcd2ff80de17bdef06b7
D:/chest_xray/test/PNEUMONIA/person1641_virus_2840.jpeg,train,PNEUMONIA,1.528089888,3.019391593,915127bac7a01e41e46f6b74bcb2caf43c00b0b6cb86bca9e8d2cf86bda4c9cc
D:/chest_xray/test/PNEUMONIA/person43_virus_92.jpeg,train,PNEUMONIA,1.585106383,3.0484273,d40066bfe3d42f02bf2f2e24acbeae902860a2e92a0fa785c79c3d7c99b53d1a
D:/chest_xray/test/PNEUMONIA/person1608_virus_2786.jpeg,train,PNEUMONIA,1.34,3.00764854,d400a6bfc3d50b2be92f2db47d48c6fc694290fbcbc1b92d82f52b0a92bc4f0a
D:/chest_xray/test/PNEUMONIA/person1655_virus_2861.jpeg,train,PNEUMONIA,1.221518987,3.240897175,8055a2bfd6a81e45f62f08f27d02e1bd3bd2d0af03de1094c1fa1e0fe0f72da1
D:/chest_xray/test/PNEUMONIA/person1659_virus_2867.jpeg,val,PNEUMONIA,1.698924731,2.936497714,d00fea94c7d27b4ad12d3db6b9b2de133878e5a96e1a60e8261f3c5a258d0e38
D:/chest_xray/test/PNEUMONIA/person1615_virus_2801.jpeg,train,PNEUMONIA,1.335877863,3.516196774,917fa794c6c21b6ee6702969e0f1693730bf010f303d43ca3c2992fc6f2dda58
D:/chest_xray/test/PNEUMONIA/person1664_virus_2877.jpeg,train,PNEUMONIA,1.300813008,3.091822499,945a6ca0c7801a02d92a4f213d3e86a1685f30f74ed7087bd6cb4c1efce1fe5b
D:/chest_xray/test/PNEUMONIA/person111_bacteria_536.jpeg,train,PNEUMONIA,1.555555556,2.906572269,defeebd0eb021a1f6d7d5f527c6ae0926ecbb0e115c10daf1f820da01f203f00
D:/chest_xray/test/PNEUMONIA/person152_bacteria_724.jpeg,train,PNEUMONIA,1.442307692,3.14429952,815623adf6843e7af2f069c731a7631c3d1cc25c0d0978d2ef29381749c37dad
